frame,offset_ms,distance_m,v_mps,yaw_rate,e_pre,e_lin,e_ctrv,vdt_m,motion
1,0,10,3.491154333962337,0.13948405844139272,0.021674126879086986,0.021674126879086986,0.021674126879086986,0.0,turn
2,0,10,3.470003859850699,0.12476094064330129,0.024065236196699848,0.024065236196699848,0.024065236196699848,0.0,turn
3,0,10,3.410867340309391,0.1271275093399578,0.04691357916619742,0.04691357916619742,0.04691357916619742,0.0,turn
4,0,10,3.351719853472594,0.12832806680376113,0.006822097797428697,0.006822097797428697,0.006822097797428697,0.0,turn
5,0,10,3.3093560096943566,0.12504052193367435,0.01706418730867252,0.01706418730867252,0.01706418730867252,0.0,turn
6,0,10,3.28154223130598,0.12379435724500995,0.02348021373847535,0.02348021373847535,0.02348021373847535,0.0,turn
7,0,10,3.236472411327258,0.12030475763301161,0.022583469987645623,0.022583469987645623,0.022583469987645623,0.0,turn
8,0,10,3.209350003563438,0.11502343060405107,0.019564749135737695,0.019564749135737695,0.019564749135737695,0.0,turn
9,0,10,3.1895435061531354,0.11434897264392548,0.02054685360763588,0.02054685360763588,0.02054685360763588,0.0,turn
10,0,10,3.169427331756513,0.11538665762192188,0.01759735807960503,0.01759735807960503,0.01759735807960503,0.0,turn
11,0,10,3.162379314712214,0.11856678342200694,0.014111543330163331,0.014111543330163331,0.014111543330163331,0.0,turn
12,0,10,3.149721720449353,0.11235560483533062,0.0246453783545317,0.0246453783545317,0.0246453783545317,0.0,turn
13,0,10,3.123966356458589,0.11381986110696882,0.011089864933684182,0.011089864933684182,0.011089864933684182,0.0,turn
14,0,10,3.0937754569975873,0.11864161018256472,0.012913596450306253,0.012913596450306253,0.012913596450306253,0.0,turn
15,0,10,3.0733384931404424,0.11703543407883696,0.011932391969886144,0.011932391969886144,0.011932391969886144,0.0,turn
16,0,10,3.0888503346680904,0.10856382529640701,0.043597374287252876,0.043597374287252876,0.043597374287252876,0.0,turn
17,0,10,3.06986390010676,0.10939117990173303,0.0192314187383734,0.0192314187383734,0.0192314187383734,0.0,turn
18,0,10,3.0747065665825244,0.11179575501441401,0.025721656919941025,0.025721656919941025,0.025721656919941025,0.0,turn
19,0,10,3.1010492235898823,0.11704386988569318,0.01695696823005892,0.01695696823005892,0.01695696823005892,0.0,turn
20,0,10,3.1350875013563257,0.1207647373224056,0.02100514461361703,0.02100514461361703,0.02100514461361703,0.0,turn
21,0,10,3.174863425794385,0.11672095001069747,0.018411336966004745,0.018411336966004745,0.018411336966004745,0.0,turn
22,0,10,3.2062253206219578,0.11753697487384675,0.014096837239942584,0.014096837239942584,0.014096837239942584,0.0,turn
23,0,10,3.217800029758617,0.11753311342400496,0.0049574299952344185,0.0049574299952344185,0.0049574299952344185,0.0,turn
24,0,10,3.218504949285194,0.11643876406944319,0.017993144077322415,0.017993144077322415,0.017993144077322415,0.0,turn
25,0,10,3.2070189783837044,0.11165241352065085,0.01364537367397451,0.01364537367397451,0.01364537367397451,0.0,turn
26,0,10,3.212429841057388,0.12364907318742549,0.013886898153025407,0.013886898153025407,0.013886898153025407,0.0,turn
27,0,10,3.2063398097046054,0.11721591492875466,0.029836171134425125,0.029836171134425125,0.029836171134425125,0.0,turn
28,0,10,3.1966984783550103,0.11256841770770074,0.01586714011890833,0.01586714011890833,0.01586714011890833,0.0,turn
29,0,10,3.205451733993647,0.11673528131085292,0.030401005131049992,0.030401005131049992,0.030401005131049992,0.0,turn
30,0,10,3.234686017996923,0.11687048690153959,0.025978656569369058,0.025978656569369058,0.025978656569369058,0.0,turn
31,0,10,3.2709320438243643,0.11841573217462135,0.0343173346956153,0.0343173346956153,0.0343173346956153,0.0,turn
32,0,10,3.3167008324568776,0.12424538380910988,0.012167911603649635,0.012167911603649635,0.012167911603649635,0.0,turn
33,0,10,3.388974286798428,0.12803253345943794,0.021309557324385456,0.021309557324385456,0.021309557324385456,0.0,turn
34,0,10,3.4751118579231277,0.12242672886554168,0.011582372057481284,0.011582372057481284,0.011582372057481284,0.0,turn
35,0,10,3.561563405934483,0.12659383714492556,0.017580898242552434,0.017580898242552434,0.017580898242552434,0.0,turn
36,0,10,3.6412915816900058,0.13762501867379287,0.034127499205042176,0.034127499205042176,0.034127499205042176,0.0,turn
37,0,10,3.7208905738250704,0.14076947779865953,0.020905131539042034,0.020905131539042034,0.020905131539042034,0.0,turn
38,0,10,3.8099680313516964,0.14394562266205793,0.014100427149237272,0.014100427149237272,0.014100427149237272,0.0,turn
39,0,10,3.9054808152175733,0.14590252902930828,0.009114376719190173,0.009114376719190173,0.009114376719190173,0.0,turn
40,0,10,4.0050918309988415,0.15772457190785572,0.013957917074707442,0.013957917074707442,0.013957917074707442,0.0,turn
41,0,10,4.101529441726828,0.16717394019411483,0.016084645710773362,0.016084645710773362,0.016084645710773362,0.0,turn
42,0,10,4.187937746837585,0.16862135736613845,0.010536259587158084,0.010536259587158084,0.010536259587158084,0.0,turn
43,0,10,4.265685626600256,0.17438667489574644,0.02582382353568317,0.02582382353568317,0.02582382353568317,0.0,turn
44,0,10,4.333699903927835,0.1837675488703586,0.00939137178458216,0.00939137178458216,0.00939137178458216,0.0,turn
45,0,10,4.384177423633345,0.18798939618012495,0.013122613172933908,0.013122613172933908,0.013122613172933908,0.0,turn
46,0,10,4.408596120666882,0.19146291397334772,0.013452683507788003,0.013452683507788003,0.013452683507788003,0.0,turn
47,0,10,4.40948975510394,0.1896966799384382,0.008614788543651788,0.008614788543651788,0.008614788543651788,0.0,turn
48,0,10,4.402979223212519,0.1856182949629417,0.044457764225667794,0.044457764225667794,0.044457764225667794,0.0,turn
49,0,10,4.389128249052325,0.18133774394292043,0.03313026108972526,0.03313026108972526,0.03313026108972526,0.0,turn
50,0,10,4.373644451295517,0.1782609602186112,0.019796077915063368,0.019796077915063368,0.019796077915063368,0.0,turn
51,0,10,4.348355875003692,0.1713868378497687,0.027062897753530882,0.027062897753530882,0.027062897753530882,0.0,turn
52,0,10,4.315686914532399,0.16506023776716874,0.01638112610058098,0.01638112610058098,0.01638112610058098,0.0,turn
53,0,10,4.285209335924377,0.15777690758674354,0.019119064439555137,0.019119064439555137,0.019119064439555137,0.0,turn
54,0,10,4.254220412556105,0.14738227878326685,0.020174095581920744,0.020174095581920744,0.020174095581920744,0.0,turn
55,0,10,4.215114622434393,0.1405756347553371,0.038417462749400284,0.038417462749400284,0.038417462749400284,0.0,turn
56,0,10,4.1782564445344335,0.13219164006850406,0.009904385264882564,0.009904385264882564,0.009904385264882564,0.0,turn
57,0,10,4.144212135843539,0.12078261728788167,0.0312672191797914,0.0312672191797914,0.0312672191797914,0.0,turn
58,0,10,4.1103026117781924,0.10784504047469877,0.010687660077581701,0.010687660077581701,0.010687660077581701,0.0,turn
59,0,10,4.072664677845869,0.09435169616724005,0.004674001950979094,0.004674001950979094,0.004674001950979094,0.0,mild
60,0,10,4.037021348196095,0.07988197625339782,0.03239127495536201,0.03239127495536201,0.03239127495536201,0.0,mild
61,0,10,4.0045444346770935,0.0637948607365285,0.020781596384225942,0.020781596384225942,0.020781596384225942,0.0,mild
62,0,10,3.9736390315082954,0.04801063539050756,0.027537533699634874,0.027537533699634874,0.027537533699634874,0.0,mild
63,0,10,3.9418220464683986,0.030968142410017416,0.018163344911241316,0.018163344911241316,0.018163344911241316,0.0,mild
64,0,10,3.91278405563668,0.013286824349862968,0.037706301599465926,0.037706301599465926,0.037706301599465926,0.0,straight
65,0,10,3.886913963813294,-0.0043872568953699335,0.02251954705447824,0.02251954705447824,0.02251954705447824,0.0,straight
66,0,10,3.8682197091972577,-0.02133773534054085,0.028616194236897933,0.028616194236897933,0.028616194236897933,0.0,mild
67,0,10,3.896282692472503,-0.03970990919414759,0.013458077906520462,0.013458077906520462,0.013458077906520462,0.0,mild
68,0,10,3.9524687553875273,-0.060532459860848625,0.035747290952656545,0.035747290952656545,0.035747290952656545,0.0,mild
69,0,10,4.001219072389032,-0.07679895279543947,0.017896894438460695,0.017896894438460695,0.017896894438460695,0.0,mild
70,0,10,4.034563805356056,-0.09267911749122619,0.0706470911634557,0.0706470911634557,0.0706470911634557,0.0,mild
71,0,10,4.04555010707655,-0.11139304977860812,0.021456196022445844,0.021456196022445844,0.021456196022445844,0.0,turn
72,0,10,4.039844904708783,-0.132396591409751,0.04297576419448848,0.04297576419448848,0.04297576419448848,0.0,turn
73,0,10,4.024838882944292,-0.14794160330192674,0.018258092759412058,0.018258092759412058,0.018258092759412058,0.0,turn
74,0,10,4.0084326146222145,-0.1594092327690259,0.012561601253295626,0.012561601253295626,0.012561601253295626,0.0,turn
75,0,10,3.994327511075574,-0.17726462607787907,0.021549738791611525,0.021549738791611525,0.021549738791611525,0.0,turn
76,0,10,3.980442867835382,-0.19535924717368472,0.020954653013251584,0.020954653013251584,0.020954653013251584,0.0,turn
77,0,10,3.9531587689940144,-0.20509510079480797,0.03487726106053188,0.03487726106053188,0.03487726106053188,0.0,turn
78,0,10,3.931185188259808,-0.20737638049773077,0.03537495578571492,0.03537495578571492,0.03537495578571492,0.0,turn
79,0,10,3.909739026688665,-0.21195894432180715,0.019826733442208255,0.019826733442208255,0.019826733442208255,0.0,turn
80,0,10,3.900213965145786,-0.22078782521767223,0.025716825809509545,0.025716825809509545,0.025716825809509545,0.0,turn
81,0,10,3.920683672215637,-0.23020122604863352,0.02414459119077645,0.02414459119077645,0.02414459119077645,0.0,turn
82,0,10,3.964473617621556,-0.2360212929170127,0.04562919889149802,0.04562919889149802,0.04562919889149802,0.0,turn
83,0,10,4.008820569472842,-0.24317813644260486,0.02464420121416551,0.02464420121416551,0.02464420121416551,0.0,turn
84,0,10,4.049951710877417,-0.24701107702218944,0.020159519087732027,0.020159519087732027,0.020159519087732027,0.0,turn
85,0,10,4.09010481620669,-0.2500637803867939,0.003237098362401971,0.003237098362401971,0.003237098362401971,0.0,turn
86,0,10,4.126866200603103,-0.25061831158491527,0.01584584910972793,0.01584584910972793,0.01584584910972793,0.0,turn
87,0,10,4.1628293305239445,-0.249572337937553,0.02614665910255127,0.02614665910255127,0.02614665910255127,0.0,turn
88,0,10,4.200178957222218,-0.24950010606627862,0.025790781556217453,0.025790781556217453,0.025790781556217453,0.0,turn
89,0,10,4.239067595970982,-0.24449994647905088,0.03174351280174278,0.03174351280174278,0.03174351280174278,0.0,turn
90,0,10,4.284720817910564,-0.24137910832111723,0.00618939850073575,0.00618939850073575,0.00618939850073575,0.0,turn
91,0,10,4.336767649607838,-0.24453090232676727,0.026485990494945013,0.026485990494945013,0.026485990494945013,0.0,turn
92,0,10,4.390818299521137,-0.2420276326846926,0.023602846430435937,0.023602846430435937,0.023602846430435937,0.0,turn
93,0,10,4.448484749972631,-0.2362585893875988,0.03188967576175258,0.03188967576175258,0.03188967576175258,0.0,turn
94,0,10,4.5066068268644175,-0.23722881728699186,0.024762061857824792,0.024762061857824792,0.024762061857824792,0.0,turn
95,0,10,4.558673539899943,-0.2376704854043547,0.04288320245458843,0.04288320245458843,0.04288320245458843,0.0,turn
96,0,10,4.612331016791983,-0.24213265982719678,0.0346597787929514,0.0346597787929514,0.0346597787929514,0.0,turn
97,0,10,4.666247747443793,-0.24703609732047094,0.03021689555468293,0.03021689555468293,0.03021689555468293,0.0,turn
98,0,10,4.726934078065386,-0.24814610568078466,0.028468133627481622,0.028468133627481622,0.028468133627481622,0.0,turn
99,0,10,4.795645624403405,-0.24806325638629978,0.015094138832698868,0.015094138832698868,0.015094138832698868,0.0,turn
100,0,10,4.873012145686456,-0.25175531806362844,0.003270462633747442,0.003270462633747442,0.003270462633747442,0.0,turn
101,0,10,4.95069954315631,-0.2462183790675647,0.028947965496206908,0.028947965496206908,0.028947965496206908,0.0,turn
102,0,10,5.0318031601104485,-0.23830776133511122,0.013005580261487463,0.013005580261487463,0.013005580261487463,0.0,turn
103,0,10,5.108621692311981,-0.2346100998271954,0.041015017379156506,0.041015017379156506,0.041015017379156506,0.0,turn
104,0,10,5.184939096359899,-0.23394106163554393,0.029641474760864966,0.029641474760864966,0.029641474760864966,0.0,turn
105,0,10,5.268469014531124,-0.2375458040180992,0.018791381568887367,0.018791381568887367,0.018791381568887367,0.0,turn
106,0,10,5.355929524846915,-0.2381166915961337,0.032237835589673074,0.032237835589673074,0.032237835589673074,0.0,turn
107,0,10,5.439925934120936,-0.23010606759724223,0.009702748652070721,0.009702748652070721,0.009702748652070721,0.0,turn
108,0,10,5.522629956733324,-0.22127139534740317,0.02109874795316984,0.02109874795316984,0.02109874795316984,0.0,turn
109,0,10,5.601532580319948,-0.21746464752874897,0.0288319400757818,0.0288319400757818,0.0288319400757818,0.0,turn
110,0,10,5.668720928569259,-0.217596565763652,0.014257743491303923,0.014257743491303923,0.014257743491303923,0.0,turn
111,0,10,5.710471060768994,-0.2139552475664594,0.006600529180963881,0.006600529180963881,0.006600529180963881,0.0,turn
112,0,10,5.728928003448434,-0.2090143221425607,0.02197339884603717,0.02197339884603717,0.02197339884603717,0.0,turn
113,0,10,5.731906335962973,-0.2007606800414041,0.004910257478262569,0.004910257478262569,0.004910257478262569,0.0,turn
114,0,10,5.727152390148733,-0.18949510272952363,0.06280197839098701,0.06280197839098701,0.06280197839098701,0.0,turn
115,0,10,5.720870029381267,-0.17963467909953107,0.018006814396424833,0.018006814396424833,0.018006814396424833,0.0,turn
116,0,10,5.713191290566287,-0.1783439475814412,0.031563252488209924,0.031563252488209924,0.031563252488209924,0.0,turn
117,0,10,5.703503581536908,-0.17992336976602852,0.024929416144792178,0.024929416144792178,0.024929416144792178,0.0,turn
118,0,10,5.692891601309056,-0.17851032544326723,0.01959051614952498,0.01959051614952498,0.01959051614952498,0.0,turn
119,0,10,5.6845317194377625,-0.17791362176594117,0.043068830394818,0.043068830394818,0.043068830394818,0.0,turn
120,0,10,5.678413176799193,-0.1792437024638109,0.023740518021105994,0.023740518021105994,0.023740518021105994,0.0,turn
121,0,10,5.675158581700474,-0.17857026817039046,0.01763825675539469,0.01763825675539469,0.01763825675539469,0.0,turn
122,0,10,5.6752394479115065,-0.17802026046274355,0.04579008997503838,0.04579008997503838,0.04579008997503838,0.0,turn
123,0,10,5.673541337220017,-0.17828477179285945,0.04976404391467529,0.04976404391467529,0.04976404391467529,0.0,turn
124,0,10,5.673552370958142,-0.17785355511925818,0.04278873644143472,0.04278873644143472,0.04278873644143472,0.0,turn
125,0,10,5.677781942675531,-0.1757218923835664,0.0626481719560114,0.0626481719560114,0.0626481719560114,0.0,turn
126,0,10,5.69098677182984,-0.16643022528754933,0.010045247404694204,0.010045247404694204,0.010045247404694204,0.0,turn
127,0,10,5.708733244772857,-0.15124676668798956,0.039810965519651284,0.039810965519651284,0.039810965519651284,0.0,turn
128,0,10,5.726083900387766,-0.11504109563567456,0.016302330248990998,0.016302330248990998,0.016302330248990998,0.0,turn
129,0,10,5.743814496309597,-0.08128621790294915,0.011498085569876795,0.011498085569876795,0.011498085569876795,0.0,mild
130,0,10,5.765244074752958,-0.05601023240806094,0.027627863252195357,0.027627863252195357,0.027627863252195357,0.0,mild
131,0,10,5.787884694451569,-0.0307427399126232,0.007146720287019566,0.007146720287019566,0.007146720287019566,0.0,mild
132,0,10,5.811544505718512,-0.0020996213813241488,0.012038125728041683,0.012038125728041683,0.012038125728041683,0.0,straight
133,0,10,5.841062267429669,0.022480740245895227,0.02234226403842484,0.02234226403842484,0.02234226403842484,0.0,mild
134,0,10,5.874571866422378,0.051806250948525756,0.007691315797687853,0.007691315797687853,0.007691315797687853,0.0,mild
135,0,10,5.908870623749537,0.07748752689146549,0.0010631082914358894,0.0010631082914358894,0.0010631082914358894,0.0,mild
136,0,10,5.936212184931454,0.09723822520301584,0.01575835795306402,0.01575835795306402,0.01575835795306402,0.0,mild
137,0,10,5.96199077195021,0.12055429826098983,0.04190855880004668,0.04190855880004668,0.04190855880004668,0.0,turn
138,0,10,5.985154306992397,0.13628038689868063,0.03239952599197817,0.03239952599197817,0.03239952599197817,0.0,turn
139,0,10,6.015482067954522,0.1372482110778995,0.02697936684406523,0.02697936684406523,0.02697936684406523,0.0,turn
140,0,10,6.04634999992617,0.14538829406331513,0.02439556262937263,0.02439556262937263,0.02439556262937263,0.0,turn
141,0,10,6.082010723111775,0.14850208647824986,0.03618904781155632,0.03618904781155632,0.03618904781155632,0.0,turn
142,0,10,6.117552391680048,0.14204661722013467,0.020655652793924954,0.020655652793924954,0.020655652793924954,0.0,turn
143,0,10,6.1523569051184435,0.14057721124274933,0.024127925306001097,0.024127925306001097,0.024127925306001097,0.0,turn
144,0,10,6.189958479450354,0.14185695649634908,0.005377714339881632,0.005377714339881632,0.005377714339881632,0.0,turn
145,0,10,6.231359795130858,0.13370121552801292,0.006199155537369339,0.006199155537369339,0.006199155537369339,0.0,turn
146,0,10,6.270857692719403,0.12821864180097492,0.005891278952036043,0.005891278952036043,0.005891278952036043,0.0,turn
147,0,10,6.311087703372584,0.1271064428394585,0.05917102053873098,0.05917102053873098,0.05917102053873098,0.0,turn
148,0,10,6.346504904822964,0.11757051144635859,0.005907780723658563,0.005907780723658563,0.005907780723658563,0.0,turn
149,0,10,6.373829013529926,0.11033664321696698,0.00950647984756221,0.00950647984756221,0.00950647984756221,0.0,turn
150,0,10,6.401130773926297,0.10419550414982305,0.035741586189595546,0.035741586189595546,0.035741586189595546,0.0,turn
151,0,10,6.425398435437228,0.09344426664264212,0.04620159985049846,0.04620159985049846,0.04620159985049846,0.0,mild
152,0,10,6.443698665009836,0.08264679630828639,0.018483805446678988,0.018483805446678988,0.018483805446678988,0.0,mild
153,0,10,6.457973979097285,0.07292896475841829,0.02109365733327687,0.02109365733327687,0.02109365733327687,0.0,mild
1,0,20,3.491154333962337,0.13948405844139272,0.026847546475855934,0.026847546475855934,0.026847546475855934,0.0,turn
2,0,20,3.470003859850699,0.12476094064330129,0.036553471130680214,0.036553471130680214,0.036553471130680214,0.0,turn
3,0,20,3.410867340309391,0.1271275093399578,0.025132416262027057,0.025132416262027057,0.025132416262027057,0.0,turn
4,0,20,3.351719853472594,0.12832806680376113,0.03596677703091533,0.03596677703091533,0.03596677703091533,0.0,turn
5,0,20,3.3093560096943566,0.12504052193367435,0.017589982960723723,0.017589982960723723,0.017589982960723723,0.0,turn
6,0,20,3.28154223130598,0.12379435724500995,0.014011828359140324,0.014011828359140324,0.014011828359140324,0.0,turn
7,0,20,3.236472411327258,0.12030475763301161,0.030774507579188985,0.030774507579188985,0.030774507579188985,0.0,turn
8,0,20,3.209350003563438,0.11502343060405107,0.016104904644348477,0.016104904644348477,0.016104904644348477,0.0,turn
9,0,20,3.1895435061531354,0.11434897264392548,0.027825340912152007,0.027825340912152007,0.027825340912152007,0.0,turn
10,0,20,3.169427331756513,0.11538665762192188,0.039236636352077296,0.039236636352077296,0.039236636352077296,0.0,turn
11,0,20,3.162379314712214,0.11856678342200694,0.031469307540876595,0.031469307540876595,0.031469307540876595,0.0,turn
12,0,20,3.149721720449353,0.11235560483533062,0.025629786222266235,0.025629786222266235,0.025629786222266235,0.0,turn
13,0,20,3.123966356458589,0.11381986110696882,0.03280402864028767,0.03280402864028767,0.03280402864028767,0.0,turn
14,0,20,3.0937754569975873,0.11864161018256472,0.024626218897880102,0.024626218897880102,0.024626218897880102,0.0,turn
15,0,20,3.0733384931404424,0.11703543407883696,0.024340035026065136,0.024340035026065136,0.024340035026065136,0.0,turn
16,0,20,3.0888503346680904,0.10856382529640701,0.014802421184139786,0.014802421184139786,0.014802421184139786,0.0,turn
17,0,20,3.06986390010676,0.10939117990173303,0.02611770610783241,0.02611770610783241,0.02611770610783241,0.0,turn
18,0,20,3.0747065665825244,0.11179575501441401,0.04622833208304928,0.04622833208304928,0.04622833208304928,0.0,turn
19,0,20,3.1010492235898823,0.11704386988569318,0.008402237892336345,0.008402237892336345,0.008402237892336345,0.0,turn
20,0,20,3.1350875013563257,0.1207647373224056,0.052417882146974834,0.052417882146974834,0.052417882146974834,0.0,turn
21,0,20,3.174863425794385,0.11672095001069747,0.016716142396975213,0.016716142396975213,0.016716142396975213,0.0,turn
22,0,20,3.2062253206219578,0.11753697487384675,0.04326599790520836,0.04326599790520836,0.04326599790520836,0.0,turn
23,0,20,3.217800029758617,0.11753311342400496,0.018465005163356012,0.018465005163356012,0.018465005163356012,0.0,turn
24,0,20,3.218504949285194,0.11643876406944319,0.01988152919409791,0.01988152919409791,0.01988152919409791,0.0,turn
25,0,20,3.2070189783837044,0.11165241352065085,0.02187111006072204,0.02187111006072204,0.02187111006072204,0.0,turn
26,0,20,3.212429841057388,0.12364907318742549,0.007156234918537491,0.007156234918537491,0.007156234918537491,0.0,turn
27,0,20,3.2063398097046054,0.11721591492875466,0.017517188788628825,0.017517188788628825,0.017517188788628825,0.0,turn
28,0,20,3.1966984783550103,0.11256841770770074,0.008252368826698239,0.008252368826698239,0.008252368826698239,0.0,turn
29,0,20,3.205451733993647,0.11673528131085292,0.029121450249327163,0.029121450249327163,0.029121450249327163,0.0,turn
30,0,20,3.234686017996923,0.11687048690153959,0.029734409678695766,0.029734409678695766,0.029734409678695766,0.0,turn
31,0,20,3.2709320438243643,0.11841573217462135,0.022172221764744225,0.022172221764744225,0.022172221764744225,0.0,turn
32,0,20,3.3167008324568776,0.12424538380910988,0.017365645915589097,0.017365645915589097,0.017365645915589097,0.0,turn
33,0,20,3.388974286798428,0.12803253345943794,0.026580194172956068,0.026580194172956068,0.026580194172956068,0.0,turn
34,0,20,3.4751118579231277,0.12242672886554168,0.024022963627173727,0.024022963627173727,0.024022963627173727,0.0,turn
35,0,20,3.561563405934483,0.12659383714492556,0.04785400318715399,0.04785400318715399,0.04785400318715399,0.0,turn
36,0,20,3.6412915816900058,0.13762501867379287,0.04027998457490272,0.04027998457490272,0.04027998457490272,0.0,turn
37,0,20,3.7208905738250704,0.14076947779865953,0.033365376218740944,0.033365376218740944,0.033365376218740944,0.0,turn
38,0,20,3.8099680313516964,0.14394562266205793,0.026279735055668895,0.026279735055668895,0.026279735055668895,0.0,turn
39,0,20,3.9054808152175733,0.14590252902930828,0.04066377447062209,0.04066377447062209,0.04066377447062209,0.0,turn
40,0,20,4.0050918309988415,0.15772457190785572,0.03574769071724081,0.03574769071724081,0.03574769071724081,0.0,turn
41,0,20,4.101529441726828,0.16717394019411483,0.013682883320456439,0.013682883320456439,0.013682883320456439,0.0,turn
42,0,20,4.187937746837585,0.16862135736613845,0.02879051833402212,0.02879051833402212,0.02879051833402212,0.0,turn
43,0,20,4.265685626600256,0.17438667489574644,0.04621485562105187,0.04621485562105187,0.04621485562105187,0.0,turn
44,0,20,4.333699903927835,0.1837675488703586,0.013169782278702937,0.013169782278702937,0.013169782278702937,0.0,turn
45,0,20,4.384177423633345,0.18798939618012495,0.014308732814654716,0.014308732814654716,0.014308732814654716,0.0,turn
46,0,20,4.408596120666882,0.19146291397334772,0.01587879292020347,0.01587879292020347,0.01587879292020347,0.0,turn
47,0,20,4.40948975510394,0.1896966799384382,0.017635566330893804,0.017635566330893804,0.017635566330893804,0.0,turn
48,0,20,4.402979223212519,0.1856182949629417,0.00532845539323156,0.00532845539323156,0.00532845539323156,0.0,turn
49,0,20,4.389128249052325,0.18133774394292043,0.018202187667150718,0.018202187667150718,0.018202187667150718,0.0,turn
50,0,20,4.373644451295517,0.1782609602186112,0.011701035368452883,0.011701035368452883,0.011701035368452883,0.0,turn
51,0,20,4.348355875003692,0.1713868378497687,0.016756109359640566,0.016756109359640566,0.016756109359640566,0.0,turn
52,0,20,4.315686914532399,0.16506023776716874,0.04755262407115091,0.04755262407115091,0.04755262407115091,0.0,turn
53,0,20,4.285209335924377,0.15777690758674354,0.05529064205526818,0.05529064205526818,0.05529064205526818,0.0,turn
54,0,20,4.254220412556105,0.14738227878326685,0.020215774245277256,0.020215774245277256,0.020215774245277256,0.0,turn
55,0,20,4.215114622434393,0.1405756347553371,0.006936277035793192,0.006936277035793192,0.006936277035793192,0.0,turn
56,0,20,4.1782564445344335,0.13219164006850406,0.03434615099807463,0.03434615099807463,0.03434615099807463,0.0,turn
57,0,20,4.144212135843539,0.12078261728788167,0.02710700879447779,0.02710700879447779,0.02710700879447779,0.0,turn
58,0,20,4.1103026117781924,0.10784504047469877,0.016849013104197234,0.016849013104197234,0.016849013104197234,0.0,turn
59,0,20,4.072664677845869,0.09435169616724005,0.03190799363001083,0.03190799363001083,0.03190799363001083,0.0,mild
60,0,20,4.037021348196095,0.07988197625339782,0.019151581564842753,0.019151581564842753,0.019151581564842753,0.0,mild
61,0,20,4.0045444346770935,0.0637948607365285,0.03798314202495889,0.03798314202495889,0.03798314202495889,0.0,mild
62,0,20,3.9736390315082954,0.04801063539050756,0.02873840052104084,0.02873840052104084,0.02873840052104084,0.0,mild
63,0,20,3.9418220464683986,0.030968142410017416,0.022874168969497163,0.022874168969497163,0.022874168969497163,0.0,mild
64,0,20,3.91278405563668,0.013286824349862968,0.03671185014738494,0.03671185014738494,0.03671185014738494,0.0,straight
65,0,20,3.886913963813294,-0.0043872568953699335,0.022160876941619466,0.022160876941619466,0.022160876941619466,0.0,straight
66,0,20,3.8682197091972577,-0.02133773534054085,0.023911668164269553,0.023911668164269553,0.023911668164269553,0.0,mild
67,0,20,3.896282692472503,-0.03970990919414759,0.01563555992462351,0.01563555992462351,0.01563555992462351,0.0,mild
68,0,20,3.9524687553875273,-0.060532459860848625,0.007585041392658472,0.007585041392658472,0.007585041392658472,0.0,mild
69,0,20,4.001219072389032,-0.07679895279543947,0.02738711110528862,0.02738711110528862,0.02738711110528862,0.0,mild
70,0,20,4.034563805356056,-0.09267911749122619,0.030322343948993476,0.030322343948993476,0.030322343948993476,0.0,mild
71,0,20,4.04555010707655,-0.11139304977860812,0.022350374445853558,0.022350374445853558,0.022350374445853558,0.0,turn
72,0,20,4.039844904708783,-0.132396591409751,0.023573666057031515,0.023573666057031515,0.023573666057031515,0.0,turn
73,0,20,4.024838882944292,-0.14794160330192674,0.007452292965140562,0.007452292965140562,0.007452292965140562,0.0,turn
74,0,20,4.0084326146222145,-0.1594092327690259,0.05699227360910634,0.05699227360910634,0.05699227360910634,0.0,turn
75,0,20,3.994327511075574,-0.17726462607787907,0.00349140476597314,0.00349140476597314,0.00349140476597314,0.0,turn
76,0,20,3.980442867835382,-0.19535924717368472,0.02737469969796296,0.02737469969796296,0.02737469969796296,0.0,turn
77,0,20,3.9531587689940144,-0.20509510079480797,0.006681459721353851,0.006681459721353851,0.006681459721353851,0.0,turn
78,0,20,3.931185188259808,-0.20737638049773077,0.017810580360561764,0.017810580360561764,0.017810580360561764,0.0,turn
79,0,20,3.909739026688665,-0.21195894432180715,0.05224551709641247,0.05224551709641247,0.05224551709641247,0.0,turn
80,0,20,3.900213965145786,-0.22078782521767223,0.02415723720110875,0.02415723720110875,0.02415723720110875,0.0,turn
81,0,20,3.920683672215637,-0.23020122604863352,0.03918584378660029,0.03918584378660029,0.03918584378660029,0.0,turn
82,0,20,3.964473617621556,-0.2360212929170127,0.029317848832561496,0.029317848832561496,0.029317848832561496,0.0,turn
83,0,20,4.008820569472842,-0.24317813644260486,0.010707265914624666,0.010707265914624666,0.010707265914624666,0.0,turn
84,0,20,4.049951710877417,-0.24701107702218944,0.006788472249813033,0.006788472249813033,0.006788472249813033,0.0,turn
85,0,20,4.09010481620669,-0.2500637803867939,0.01412047011942311,0.01412047011942311,0.01412047011942311,0.0,turn
86,0,20,4.126866200603103,-0.25061831158491527,0.031214118574941923,0.031214118574941923,0.031214118574941923,0.0,turn
87,0,20,4.1628293305239445,-0.249572337937553,0.05195362922282434,0.05195362922282434,0.05195362922282434,0.0,turn
88,0,20,4.200178957222218,-0.24950010606627862,0.029009435661624883,0.029009435661624883,0.029009435661624883,0.0,turn
89,0,20,4.239067595970982,-0.24449994647905088,0.011758877114289589,0.011758877114289589,0.011758877114289589,0.0,turn
90,0,20,4.284720817910564,-0.24137910832111723,0.0035923849951639787,0.0035923849951639787,0.0035923849951639787,0.0,turn
91,0,20,4.336767649607838,-0.24453090232676727,0.01780732508071103,0.01780732508071103,0.01780732508071103,0.0,turn
92,0,20,4.390818299521137,-0.2420276326846926,0.021615913502466808,0.021615913502466808,0.021615913502466808,0.0,turn
93,0,20,4.448484749972631,-0.2362585893875988,0.022910199951209746,0.022910199951209746,0.022910199951209746,0.0,turn
94,0,20,4.5066068268644175,-0.23722881728699186,0.01073355644060791,0.01073355644060791,0.01073355644060791,0.0,turn
95,0,20,4.558673539899943,-0.2376704854043547,0.019703070615382887,0.019703070615382887,0.019703070615382887,0.0,turn
96,0,20,4.612331016791983,-0.24213265982719678,0.037238048019924454,0.037238048019924454,0.037238048019924454,0.0,turn
97,0,20,4.666247747443793,-0.24703609732047094,0.04979373167782922,0.04979373167782922,0.04979373167782922,0.0,turn
98,0,20,4.726934078065386,-0.24814610568078466,0.03262806358863907,0.03262806358863907,0.03262806358863907,0.0,turn
99,0,20,4.795645624403405,-0.24806325638629978,0.033317673637292045,0.033317673637292045,0.033317673637292045,0.0,turn
100,0,20,4.873012145686456,-0.25175531806362844,0.060278747822222006,0.060278747822222006,0.060278747822222006,0.0,turn
101,0,20,4.95069954315631,-0.2462183790675647,0.049183465356062585,0.049183465356062585,0.049183465356062585,0.0,turn
102,0,20,5.0318031601104485,-0.23830776133511122,0.01455226091826597,0.01455226091826597,0.01455226091826597,0.0,turn
103,0,20,5.108621692311981,-0.2346100998271954,0.031780447836920536,0.031780447836920536,0.031780447836920536,0.0,turn
104,0,20,5.184939096359899,-0.23394106163554393,0.0026312802877348595,0.0026312802877348595,0.0026312802877348595,0.0,turn
105,0,20,5.268469014531124,-0.2375458040180992,0.017252879806806724,0.017252879806806724,0.017252879806806724,0.0,turn
106,0,20,5.355929524846915,-0.2381166915961337,0.01918870569291706,0.01918870569291706,0.01918870569291706,0.0,turn
107,0,20,5.439925934120936,-0.23010606759724223,0.03719950584033953,0.03719950584033953,0.03719950584033953,0.0,turn
108,0,20,5.522629956733324,-0.22127139534740317,0.02629976173012313,0.02629976173012313,0.02629976173012313,0.0,turn
109,0,20,5.601532580319948,-0.21746464752874897,0.026988385015805347,0.026988385015805347,0.026988385015805347,0.0,turn
110,0,20,5.668720928569259,-0.217596565763652,0.02943842629710017,0.02943842629710017,0.02943842629710017,0.0,turn
111,0,20,5.710471060768994,-0.2139552475664594,0.029219487668646106,0.029219487668646106,0.029219487668646106,0.0,turn
112,0,20,5.728928003448434,-0.2090143221425607,0.03171765825235294,0.03171765825235294,0.03171765825235294,0.0,turn
113,0,20,5.731906335962973,-0.2007606800414041,0.020165204465003295,0.020165204465003295,0.020165204465003295,0.0,turn
114,0,20,5.727152390148733,-0.18949510272952363,0.012740735483142604,0.012740735483142604,0.012740735483142604,0.0,turn
115,0,20,5.720870029381267,-0.17963467909953107,0.033811066968328064,0.033811066968328064,0.033811066968328064,0.0,turn
116,0,20,5.713191290566287,-0.1783439475814412,0.025359404068924615,0.025359404068924615,0.025359404068924615,0.0,turn
117,0,20,5.703503581536908,-0.17992336976602852,0.050403048027625456,0.050403048027625456,0.050403048027625456,0.0,turn
118,0,20,5.692891601309056,-0.17851032544326723,0.037559712225808825,0.037559712225808825,0.037559712225808825,0.0,turn
119,0,20,5.6845317194377625,-0.17791362176594117,0.006114264693072998,0.006114264693072998,0.006114264693072998,0.0,turn
120,0,20,5.678413176799193,-0.1792437024638109,0.005984647549271429,0.005984647549271429,0.005984647549271429,0.0,turn
121,0,20,5.675158581700474,-0.17857026817039046,0.020576799793172097,0.020576799793172097,0.020576799793172097,0.0,turn
122,0,20,5.6752394479115065,-0.17802026046274355,0.01937795245268468,0.01937795245268468,0.01937795245268468,0.0,turn
123,0,20,5.673541337220017,-0.17828477179285945,0.013534898393931894,0.013534898393931894,0.013534898393931894,0.0,turn
124,0,20,5.673552370958142,-0.17785355511925818,0.04113094688281337,0.04113094688281337,0.04113094688281337,0.0,turn
125,0,20,5.677781942675531,-0.1757218923835664,0.006383901553564528,0.006383901553564528,0.006383901553564528,0.0,turn
126,0,20,5.69098677182984,-0.16643022528754933,0.02556067319479079,0.02556067319479079,0.02556067319479079,0.0,turn
127,0,20,5.708733244772857,-0.15124676668798956,0.030585425902814,0.030585425902814,0.030585425902814,0.0,turn
128,0,20,5.726083900387766,-0.11504109563567456,0.006833709074516239,0.006833709074516239,0.006833709074516239,0.0,turn
129,0,20,5.743814496309597,-0.08128621790294915,0.015344833282146336,0.015344833282146336,0.015344833282146336,0.0,mild
130,0,20,5.765244074752958,-0.05601023240806094,0.023298612398672234,0.023298612398672234,0.023298612398672234,0.0,mild
131,0,20,5.787884694451569,-0.0307427399126232,0.013443021595257463,0.013443021595257463,0.013443021595257463,0.0,mild
132,0,20,5.811544505718512,-0.0020996213813241488,0.011594951555539995,0.011594951555539995,0.011594951555539995,0.0,straight
133,0,20,5.841062267429669,0.022480740245895227,0.02899443998192747,0.02899443998192747,0.02899443998192747,0.0,mild
134,0,20,5.874571866422378,0.051806250948525756,0.01874154183243802,0.01874154183243802,0.01874154183243802,0.0,mild
135,0,20,5.908870623749537,0.07748752689146549,0.02934313532951692,0.02934313532951692,0.02934313532951692,0.0,mild
136,0,20,5.936212184931454,0.09723822520301584,0.036566500839296044,0.036566500839296044,0.036566500839296044,0.0,mild
137,0,20,5.96199077195021,0.12055429826098983,0.008851306340133995,0.008851306340133995,0.008851306340133995,0.0,turn
138,0,20,5.985154306992397,0.13628038689868063,0.0534597560512373,0.0534597560512373,0.0534597560512373,0.0,turn
139,0,20,6.015482067954522,0.1372482110778995,0.022233085881718854,0.022233085881718854,0.022233085881718854,0.0,turn
140,0,20,6.04634999992617,0.14538829406331513,0.042424312680974394,0.042424312680974394,0.042424312680974394,0.0,turn
141,0,20,6.082010723111775,0.14850208647824986,0.028884370522207315,0.028884370522207315,0.028884370522207315,0.0,turn
142,0,20,6.117552391680048,0.14204661722013467,0.03256458922262348,0.03256458922262348,0.03256458922262348,0.0,turn
143,0,20,6.1523569051184435,0.14057721124274933,0.02494969298545138,0.02494969298545138,0.02494969298545138,0.0,turn
144,0,20,6.189958479450354,0.14185695649634908,0.04917494397584142,0.04917494397584142,0.04917494397584142,0.0,turn
145,0,20,6.231359795130858,0.13370121552801292,0.026985780476125168,0.026985780476125168,0.026985780476125168,0.0,turn
146,0,20,6.270857692719403,0.12821864180097492,0.019301120676875127,0.019301120676875127,0.019301120676875127,0.0,turn
147,0,20,6.311087703372584,0.1271064428394585,0.03582674829427082,0.03582674829427082,0.03582674829427082,0.0,turn
148,0,20,6.346504904822964,0.11757051144635859,0.015481589709414217,0.015481589709414217,0.015481589709414217,0.0,turn
149,0,20,6.373829013529926,0.11033664321696698,0.02841184136700222,0.02841184136700222,0.02841184136700222,0.0,turn
150,0,20,6.401130773926297,0.10419550414982305,0.016710504946193337,0.016710504946193337,0.016710504946193337,0.0,turn
151,0,20,6.425398435437228,0.09344426664264212,0.017695760592991796,0.017695760592991796,0.017695760592991796,0.0,mild
152,0,20,6.443698665009836,0.08264679630828639,0.03538767793977744,0.03538767793977744,0.03538767793977744,0.0,mild
153,0,20,6.457973979097285,0.07292896475841829,0.02121459869469521,0.02121459869469521,0.02121459869469521,0.0,mild
1,0,40,3.491154333962337,0.13948405844139272,0.029841067017976945,0.029841067017976945,0.029841067017976945,0.0,turn
2,0,40,3.470003859850699,0.12476094064330129,0.030303487842022962,0.030303487842022962,0.030303487842022962,0.0,turn
3,0,40,3.410867340309391,0.1271275093399578,0.015072242860364012,0.015072242860364012,0.015072242860364012,0.0,turn
4,0,40,3.351719853472594,0.12832806680376113,0.03151436221467826,0.03151436221467826,0.03151436221467826,0.0,turn
5,0,40,3.3093560096943566,0.12504052193367435,0.008836412379761993,0.008836412379761993,0.008836412379761993,0.0,turn
6,0,40,3.28154223130598,0.12379435724500995,0.013510000921708419,0.013510000921708419,0.013510000921708419,0.0,turn
7,0,40,3.236472411327258,0.12030475763301161,0.014234336144049268,0.014234336144049268,0.014234336144049268,0.0,turn
8,0,40,3.209350003563438,0.11502343060405107,0.028469218971564066,0.028469218971564066,0.028469218971564066,0.0,turn
9,0,40,3.1895435061531354,0.11434897264392548,0.05255217695968127,0.05255217695968127,0.05255217695968127,0.0,turn
10,0,40,3.169427331756513,0.11538665762192188,0.06031315283366345,0.06031315283366345,0.06031315283366345,0.0,turn
11,0,40,3.162379314712214,0.11856678342200694,0.03957567320014361,0.03957567320014361,0.03957567320014361,0.0,turn
12,0,40,3.149721720449353,0.11235560483533062,0.008445682364147472,0.008445682364147472,0.008445682364147472,0.0,turn
13,0,40,3.123966356458589,0.11381986110696882,0.022589413425611743,0.022589413425611743,0.022589413425611743,0.0,turn
14,0,40,3.0937754569975873,0.11864161018256472,0.015633286341630085,0.015633286341630085,0.015633286341630085,0.0,turn
15,0,40,3.0733384931404424,0.11703543407883696,0.03299772250420411,0.03299772250420411,0.03299772250420411,0.0,turn
16,0,40,3.0888503346680904,0.10856382529640701,0.04119750473530416,0.04119750473530416,0.04119750473530416,0.0,turn
17,0,40,3.06986390010676,0.10939117990173303,0.0073199228921281695,0.0073199228921281695,0.0073199228921281695,0.0,turn
18,0,40,3.0747065665825244,0.11179575501441401,0.03673562355757057,0.03673562355757057,0.03673562355757057,0.0,turn
19,0,40,3.1010492235898823,0.11704386988569318,0.008473167036124581,0.008473167036124581,0.008473167036124581,0.0,turn
20,0,40,3.1350875013563257,0.1207647373224056,0.03712030937213197,0.03712030937213197,0.03712030937213197,0.0,turn
21,0,40,3.174863425794385,0.11672095001069747,0.040000463053655254,0.040000463053655254,0.040000463053655254,0.0,turn
22,0,40,3.2062253206219578,0.11753697487384675,0.013369964210923364,0.013369964210923364,0.013369964210923364,0.0,turn
23,0,40,3.217800029758617,0.11753311342400496,0.01773936301572564,0.01773936301572564,0.01773936301572564,0.0,turn
24,0,40,3.218504949285194,0.11643876406944319,0.025100143405450172,0.025100143405450172,0.025100143405450172,0.0,turn
25,0,40,3.2070189783837044,0.11165241352065085,0.03384107598206806,0.03384107598206806,0.03384107598206806,0.0,turn
26,0,40,3.212429841057388,0.12364907318742549,0.019303520511037262,0.019303520511037262,0.019303520511037262,0.0,turn
27,0,40,3.2063398097046054,0.11721591492875466,0.03415204852514988,0.03415204852514988,0.03415204852514988,0.0,turn
28,0,40,3.1966984783550103,0.11256841770770074,0.03372085588078019,0.03372085588078019,0.03372085588078019,0.0,turn
29,0,40,3.205451733993647,0.11673528131085292,0.05234939684170794,0.05234939684170794,0.05234939684170794,0.0,turn
30,0,40,3.234686017996923,0.11687048690153959,0.016615239334870493,0.016615239334870493,0.016615239334870493,0.0,turn
31,0,40,3.2709320438243643,0.11841573217462135,0.029957697302353533,0.029957697302353533,0.029957697302353533,0.0,turn
32,0,40,3.3167008324568776,0.12424538380910988,0.018117623431619014,0.018117623431619014,0.018117623431619014,0.0,turn
33,0,40,3.388974286798428,0.12803253345943794,0.04838740371604629,0.04838740371604629,0.04838740371604629,0.0,turn
34,0,40,3.4751118579231277,0.12242672886554168,0.008442242820359292,0.008442242820359292,0.008442242820359292,0.0,turn
35,0,40,3.561563405934483,0.12659383714492556,0.020570409097155396,0.020570409097155396,0.020570409097155396,0.0,turn
36,0,40,3.6412915816900058,0.13762501867379287,0.027118946016127323,0.027118946016127323,0.027118946016127323,0.0,turn
37,0,40,3.7208905738250704,0.14076947779865953,0.012947888103829557,0.012947888103829557,0.012947888103829557,0.0,turn
38,0,40,3.8099680313516964,0.14394562266205793,0.033885060575734545,0.033885060575734545,0.033885060575734545,0.0,turn
39,0,40,3.9054808152175733,0.14590252902930828,0.012505475888213767,0.012505475888213767,0.012505475888213767,0.0,turn
40,0,40,4.0050918309988415,0.15772457190785572,0.007976044569646054,0.007976044569646054,0.007976044569646054,0.0,turn
41,0,40,4.101529441726828,0.16717394019411483,0.04889542770036815,0.04889542770036815,0.04889542770036815,0.0,turn
42,0,40,4.187937746837585,0.16862135736613845,0.02276503067642493,0.02276503067642493,0.02276503067642493,0.0,turn
43,0,40,4.265685626600256,0.17438667489574644,0.050249979405692285,0.050249979405692285,0.050249979405692285,0.0,turn
44,0,40,4.333699903927835,0.1837675488703586,0.018739837762792103,0.018739837762792103,0.018739837762792103,0.0,turn
45,0,40,4.384177423633345,0.18798939618012495,0.022792523324640525,0.022792523324640525,0.022792523324640525,0.0,turn
46,0,40,4.408596120666882,0.19146291397334772,0.020647718960336237,0.020647718960336237,0.020647718960336237,0.0,turn
47,0,40,4.40948975510394,0.1896966799384382,0.028658408181057103,0.028658408181057103,0.028658408181057103,0.0,turn
48,0,40,4.402979223212519,0.1856182949629417,0.02136467700795101,0.02136467700795101,0.02136467700795101,0.0,turn
49,0,40,4.389128249052325,0.18133774394292043,0.013686704136149051,0.013686704136149051,0.013686704136149051,0.0,turn
50,0,40,4.373644451295517,0.1782609602186112,0.014035926901725691,0.014035926901725691,0.014035926901725691,0.0,turn
51,0,40,4.348355875003692,0.1713868378497687,0.02070297312899991,0.02070297312899991,0.02070297312899991,0.0,turn
52,0,40,4.315686914532399,0.16506023776716874,0.024680202766361407,0.024680202766361407,0.024680202766361407,0.0,turn
53,0,40,4.285209335924377,0.15777690758674354,0.034145073043420925,0.034145073043420925,0.034145073043420925,0.0,turn
54,0,40,4.254220412556105,0.14738227878326685,0.021616887369176312,0.021616887369176312,0.021616887369176312,0.0,turn
55,0,40,4.215114622434393,0.1405756347553371,0.02264223425762452,0.02264223425762452,0.02264223425762452,0.0,turn
56,0,40,4.1782564445344335,0.13219164006850406,0.054558931395058,0.054558931395058,0.054558931395058,0.0,turn
57,0,40,4.144212135843539,0.12078261728788167,0.03456450818504368,0.03456450818504368,0.03456450818504368,0.0,turn
58,0,40,4.1103026117781924,0.10784504047469877,0.01635397383420178,0.01635397383420178,0.01635397383420178,0.0,turn
59,0,40,4.072664677845869,0.09435169616724005,0.031958269649789546,0.031958269649789546,0.031958269649789546,0.0,mild
60,0,40,4.037021348196095,0.07988197625339782,0.009031788804679442,0.009031788804679442,0.009031788804679442,0.0,mild
61,0,40,4.0045444346770935,0.0637948607365285,0.011598873948185135,0.011598873948185135,0.011598873948185135,0.0,mild
62,0,40,3.9736390315082954,0.04801063539050756,0.006398924208871246,0.006398924208871246,0.006398924208871246,0.0,mild
63,0,40,3.9418220464683986,0.030968142410017416,0.022415927182711598,0.022415927182711598,0.022415927182711598,0.0,mild
64,0,40,3.91278405563668,0.013286824349862968,0.0554046974110946,0.0554046974110946,0.0554046974110946,0.0,straight
65,0,40,3.886913963813294,-0.0043872568953699335,0.03107529397369977,0.03107529397369977,0.03107529397369977,0.0,straight
66,0,40,3.8682197091972577,-0.02133773534054085,0.04242951372523972,0.04242951372523972,0.04242951372523972,0.0,mild
67,0,40,3.896282692472503,-0.03970990919414759,0.01872183430551194,0.01872183430551194,0.01872183430551194,0.0,mild
68,0,40,3.9524687553875273,-0.060532459860848625,0.03740539666970486,0.03740539666970486,0.03740539666970486,0.0,mild
69,0,40,4.001219072389032,-0.07679895279543947,0.019347926087652418,0.019347926087652418,0.019347926087652418,0.0,mild
70,0,40,4.034563805356056,-0.09267911749122619,0.0059896742840481465,0.0059896742840481465,0.0059896742840481465,0.0,mild
71,0,40,4.04555010707655,-0.11139304977860812,0.04572860186003702,0.04572860186003702,0.04572860186003702,0.0,turn
72,0,40,4.039844904708783,-0.132396591409751,0.04231989052521328,0.04231989052521328,0.04231989052521328,0.0,turn
73,0,40,4.024838882944292,-0.14794160330192674,0.02513184036290192,0.02513184036290192,0.02513184036290192,0.0,turn
74,0,40,4.0084326146222145,-0.1594092327690259,0.015555945142987046,0.015555945142987046,0.015555945142987046,0.0,turn
75,0,40,3.994327511075574,-0.17726462607787907,0.028038257926169163,0.028038257926169163,0.028038257926169163,0.0,turn
76,0,40,3.980442867835382,-0.19535924717368472,0.01952711636398334,0.01952711636398334,0.01952711636398334,0.0,turn
77,0,40,3.9531587689940144,-0.20509510079480797,0.036317529903943255,0.036317529903943255,0.036317529903943255,0.0,turn
78,0,40,3.931185188259808,-0.20737638049773077,0.011248857358426312,0.011248857358426312,0.011248857358426312,0.0,turn
79,0,40,3.909739026688665,-0.21195894432180715,0.042268191434269554,0.042268191434269554,0.042268191434269554,0.0,turn
80,0,40,3.900213965145786,-0.22078782521767223,0.0439859319740845,0.0439859319740845,0.0439859319740845,0.0,turn
81,0,40,3.920683672215637,-0.23020122604863352,0.027490522770523444,0.027490522770523444,0.027490522770523444,0.0,turn
82,0,40,3.964473617621556,-0.2360212929170127,0.004063102985647256,0.004063102985647256,0.004063102985647256,0.0,turn
83,0,40,4.008820569472842,-0.24317813644260486,0.023266127601022913,0.023266127601022913,0.023266127601022913,0.0,turn
84,0,40,4.049951710877417,-0.24701107702218944,0.02608101990218358,0.02608101990218358,0.02608101990218358,0.0,turn
85,0,40,4.09010481620669,-0.2500637803867939,0.0018950406445410555,0.0018950406445410555,0.0018950406445410555,0.0,turn
86,0,40,4.126866200603103,-0.25061831158491527,0.04015392197391856,0.04015392197391856,0.04015392197391856,0.0,turn
87,0,40,4.1628293305239445,-0.249572337937553,0.004981008877490604,0.004981008877490604,0.004981008877490604,0.0,turn
88,0,40,4.200178957222218,-0.24950010606627862,0.0041534958578580755,0.0041534958578580755,0.0041534958578580755,0.0,turn
89,0,40,4.239067595970982,-0.24449994647905088,0.0218583193075209,0.0218583193075209,0.0218583193075209,0.0,turn
90,0,40,4.284720817910564,-0.24137910832111723,0.02912010683670721,0.02912010683670721,0.02912010683670721,0.0,turn
91,0,40,4.336767649607838,-0.24453090232676727,0.012875337320346156,0.012875337320346156,0.012875337320346156,0.0,turn
92,0,40,4.390818299521137,-0.2420276326846926,0.03581829282060308,0.03581829282060308,0.03581829282060308,0.0,turn
93,0,40,4.448484749972631,-0.2362585893875988,0.029074911376815414,0.029074911376815414,0.029074911376815414,0.0,turn
94,0,40,4.5066068268644175,-0.23722881728699186,0.02053149255065152,0.02053149255065152,0.02053149255065152,0.0,turn
95,0,40,4.558673539899943,-0.2376704854043547,0.02748457570886011,0.02748457570886011,0.02748457570886011,0.0,turn
96,0,40,4.612331016791983,-0.24213265982719678,0.010249017218171409,0.010249017218171409,0.010249017218171409,0.0,turn
97,0,40,4.666247747443793,-0.24703609732047094,0.03386547871843214,0.03386547871843214,0.03386547871843214,0.0,turn
98,0,40,4.726934078065386,-0.24814610568078466,0.025024249731811703,0.025024249731811703,0.025024249731811703,0.0,turn
99,0,40,4.795645624403405,-0.24806325638629978,0.007720580606541767,0.007720580606541767,0.007720580606541767,0.0,turn
100,0,40,4.873012145686456,-0.25175531806362844,0.012244169848840414,0.012244169848840414,0.012244169848840414,0.0,turn
101,0,40,4.95069954315631,-0.2462183790675647,0.011276952332437926,0.011276952332437926,0.011276952332437926,0.0,turn
102,0,40,5.0318031601104485,-0.23830776133511122,0.014020982469457354,0.014020982469457354,0.014020982469457354,0.0,turn
103,0,40,5.108621692311981,-0.2346100998271954,0.009406061602973012,0.009406061602973012,0.009406061602973012,0.0,turn
104,0,40,5.184939096359899,-0.23394106163554393,0.023434494973271533,0.023434494973271533,0.023434494973271533,0.0,turn
105,0,40,5.268469014531124,-0.2375458040180992,0.03032355881656716,0.03032355881656716,0.03032355881656716,0.0,turn
106,0,40,5.355929524846915,-0.2381166915961337,0.048293497907121216,0.048293497907121216,0.048293497907121216,0.0,turn
107,0,40,5.439925934120936,-0.23010606759724223,0.0372414541265065,0.0372414541265065,0.0372414541265065,0.0,turn
108,0,40,5.522629956733324,-0.22127139534740317,0.0024321341570545966,0.0024321341570545966,0.0024321341570545966,0.0,turn
109,0,40,5.601532580319948,-0.21746464752874897,0.05871388540185374,0.05871388540185374,0.05871388540185374,0.0,turn
110,0,40,5.668720928569259,-0.217596565763652,0.032217094164269496,0.032217094164269496,0.032217094164269496,0.0,turn
111,0,40,5.710471060768994,-0.2139552475664594,0.02380035663646187,0.02380035663646187,0.02380035663646187,0.0,turn
112,0,40,5.728928003448434,-0.2090143221425607,0.023381198336805506,0.023381198336805506,0.023381198336805506,0.0,turn
113,0,40,5.731906335962973,-0.2007606800414041,0.029285908768940203,0.029285908768940203,0.029285908768940203,0.0,turn
114,0,40,5.727152390148733,-0.18949510272952363,0.037356900075771346,0.037356900075771346,0.037356900075771346,0.0,turn
115,0,40,5.720870029381267,-0.17963467909953107,0.03810784751163188,0.03810784751163188,0.03810784751163188,0.0,turn
116,0,40,5.713191290566287,-0.1783439475814412,0.03512342155973343,0.03512342155973343,0.03512342155973343,0.0,turn
117,0,40,5.703503581536908,-0.17992336976602852,0.007765249356498277,0.007765249356498277,0.007765249356498277,0.0,turn
118,0,40,5.692891601309056,-0.17851032544326723,0.06581731639854789,0.06581731639854789,0.06581731639854789,0.0,turn
119,0,40,5.6845317194377625,-0.17791362176594117,0.023993165592948538,0.023993165592948538,0.023993165592948538,0.0,turn
120,0,40,5.678413176799193,-0.1792437024638109,0.012178309021278621,0.012178309021278621,0.012178309021278621,0.0,turn
121,0,40,5.675158581700474,-0.17857026817039046,0.018182659266072095,0.018182659266072095,0.018182659266072095,0.0,turn
122,0,40,5.6752394479115065,-0.17802026046274355,0.005578534810399582,0.005578534810399582,0.005578534810399582,0.0,turn
123,0,40,5.673541337220017,-0.17828477179285945,0.01084221776388386,0.01084221776388386,0.01084221776388386,0.0,turn
124,0,40,5.673552370958142,-0.17785355511925818,0.040969061599868434,0.040969061599868434,0.040969061599868434,0.0,turn
125,0,40,5.677781942675531,-0.1757218923835664,0.03489750098421446,0.03489750098421446,0.03489750098421446,0.0,turn
126,0,40,5.69098677182984,-0.16643022528754933,0.0020459405980414475,0.0020459405980414475,0.0020459405980414475,0.0,turn
127,0,40,5.708733244772857,-0.15124676668798956,0.021647768926688803,0.021647768926688803,0.021647768926688803,0.0,turn
128,0,40,5.726083900387766,-0.11504109563567456,0.028050222044666322,0.028050222044666322,0.028050222044666322,0.0,turn
129,0,40,5.743814496309597,-0.08128621790294915,0.011734532414567093,0.011734532414567093,0.011734532414567093,0.0,mild
130,0,40,5.765244074752958,-0.05601023240806094,0.020915195310133274,0.020915195310133274,0.020915195310133274,0.0,mild
131,0,40,5.787884694451569,-0.0307427399126232,0.014540353438334274,0.014540353438334274,0.014540353438334274,0.0,mild
132,0,40,5.811544505718512,-0.0020996213813241488,0.05446298212847983,0.05446298212847983,0.05446298212847983,0.0,straight
133,0,40,5.841062267429669,0.022480740245895227,0.004426209236261326,0.004426209236261326,0.004426209236261326,0.0,mild
134,0,40,5.874571866422378,0.051806250948525756,0.002142777428024376,0.002142777428024376,0.002142777428024376,0.0,mild
135,0,40,5.908870623749537,0.07748752689146549,0.019482474424417244,0.019482474424417244,0.019482474424417244,0.0,mild
136,0,40,5.936212184931454,0.09723822520301584,0.0322990496170405,0.0322990496170405,0.0322990496170405,0.0,mild
137,0,40,5.96199077195021,0.12055429826098983,0.022617072302097415,0.022617072302097415,0.022617072302097415,0.0,turn
138,0,40,5.985154306992397,0.13628038689868063,0.026351073500555197,0.026351073500555197,0.026351073500555197,0.0,turn
139,0,40,6.015482067954522,0.1372482110778995,0.060537901470371726,0.060537901470371726,0.060537901470371726,0.0,turn
140,0,40,6.04634999992617,0.14538829406331513,0.020050054298892766,0.020050054298892766,0.020050054298892766,0.0,turn
141,0,40,6.082010723111775,0.14850208647824986,0.008204139782371401,0.008204139782371401,0.008204139782371401,0.0,turn
142,0,40,6.117552391680048,0.14204661722013467,0.02189337244954933,0.02189337244954933,0.02189337244954933,0.0,turn
143,0,40,6.1523569051184435,0.14057721124274933,0.021914302734199434,0.021914302734199434,0.021914302734199434,0.0,turn
144,0,40,6.189958479450354,0.14185695649634908,0.03217152995006456,0.03217152995006456,0.03217152995006456,0.0,turn
145,0,40,6.231359795130858,0.13370121552801292,0.008059200473673178,0.008059200473673178,0.008059200473673178,0.0,turn
146,0,40,6.270857692719403,0.12821864180097492,0.031902102002059056,0.031902102002059056,0.031902102002059056,0.0,turn
147,0,40,6.311087703372584,0.1271064428394585,0.04304402702557218,0.04304402702557218,0.04304402702557218,0.0,turn
148,0,40,6.346504904822964,0.11757051144635859,0.025935229623243367,0.025935229623243367,0.025935229623243367,0.0,turn
149,0,40,6.373829013529926,0.11033664321696698,0.021570280285761582,0.021570280285761582,0.021570280285761582,0.0,turn
150,0,40,6.401130773926297,0.10419550414982305,0.017003203181087275,0.017003203181087275,0.017003203181087275,0.0,turn
151,0,40,6.425398435437228,0.09344426664264212,0.016682495070799528,0.016682495070799528,0.016682495070799528,0.0,mild
152,0,40,6.443698665009836,0.08264679630828639,0.030428888447284357,0.030428888447284357,0.030428888447284357,0.0,mild
153,0,40,6.457973979097285,0.07292896475841829,0.03061529873477912,0.03061529873477912,0.03061529873477912,0.0,mild
1,50,10,3.491154333962337,0.13948405844139272,0.18195714832852866,0.031302363482555065,0.038616115776664565,0.17455771669811687,turn
2,50,10,3.470003859850699,0.12476094064330129,0.15252766262457848,0.04431146411833278,0.036154164684917625,0.17350019299253494,turn
3,50,10,3.410867340309391,0.1271275093399578,0.16565324903132342,0.03438690369551481,0.030873260646644553,0.17054336701546957,turn
4,50,10,3.351719853472594,0.12832806680376113,0.17342440782391388,0.08338994163230765,0.023641240354629812,0.16758599267362972,turn
5,50,10,3.3093560096943566,0.12504052193367435,0.1589535492541859,0.06745490369176643,0.020419270963146826,0.16546780048471785,turn
6,50,10,3.28154223130598,0.12379435724500995,0.14706941384488764,0.06858669907519575,0.030642539758944546,0.16407711156529903,turn
7,50,10,3.236472411327258,0.12030475763301161,0.1558071026177737,0.07112962520206656,0.023136575614653935,0.1618236205663629,turn
8,50,10,3.209350003563438,0.11502343060405107,0.17664094229565458,0.08614244795359167,0.029381298047720637,0.1604675001781719,turn
9,50,10,3.1895435061531354,0.11434897264392548,0.16139929693925356,0.06316247899440504,0.012011651645891528,0.1594771753076568,turn
10,50,10,3.169427331756513,0.11538665762192188,0.12983713431667074,0.06542993243025742,0.04004124821351964,0.15847136658782568,turn
11,50,10,3.162379314712214,0.11856678342200694,0.18178367395654368,0.06595702049092553,0.013060528300593541,0.1581189657356107,turn
12,50,10,3.149721720449353,0.11235560483533062,0.16804848836148983,0.058514135973974535,0.0027549389928204424,0.15748608602246766,turn
13,50,10,3.123966356458589,0.11381986110696882,0.17514026266683216,0.06172007587193495,0.009163808240572911,0.15619831782292948,turn
14,50,10,3.0937754569975873,0.11864161018256472,0.15987147500886006,0.041073161728168966,0.017827601825268463,0.15468877284987936,turn
15,50,10,3.0733384931404424,0.11703543407883696,0.15139408958747835,0.010171925428813304,0.06801299450634156,0.15366692465702214,turn
16,50,10,3.0888503346680904,0.10856382529640701,0.16496917718148174,0.031900582893620966,0.08517935601646907,0.15444251673340453,turn
17,50,10,3.06986390010676,0.10939117990173303,0.13049958228378544,0.056388147479439016,0.0325804291711181,0.153493195005338,turn
18,50,10,3.0747065665825244,0.11179575501441401,0.16674442616262547,0.02209285382668066,0.03875703731709706,0.15373532832912623,turn
19,50,10,3.1010492235898823,0.11704386988569318,0.15936689087949352,0.07694390919471748,0.0229012868580543,0.15505246117949412,turn
20,50,10,3.1350875013563257,0.1207647373224056,0.17426091783722084,0.09830171226745696,0.03961446017751744,0.1567543750678163,turn
21,50,10,3.174863425794385,0.11672095001069747,0.16772074352756877,0.06021400022958022,0.0032441516937363243,0.15874317128971926,turn
22,50,10,3.2062253206219578,0.11753697487384675,0.19904832085523447,0.06415841946221683,0.030493148540210513,0.1603112660310979,turn
23,50,10,3.217800029758617,0.11753311342400496,0.1485990633538149,0.05889360003077,0.023097974462082567,0.16089000148793087,turn
24,50,10,3.218504949285194,0.11643876406944319,0.16070149590138819,0.02646317175883964,0.0315100468290787,0.1609252474642597,turn
25,50,10,3.2070189783837044,0.11165241352065085,0.16137666003782547,0.034247296354121624,0.02139605489227053,0.16035094891918522,turn
26,50,10,3.212429841057388,0.12364907318742549,0.18837686040198573,0.060771636596741445,0.01881920800804851,0.1606214920528694,turn
27,50,10,3.2063398097046054,0.11721591492875466,0.16326464624265463,0.050581439807448704,0.009343914102779327,0.1603169904852303,turn
28,50,10,3.1966984783550103,0.11256841770770074,0.17607556228851895,0.05890694857900006,0.006699195402464835,0.15983492391775053,turn
29,50,10,3.205451733993647,0.11673528131085292,0.1428745155215802,0.038397039105087044,0.0333857165243538,0.16027258669968236,turn
30,50,10,3.234686017996923,0.11687048690153959,0.1873177201820544,0.049553458459672704,0.02355306327715445,0.16173430089984617,turn
31,50,10,3.2709320438243643,0.11841573217462135,0.14832476637158043,0.0750862537096222,0.03325340870180759,0.16354660219121822,turn
32,50,10,3.3167008324568776,0.12424538380910988,0.17513889036482921,0.031179895295028195,0.031818268636145314,0.1658350416228439,turn
33,50,10,3.388974286798428,0.12803253345943794,0.18926815718621634,0.07043722159180218,0.00911046505162308,0.1694487143399214,turn
34,50,10,3.4751118579231277,0.12242672886554168,0.1930802804795574,0.06663392627375034,0.009293283055864389,0.17375559289615639,turn
35,50,10,3.561563405934483,0.12659383714492556,0.16362184966741591,0.0704812346463684,0.02806073728740034,0.17807817029672415,turn
36,50,10,3.6412915816900058,0.13762501867379287,0.1850392157299704,0.05671330779908434,0.013238975627792979,0.1820645790845003,turn
37,50,10,3.7208905738250704,0.14076947779865953,0.22480637177476473,0.09298421857833922,0.028711213940384284,0.18604452869125354,turn
38,50,10,3.8099680313516964,0.14394562266205793,0.24681009700773618,0.09724388684870995,0.04329725292329216,0.19049840156758482,turn
39,50,10,3.9054808152175733,0.14590252902930828,0.2085152228730059,0.0717132400837063,0.0005973907005360253,0.19527404076087868,turn
40,50,10,4.0050918309988415,0.15772457190785572,0.2299041511787274,0.07380095749808756,0.01915844719065401,0.20025459154994207,turn
41,50,10,4.101529441726828,0.16717394019411483,0.22746782761804948,0.08907904776350804,0.0074311348157623585,0.2050764720863414,turn
42,50,10,4.187937746837585,0.16862135736613845,0.21560058641823918,0.062212295019932286,0.021547411915545295,0.20939688734187928,turn
43,50,10,4.265685626600256,0.17438667489574644,0.22237976110723898,0.10218128505572058,0.02143632502722996,0.2132842813300128,turn
44,50,10,4.333699903927835,0.1837675488703586,0.2319726365348117,0.1005633897858145,0.012252611487870954,0.21668499519639176,turn
45,50,10,4.384177423633345,0.18798939618012495,0.24545426293081946,0.08347915415246127,0.015483754318938716,0.21920887118166724,turn
46,50,10,4.408596120666882,0.19146291397334772,0.2535838645266515,0.0977724325609233,0.01371997795536686,0.2204298060333441,turn
47,50,10,4.40948975510394,0.1896966799384382,0.22253057986315505,0.12772097879705657,0.04571192725323799,0.220474487755197,turn
48,50,10,4.402979223212519,0.1856182949629417,0.206847986872313,0.07113505811053403,0.035352670558839165,0.22014896116062596,turn
49,50,10,4.389128249052325,0.18133774394292043,0.19938640753768933,0.08850737344586054,0.03867325025015104,0.21945641245261627,turn
50,50,10,4.373644451295517,0.1782609602186112,0.22758235410014363,0.08662186633273228,0.008731273201945458,0.21868222256477587,turn
51,50,10,4.348355875003692,0.1713868378497687,0.22477096571443925,0.104293449675549,0.02538594687686558,0.21741779375018463,turn
52,50,10,4.315686914532399,0.16506023776716874,0.23029851340050125,0.10071559034313582,0.020626757428833596,0.21578434572661995,turn
53,50,10,4.285209335924377,0.15777690758674354,0.23307024527493372,0.11023790051739472,0.03301676617271349,0.21426046679621888,turn
54,50,10,4.254220412556105,0.14738227878326685,0.17784415266206477,0.09914595646987237,0.05630051353368283,0.21271102062780525,turn
55,50,10,4.215114622434393,0.1405756347553371,0.17953859477319375,0.10231422498344353,0.056845957290822965,0.21075573112171964,turn
56,50,10,4.1782564445344335,0.13219164006850406,0.22423815027024627,0.10470837793076003,0.04016867463764813,0.2089128222267217,turn
57,50,10,4.144212135843539,0.12078261728788167,0.23108276588960555,0.0823027308365615,0.02359182014287446,0.20721060679217695,turn
58,50,10,4.1103026117781924,0.10784504047469877,0.19855289214450178,0.08940001237424924,0.04157503669807867,0.20551513058890963,turn
59,50,10,4.072664677845869,0.09435169616724005,0.19174872623023154,0.062376876086326104,0.024390560462386128,0.20363323389229346,mild
60,50,10,4.037021348196095,0.07988197625339782,0.21468368314124214,0.04192734433858179,0.008866809164106003,0.20185106740980477,mild
61,50,10,4.0045444346770935,0.0637948607365285,0.21557981163692322,0.052770972516039356,0.022261971695126708,0.20022722173385468,mild
62,50,10,3.9736390315082954,0.04801063539050756,0.17812435090507825,0.06586039912310018,0.04612630844322737,0.1986819515754148,mild
63,50,10,3.9418220464683986,0.030968142410017416,0.2021948175375231,0.033199308844610864,0.017917981521164004,0.19709110232341995,mild
64,50,10,3.91278405563668,0.013286824349862968,0.17254199672268006,0.023204158763562077,0.024691239007498735,0.195639202781834,straight
65,50,10,3.886913963813294,-0.0043872568953699335,0.17563718083783642,0.028620339475745642,0.03021825196802265,0.19434569819066472,straight
66,50,10,3.8682197091972577,-0.02133773534054085,0.16894963911271751,0.024599558538933006,0.027720089779596974,0.1934109854598629,mild
67,50,10,3.896282692472503,-0.03970990919414759,0.15153716117836746,0.0444830317902829,0.052154819265538194,0.19481413462362518,mild
68,50,10,3.9524687553875273,-0.060532459860848625,0.19333934212008522,0.03906078938459355,0.06868796423382,0.19762343776937638,mild
69,50,10,4.001219072389032,-0.07679895279543947,0.1623587948197267,0.039706147314446806,0.06227429763330766,0.20006095361945164,mild
70,50,10,4.034563805356056,-0.09267911749122619,0.19893492418299588,0.024427843995442105,0.022269565545562843,0.2017281902678028,mild
71,50,10,4.04555010707655,-0.11139304977860812,0.19617666793125427,0.02800767084150239,0.029440639652853953,0.2022775053538275,turn
72,50,10,4.039844904708783,-0.132396591409751,0.18630325686983887,0.021307460543351593,0.054276725909629085,0.20199224523543916,turn
73,50,10,4.024838882944292,-0.14794160330192674,0.183166050766019,0.03723728196551286,0.047211797681719764,0.2012419441472146,turn
74,50,10,4.0084326146222145,-0.1594092327690259,0.18549663645256975,0.06496485988492964,0.031441895518300574,0.20042163073111074,turn
75,50,10,3.994327511075574,-0.17726462607787907,0.1822451769714891,0.07221528510545143,0.03724912885869689,0.19971637555377872,turn
76,50,10,3.980442867835382,-0.19535924717368472,0.22650696374566068,0.0768488200144528,0.02572725266957883,0.1990221433917691,turn
77,50,10,3.9531587689940144,-0.20509510079480797,0.21114044848302335,0.10735515283205802,0.016225145534345304,0.19765793844970073,turn
78,50,10,3.931185188259808,-0.20737638049773077,0.2106409697731233,0.11464183418918338,0.021732607233059788,0.1965592594129904,turn
79,50,10,3.909739026688665,-0.21195894432180715,0.19003784655215894,0.09286377162944943,0.032293193690529395,0.19548695133443328,turn
80,50,10,3.900213965145786,-0.22078782521767223,0.21594632003530226,0.04422741400832247,0.0705867140882107,0.1950106982572893,turn
81,50,10,3.920683672215637,-0.23020122604863352,0.18727602541897717,0.07519648228092503,0.04856448057046315,0.19603418361078184,turn
82,50,10,3.964473617621556,-0.2360212929170127,0.21812245720227336,0.1048448224777819,0.01437676458525623,0.1982236808810778,turn
83,50,10,4.008820569472842,-0.24317813644260486,0.22351796996470227,0.10541957669989069,0.015643070677412624,0.20044102847364212,turn
84,50,10,4.049951710877417,-0.24701107702218944,0.23093946735308418,0.12152492998885937,0.006743853990178097,0.20249758554387084,turn
85,50,10,4.09010481620669,-0.2500637803867939,0.21997480789838877,0.14809383905262785,0.042830866137459025,0.2045052408103345,turn
86,50,10,4.126866200603103,-0.25061831158491527,0.24110122887702037,0.11813367522662392,0.006874926032933391,0.20634331003015516,turn
87,50,10,4.1628293305239445,-0.249572337937553,0.21073348084974378,0.11001660560103282,0.03187503690815331,0.20814146652619725,turn
88,50,10,4.200178957222218,-0.24950010606627862,0.24365928392501124,0.1108482251503156,0.014446841422186042,0.2100089478611109,turn
89,50,10,4.239067595970982,-0.24449994647905088,0.2104452454502499,0.09237661826801252,0.03839212253378572,0.2119533797985491,turn
90,50,10,4.284720817910564,-0.24137910832111723,0.2625336090073744,0.10909300172782108,0.028669661998042696,0.21423604089552822,turn
91,50,10,4.336767649607838,-0.24453090232676727,0.24945217881944418,0.0935825761456464,0.03192826733998031,0.2168383824803919,turn
92,50,10,4.390818299521137,-0.2420276326846926,0.2594094869780481,0.10508492237603873,0.024012299200383985,0.21954091497605688,turn
93,50,10,4.448484749972631,-0.2362585893875988,0.25397560107402334,0.10388880063864372,0.01606856876306054,0.22242423749863158,turn
94,50,10,4.5066068268644175,-0.23722881728699186,0.22432994681230606,0.10352715091169752,0.03049139772883308,0.22533034134322089,turn
95,50,10,4.558673539899943,-0.2376704854043547,0.23776043800648727,0.1341784730305622,0.03296852459767364,0.22793367699499717,turn
96,50,10,4.612331016791983,-0.24213265982719678,0.27438557266716473,0.10649524503987,0.027571464615170443,0.23061655083959917,turn
97,50,10,4.666247747443793,-0.24703609732047094,0.2842313327452374,0.1227677847287388,0.023575125307865735,0.23331238737218968,turn
98,50,10,4.726934078065386,-0.24814610568078466,0.2447018646775652,0.12744625908790655,0.026676317964329094,0.2363467039032693,turn
99,50,10,4.795645624403405,-0.24806325638629978,0.26682120946848353,0.11847355981123409,0.00435695854787551,0.23978228122017026,turn
100,50,10,4.873012145686456,-0.25175531806362844,0.29284323020466324,0.12858345519120534,0.019674283640586484,0.2436506072843228,turn
101,50,10,4.95069954315631,-0.2462183790675647,0.28951742754413284,0.13819965085010139,0.01758145582101819,0.24753497715781553,turn
102,50,10,5.0318031601104485,-0.23830776133511122,0.28401559885018696,0.11292269789861384,0.009942202283808228,0.2515901580055224,turn
103,50,10,5.108621692311981,-0.2346100998271954,0.2667473860675939,0.11726212304988101,0.015987108899409037,0.2554310846155991,turn
104,50,10,5.184939096359899,-0.23394106163554393,0.281587821858397,0.11787482326410595,0.00476567078783118,0.2592469548179949,turn
105,50,10,5.268469014531124,-0.2375458040180992,0.32055388570201954,0.1214169452385998,0.034696660058743764,0.2634234507265562,turn
106,50,10,5.355929524846915,-0.2381166915961337,0.3077290707644692,0.15654684200440167,0.03923335973881533,0.26779647624234576,turn
107,50,10,5.439925934120936,-0.23010606759724223,0.2801844244260747,0.11581882813134901,0.016997216656655264,0.2719962967060468,turn
108,50,10,5.522629956733324,-0.22127139534740317,0.27522815237282505,0.07879460668899338,0.03372844870821082,0.2761314978366662,turn
109,50,10,5.601532580319948,-0.21746464752874897,0.28865585965899443,0.07755233507238861,0.029785009678705374,0.28007662901599745,turn
110,50,10,5.668720928569259,-0.217596565763652,0.2979360904592713,0.10137136825381152,0.007086519834259759,0.283436046428463,turn
111,50,10,5.710471060768994,-0.2139552475664594,0.29598561770572257,0.1017770611832628,0.008960203533268304,0.28552355303844973,turn
112,50,10,5.728928003448434,-0.2090143221425607,0.3458792791854996,0.14783896217462894,0.05005670852774131,0.28644640017242173,turn
113,50,10,5.731906335962973,-0.2007606800414041,0.26472497996459615,0.11617168308679411,0.04581007085792787,0.2865953167981487,turn
114,50,10,5.727152390148733,-0.18949510272952363,0.2912403523765542,0.07627008462534644,0.01825019749557057,0.28635761950743666,turn
115,50,10,5.720870029381267,-0.17963467909953107,0.3008668356622707,0.09211649837984892,0.0034991642264518064,0.2860435014690634,turn
116,50,10,5.713191290566287,-0.1783439475814412,0.30200047968585164,0.06407542432899245,0.026331027267647942,0.28565956452831437,turn
117,50,10,5.703503581536908,-0.17992336976602852,0.2849461436809093,0.06688032614160139,0.02393461704679615,0.2851751790768454,turn
118,50,10,5.692891601309056,-0.17851032544326723,0.2983455125700264,0.09624289284309988,0.008567487253025955,0.28464458006545285,turn
119,50,10,5.6845317194377625,-0.17791362176594117,0.30143318265108837,0.08319667142024689,0.007034862110003008,0.28422658597188816,turn
120,50,10,5.678413176799193,-0.1792437024638109,0.28101572884517845,0.05571687867064271,0.03446193784288059,0.28392065883995965,turn
121,50,10,5.675158581700474,-0.17857026817039046,0.24778715409386742,0.12670524269555067,0.0662163546442107,0.28375792908502373,turn
122,50,10,5.6752394479115065,-0.17802026046274355,0.26820641219976704,0.09620891597590943,0.03194629296703337,0.2837619723955753,turn
123,50,10,5.673541337220017,-0.17828477179285945,0.29413139517206954,0.11482856586200542,0.02921665985019906,0.28367706686100086,turn
124,50,10,5.673552370958142,-0.17785355511925818,0.27832461392385616,0.10670127054007382,0.030275617424665228,0.28367761854790713,turn
125,50,10,5.677781942675531,-0.1757218923835664,0.3289171489122034,0.0640196413290238,0.055800298442421625,0.2838890971337766,turn
126,50,10,5.69098677182984,-0.16643022528754933,0.28336578348294655,0.08873916025373481,0.016257843122463228,0.284549338591492,turn
127,50,10,5.708733244772857,-0.15124676668798956,0.28070265748512324,0.11585148807601546,0.047316122773584164,0.28543666223864284,turn
128,50,10,5.726083900387766,-0.11504109563567456,0.2884060904752307,0.0757797560084172,0.020309530130076484,0.2863041950193883,turn
129,50,10,5.743814496309597,-0.08128621790294915,0.2912841556679163,0.07241967423741714,0.03257338781454284,0.28719072481547986,mild
130,50,10,5.765244074752958,-0.05601023240806094,0.26299817534168457,0.03433144657289422,0.026793021663057807,0.2882622037376479,mild
131,50,10,5.787884694451569,-0.0307427399126232,0.28941280597588964,0.006713230685003668,0.008447640255646613,0.28939423472257847,mild
132,50,10,5.811544505718512,-0.0020996213813241488,0.2591157417511817,0.035872382457649205,0.03635349770398091,0.2905772252859256,straight
133,50,10,5.841062267429669,0.022480740245895227,0.27168555170350833,0.032009608459110245,0.024906116836446772,0.29205311337148343,mild
134,50,10,5.874571866422378,0.051806250948525756,0.28945370923691516,0.004472199888113071,0.027181775033496718,0.2937285933211189,mild
135,50,10,5.908870623749537,0.07748752689146549,0.28000927820857596,0.048568187365430296,0.020159707395898077,0.29544353118747685,mild
136,50,10,5.936212184931454,0.09723822520301584,0.30537798973736613,0.04350249899727658,0.0072067808323731065,0.2968106092465727,mild
137,50,10,5.96199077195021,0.12055429826098983,0.32973596199928107,0.07960453297152045,0.028146543089561143,0.2980995385975105,turn
138,50,10,5.985154306992397,0.13628038689868063,0.30107651071344604,0.08068701336296466,0.015990232205222873,0.29925771534961987,turn
139,50,10,6.015482067954522,0.1372482110778995,0.3483950903944837,0.1107610589719562,0.049431698106128505,0.3007741033977261,turn
140,50,10,6.04634999992617,0.14538829406331513,0.27596985934777923,0.06090898049955391,0.03708002257006882,0.3023174999963085,turn
141,50,10,6.082010723111775,0.14850208647824986,0.3322402519755506,0.05483012634506652,0.03419356890974625,0.3041005361555888,turn
142,50,10,6.117552391680048,0.14204661722013467,0.2814465480324486,0.06877443995475958,0.03261909774356494,0.30587761958400245,turn
143,50,10,6.1523569051184435,0.14057721124274933,0.3203209006511749,0.06792176809690485,0.00543765390722463,0.3076178452559222,turn
144,50,10,6.189958479450354,0.14185695649634908,0.2964612670486022,0.06203708083030945,0.02207646701943909,0.30949792397251774,turn
145,50,10,6.231359795130858,0.13370121552801292,0.29913063786688754,0.051650799678124255,0.023735788501883938,0.31156798975654293,turn
146,50,10,6.270857692719403,0.12821864180097492,0.3637930020895802,0.08211503757465398,0.04380393199453716,0.3135428846359702,turn
147,50,10,6.311087703372584,0.1271064428394585,0.3369432211478335,0.056147100886073616,0.019198034019023372,0.3155543851686292,turn
148,50,10,6.346504904822964,0.11757051144635859,0.31580265998473117,0.044622643882134265,0.014319600191141875,0.3173252452411482,turn
149,50,10,6.373829013529926,0.11033664321696698,0.26757589579616814,0.05686178989001577,0.060973503608754163,0.31869145067649635,turn
150,50,10,6.401130773926297,0.10419550414982305,0.2855714592426497,0.03462404496061084,0.05944710026750199,0.32005653869631484,turn
151,50,10,6.425398435437228,0.09344426664264212,0.30766992409137184,0.072668061451569,0.031894304519743864,0.3212699217718614,mild
152,50,10,6.443698665009836,0.08264679630828639,0.32897281291342917,0.06287034374981715,0.022224591630775944,0.3221849332504918,mild
153,50,10,6.457973979097285,0.07292896475841829,0.3374472782182543,0.04957435151967683,0.01662953105304456,0.3228986989548643,mild
1,50,20,3.491154333962337,0.13948405844139272,0.20200628611832386,0.15619859644150413,0.04247017605535861,0.17455771669811687,turn
2,50,20,3.470003859850699,0.12476094064330129,0.1989032046307987,0.10454836433924754,0.020395435055664685,0.17350019299253494,turn
3,50,20,3.410867340309391,0.1271275093399578,0.2081117420293719,0.11824736460904342,0.008419420168472736,0.17054336701546957,turn
4,50,20,3.351719853472594,0.12832806680376113,0.16860191590808307,0.08835650693684705,0.04799209734661235,0.16758599267362972,turn
5,50,20,3.3093560096943566,0.12504052193367435,0.17376199849203341,0.1269896337965204,0.0407953043218458,0.16546780048471785,turn
6,50,20,3.28154223130598,0.12379435724500995,0.1800505906614189,0.10843398008575371,0.025643820463530254,0.16407711156529903,turn
7,50,20,3.236472411327258,0.12030475763301161,0.1923958361011491,0.13269054825677615,0.024009312929195323,0.1618236205663629,turn
8,50,20,3.209350003563438,0.11502343060405107,0.2018233664931897,0.14286097577293752,0.03212746171828,0.1604675001781719,turn
9,50,20,3.1895435061531354,0.11434897264392548,0.18992112253592472,0.08824113633706407,0.027591472468549164,0.1594771753076568,turn
10,50,20,3.169427331756513,0.11538665762192188,0.20230619192715046,0.10164986208054896,0.022568975588856732,0.15847136658782568,turn
11,50,20,3.162379314712214,0.11856678342200694,0.2034596685843033,0.10946776479949792,0.016678008032988266,0.1581189657356107,turn
12,50,20,3.149721720449353,0.11235560483533062,0.15734795157118217,0.06182237292932891,0.05284495564770927,0.15748608602246766,turn
13,50,20,3.123966356458589,0.11381986110696882,0.1633096477438399,0.06240367930420408,0.051483191598830406,0.15619831782292948,turn
14,50,20,3.0937754569975873,0.11864161018256472,0.21747650972976265,0.13847377971732286,0.023658534738489657,0.15468877284987936,turn
15,50,20,3.0733384931404424,0.11703543407883696,0.17139528280067634,0.11605907853128426,0.025580278998235687,0.15366692465702214,turn
16,50,20,3.0888503346680904,0.10856382529640701,0.162719284724994,0.08415928666492423,0.029180414216898647,0.15444251673340453,turn
17,50,20,3.06986390010676,0.10939117990173303,0.19425633770727416,0.09221894357827737,0.026078185849589576,0.153493195005338,turn
18,50,20,3.0747065665825244,0.11179575501441401,0.21010336480235767,0.0949725272453845,0.0442373603952721,0.15373532832912623,turn
19,50,20,3.1010492235898823,0.11704386988569318,0.20550602940077325,0.10994734424512802,0.021148730307098303,0.15505246117949412,turn
20,50,20,3.1350875013563257,0.1207647373224056,0.1993639797985672,0.10469528090337069,0.021063523854249963,0.1567543750678163,turn
21,50,20,3.174863425794385,0.11672095001069747,0.18976751242041823,0.108420601378369,0.00854378832540696,0.15874317128971926,turn
22,50,20,3.2062253206219578,0.11753697487384675,0.19026239347807275,0.12793829003783996,0.0209288642818701,0.1603112660310979,turn
23,50,20,3.217800029758617,0.11753311342400496,0.21404803091167227,0.128494156938604,0.015046590119010815,0.16089000148793087,turn
24,50,20,3.218504949285194,0.11643876406944319,0.2368284713102107,0.1441707718651365,0.03834780982985586,0.1609252474642597,turn
25,50,20,3.2070189783837044,0.11165241352065085,0.19126887050392974,0.11148918271588035,0.005133404316997951,0.16035094891918522,turn
26,50,20,3.212429841057388,0.12364907318742549,0.1914196391209997,0.12136798039611182,0.012693248378273878,0.1606214920528694,turn
27,50,20,3.2063398097046054,0.11721591492875466,0.20739100877027064,0.14453518450218839,0.02967184094322006,0.1603169904852303,turn
28,50,20,3.1966984783550103,0.11256841770770074,0.19482428466987584,0.09734864242376419,0.017617760728792533,0.15983492391775053,turn
29,50,20,3.205451733993647,0.11673528131085292,0.1959379226758081,0.07303657710291248,0.052138671323053325,0.16027258669968236,turn
30,50,20,3.234686017996923,0.11687048690153959,0.17553771289773348,0.13528224375835748,0.044200169699651744,0.16173430089984617,turn
31,50,20,3.2709320438243643,0.11841573217462135,0.20345970310733383,0.12373845668376708,0.006241582960226751,0.16354660219121822,turn
32,50,20,3.3167008324568776,0.12424538380910988,0.18426035137817753,0.12671769684888698,0.029352726045889965,0.1658350416228439,turn
33,50,20,3.388974286798428,0.12803253345943794,0.2518942569118758,0.14315721519391142,0.042707308055940786,0.1694487143399214,turn
34,50,20,3.4751118579231277,0.12242672886554168,0.2070665085715279,0.10673625440607006,0.015595018403236165,0.17375559289615639,turn
35,50,20,3.561563405934483,0.12659383714492556,0.1880387513563623,0.0793112421500717,0.047706599653138275,0.17807817029672415,turn
36,50,20,3.6412915816900058,0.13762501867379287,0.24295570193616337,0.1543751153756026,0.01802654780650862,0.1820645790845003,turn
37,50,20,3.7208905738250704,0.14076947779865953,0.1961659125722833,0.1212557286886658,0.03707361367129716,0.18604452869125354,turn
38,50,20,3.8099680313516964,0.14394562266205793,0.20648349560264342,0.11649506387448445,0.03431268947549677,0.19049840156758482,turn
39,50,20,3.9054808152175733,0.14590252902930828,0.22125671106343595,0.09612279830584818,0.04926361271722228,0.19527404076087868,turn
40,50,20,4.0050918309988415,0.15772457190785572,0.2708833528611766,0.1645098698468428,0.0164563059127507,0.20025459154994207,turn
41,50,20,4.101529441726828,0.16717394019411483,0.22896061798254072,0.10771024957178554,0.05874780175689618,0.2050764720863414,turn
42,50,20,4.187937746837585,0.16862135736613845,0.2636556088758472,0.18602335961201338,0.027816187573736113,0.20939688734187928,turn
43,50,20,4.265685626600256,0.17438667489574644,0.22598493062098926,0.17905812669487134,0.06309934393676621,0.2132842813300128,turn
44,50,20,4.333699903927835,0.1837675488703586,0.27426297514001324,0.20394064804198725,0.03676226164105954,0.21668499519639176,turn
45,50,20,4.384177423633345,0.18798939618012495,0.28045871514241855,0.19230530047794497,0.016119365240710636,0.21920887118166724,turn
46,50,20,4.408596120666882,0.19146291397334772,0.31951690183962855,0.22097470092165256,0.03182900759099551,0.2204298060333441,turn
47,50,20,4.40948975510394,0.1896966799384382,0.2850178989171895,0.19679903356594508,0.016565960331649147,0.220474487755197,turn
48,50,20,4.402979223212519,0.1856182949629417,0.2788573244117014,0.22026419737531716,0.054392698843447926,0.22014896116062596,turn
49,50,20,4.389128249052325,0.18133774394292043,0.2604244824483221,0.182274343693619,0.03182912980391039,0.21945641245261627,turn
50,50,20,4.373644451295517,0.1782609602186112,0.2576408436795614,0.15021434274998624,0.029196179307940443,0.21868222256477587,turn
51,50,20,4.348355875003692,0.1713868378497687,0.28761206665306555,0.19493477496659814,0.025187746762103877,0.21741779375018463,turn
52,50,20,4.315686914532399,0.16506023776716874,0.25131776676080975,0.14328762313822319,0.02348005311461786,0.21578434572661995,turn
53,50,20,4.285209335924377,0.15777690758674354,0.27454159163295266,0.19400478373935015,0.04111273994244209,0.21426046679621888,turn
54,50,20,4.254220412556105,0.14738227878326685,0.2179642021604889,0.15371009906817368,0.05092846876238383,0.21271102062780525,turn
55,50,20,4.215114622434393,0.1405756347553371,0.2746546106624162,0.16668030827884558,0.0275106120380287,0.21075573112171964,turn
56,50,20,4.1782564445344335,0.13219164006850406,0.2818856642302339,0.19119311182892354,0.05966159148136853,0.2089128222267217,turn
57,50,20,4.144212135843539,0.12078261728788167,0.2511692555772415,0.1494980749766114,0.029721670409874553,0.20721060679217695,turn
58,50,20,4.1103026117781924,0.10784504047469877,0.27312785163220854,0.12928626487557737,0.040994502283025855,0.20551513058890963,turn
59,50,20,4.072664677845869,0.09435169616724005,0.2102636490948911,0.11614773851423986,0.0328462416494351,0.20363323389229346,mild
60,50,20,4.037021348196095,0.07988197625339782,0.21531426658488426,0.08010512256815139,0.002256300093959081,0.20185106740980477,mild
61,50,20,4.0045444346770935,0.0637948607365285,0.2071606008154868,0.11802052405902919,0.058298893957913066,0.20022722173385468,mild
62,50,20,3.9736390315082954,0.04801063539050756,0.19938157745958263,0.04655298950770531,0.005066058720891876,0.1986819515754148,mild
63,50,20,3.9418220464683986,0.030968142410017416,0.20816389511328137,0.042831003462108254,0.013271910311086888,0.19709110232341995,mild
64,50,20,3.91278405563668,0.013286824349862968,0.18524520775497813,0.033112980532329854,0.021566159850641847,0.195639202781834,straight
65,50,20,3.886913963813294,-0.0043872568953699335,0.1598550784310477,0.037245284423177406,0.03895452997281411,0.19434569819066472,straight
66,50,20,3.8682197091972577,-0.02133773534054085,0.2265235774716515,0.034326753595583646,0.03482768676579807,0.1934109854598629,mild
67,50,20,3.896282692472503,-0.03970990919414759,0.16994988095149796,0.03379122000481336,0.03190715324503969,0.19481413462362518,mild
68,50,20,3.9524687553875273,-0.060532459860848625,0.18617205292491928,0.05377994061189505,0.0208947046649184,0.19762343776937638,mild
69,50,20,4.001219072389032,-0.07679895279543947,0.18705534782844854,0.04658636970757075,0.03806591974208913,0.20006095361945164,mild
70,50,20,4.034563805356056,-0.09267911749122619,0.1723437458213629,0.07661453291821409,0.05046079965716983,0.2017281902678028,mild
71,50,20,4.04555010707655,-0.11139304977860812,0.2041537959631114,0.0890894159416297,0.029637569122739207,0.2022775053538275,turn
72,50,20,4.039844904708783,-0.132396591409751,0.18767074811214193,0.09343499010033966,0.057742496262035405,0.20199224523543916,turn
73,50,20,4.024838882944292,-0.14794160330192674,0.24185546856376772,0.11185405544011257,0.03859227207671531,0.2012419441472146,turn
74,50,20,4.0084326146222145,-0.1594092327690259,0.20124394818433697,0.13097353123404662,0.05479796062595069,0.20042163073111074,turn
75,50,20,3.994327511075574,-0.17726462607787907,0.28181590863208766,0.19863650724043821,0.022188247437008934,0.19971637555377872,turn
76,50,20,3.980442867835382,-0.19535924717368472,0.24923241733424903,0.16796752895781789,0.031083254861016964,0.1990221433917691,turn
77,50,20,3.9531587689940144,-0.20509510079480797,0.2711628317277133,0.1852133020232432,0.01899152480160388,0.19765793844970073,turn
78,50,20,3.931185188259808,-0.20737638049773077,0.24536628342624556,0.15706059679453713,0.050407730105034486,0.1965592594129904,turn
79,50,20,3.909739026688665,-0.21195894432180715,0.3334091409316459,0.2583041885655846,0.04911097267375279,0.19548695133443328,turn
80,50,20,3.900213965145786,-0.22078782521767223,0.27819596343611414,0.21269042245683417,0.01787739376186242,0.1950106982572893,turn
81,50,20,3.920683672215637,-0.23020122604863352,0.26322107759034047,0.2207616993762493,0.04862190699381821,0.19603418361078184,turn
82,50,20,3.964473617621556,-0.2360212929170127,0.32217411957920605,0.24281974347533136,0.014762845050767444,0.1982236808810778,turn
83,50,20,4.008820569472842,-0.24317813644260486,0.31619236722484784,0.24818841509019035,0.008379082300026406,0.20044102847364212,turn
84,50,20,4.049951710877417,-0.24701107702218944,0.2762691814378703,0.20924263551381478,0.0437829544149853,0.20249758554387084,turn
85,50,20,4.09010481620669,-0.2500637803867939,0.2940672272268559,0.2295588734579115,0.02919766100665512,0.2045052408103345,turn
86,50,20,4.126866200603103,-0.25061831158491527,0.2573204616460053,0.206274354856776,0.0675890545705679,0.20634331003015516,turn
87,50,20,4.1628293305239445,-0.249572337937553,0.313596137299647,0.2360712814027963,0.0127637162733807,0.20814146652619725,turn
88,50,20,4.200178957222218,-0.24950010606627862,0.3420791825844725,0.2673035203797175,0.019088421696804716,0.2100089478611109,turn
89,50,20,4.239067595970982,-0.24449994647905088,0.3328109580988371,0.2431197455501219,0.014495537398625555,0.2119533797985491,turn
90,50,20,4.284720817910564,-0.24137910832111723,0.3201501567484614,0.24585856698462,0.011764236067209015,0.21423604089552822,turn
91,50,20,4.336767649607838,-0.24453090232676727,0.3024069908758481,0.226138274990555,0.024447379292843713,0.2168383824803919,turn
92,50,20,4.390818299521137,-0.2420276326846926,0.31436511975129444,0.22345429760104704,0.017305695272295592,0.21954091497605688,turn
93,50,20,4.448484749972631,-0.2362585893875988,0.31204163233975135,0.22080615637918521,0.014551318185511895,0.22242423749863158,turn
94,50,20,4.5066068268644175,-0.23722881728699186,0.2855709497299434,0.18845266209387512,0.049223590741673644,0.22533034134322089,turn
95,50,20,4.558673539899943,-0.2376704854043547,0.28598631942921154,0.21182711003999682,0.04376960828416,0.22793367699499717,turn
96,50,20,4.612331016791983,-0.24213265982719678,0.36562809576215705,0.26228524502871586,0.03133135080818625,0.23061655083959917,turn
97,50,20,4.666247747443793,-0.24703609732047094,0.34962747305820036,0.22191346825335198,0.04709720651769864,0.23331238737218968,turn
98,50,20,4.726934078065386,-0.24814610568078466,0.3518538416694074,0.24438701990378234,0.01614966558217888,0.2363467039032693,turn
99,50,20,4.795645624403405,-0.24806325638629978,0.3413050992056157,0.2490395352583556,0.008166099266544302,0.23978228122017026,turn
100,50,20,4.873012145686456,-0.25175531806362844,0.33211164991413106,0.21891519765262454,0.031767752482962215,0.2436506072843228,turn
101,50,20,4.95069954315631,-0.2462183790675647,0.3626426209149672,0.2609512269555406,0.01646372542041222,0.24753497715781553,turn
102,50,20,5.0318031601104485,-0.23830776133511122,0.34276758797786205,0.2132116299297434,0.02910519827629839,0.2515901580055224,turn
103,50,20,5.108621692311981,-0.2346100998271954,0.343598105907602,0.2143699008788835,0.022673382692256303,0.2554310846155991,turn
104,50,20,5.184939096359899,-0.23394106163554393,0.35535910339592236,0.24784824433213687,0.01646421011927043,0.2592469548179949,turn
105,50,20,5.268469014531124,-0.2375458040180992,0.36305368274735444,0.2668930104699412,0.03537096393965933,0.2634234507265562,turn
106,50,20,5.355929524846915,-0.2381166915961337,0.3625506014124972,0.23604723087999113,0.006128871429307691,0.26779647624234576,turn
107,50,20,5.439925934120936,-0.23010606759724223,0.38808877536934344,0.2832387593473279,0.05519992563970569,0.2719962967060468,turn
108,50,20,5.522629956733324,-0.22127139534740317,0.31827341844363877,0.19397440876311445,0.03615625155129285,0.2761314978366662,turn
109,50,20,5.601532580319948,-0.21746464752874897,0.33729846245408734,0.20429010223610294,0.017346058393756223,0.28007662901599745,turn
110,50,20,5.668720928569259,-0.217596565763652,0.31056282399595847,0.18463902526581388,0.047417734616795666,0.283436046428463,turn
111,50,20,5.710471060768994,-0.2139552475664594,0.3438966425847038,0.20326788321768818,0.013080351308208697,0.28552355303844973,turn
112,50,20,5.728928003448434,-0.2090143221425607,0.3697414721278058,0.17794165106423415,0.05196261608211774,0.28644640017242173,turn
113,50,20,5.731906335962973,-0.2007606800414041,0.3465141391248788,0.20920598420865613,0.014709791481385964,0.2865953167981487,turn
114,50,20,5.727152390148733,-0.18949510272952363,0.32504123436133153,0.1740415660396045,0.019136683773912175,0.28635761950743666,turn
115,50,20,5.720870029381267,-0.17963467909953107,0.3295936680435546,0.18162340430253032,0.011904527038231838,0.2860435014690634,turn
116,50,20,5.713191290566287,-0.1783439475814412,0.35158704768975113,0.17654044947590522,0.0183011597338448,0.28565956452831437,turn
117,50,20,5.703503581536908,-0.17992336976602852,0.36448444184858275,0.17821234956928922,0.034094223710201516,0.2851751790768454,turn
118,50,20,5.692891601309056,-0.17851032544326723,0.3547617776287743,0.1692922680080033,0.02954393814971995,0.28464458006545285,turn
119,50,20,5.6845317194377625,-0.17791362176594117,0.35064077603768834,0.18912619574631565,0.015984683149923178,0.28422658597188816,turn
120,50,20,5.678413176799193,-0.1792437024638109,0.3071781289262804,0.1672545471914477,0.02876771002771722,0.28392065883995965,turn
121,50,20,5.675158581700474,-0.17857026817039046,0.3376098939491789,0.17137223434049387,0.008958836299247212,0.28375792908502373,turn
122,50,20,5.6752394479115065,-0.17802026046274355,0.321057426154605,0.203220642852861,0.041261396600721534,0.2837619723955753,turn
123,50,20,5.673541337220017,-0.17828477179285945,0.32409136497053637,0.21162768781285196,0.0481498061535944,0.28367706686100086,turn
124,50,20,5.673552370958142,-0.17785355511925818,0.3196397291142186,0.15311299102840434,0.023875301809474506,0.28367761854790713,turn
125,50,20,5.677781942675531,-0.1757218923835664,0.3519311850763987,0.21818731948086267,0.04431318094875447,0.2838890971337766,turn
126,50,20,5.69098677182984,-0.16643022528754933,0.3206357525449518,0.16636199217277312,0.010950858693973865,0.284549338591492,turn
127,50,20,5.708733244772857,-0.15124676668798956,0.36860997195360434,0.1824472404451118,0.0462148017292073,0.28543666223864284,turn
128,50,20,5.726083900387766,-0.11504109563567456,0.2834762865822304,0.07728352589221127,0.040447530665220235,0.2863041950193883,turn
129,50,20,5.743814496309597,-0.08128621790294915,0.30041111021728806,0.066787333354963,0.015245807598470967,0.28719072481547986,mild
130,50,20,5.765244074752958,-0.05601023240806094,0.2831750758918365,0.045518046575002004,0.01398352575153421,0.2882622037376479,mild
131,50,20,5.787884694451569,-0.0307427399126232,0.300949604224149,0.04569738657320283,0.01657430524990681,0.28939423472257847,mild
132,50,20,5.811544505718512,-0.0020996213813241488,0.30376846651938355,0.02944776502929162,0.027556900201954875,0.2905772252859256,straight
133,50,20,5.841062267429669,0.022480740245895227,0.2945414745762293,0.027874838094678143,0.005646809918623466,0.29205311337148343,mild
134,50,20,5.874571866422378,0.051806250948525756,0.2827173564194182,0.057070377866702625,0.016742387333156045,0.2937285933211189,mild
135,50,20,5.908870623749537,0.07748752689146549,0.2763434663838761,0.06236668426695293,0.03209937004406869,0.29544353118747685,mild
136,50,20,5.936212184931454,0.09723822520301584,0.29292047395835163,0.07639888634178459,0.025528055112247393,0.2968106092465727,mild
137,50,20,5.96199077195021,0.12055429826098983,0.3118902597861524,0.09584031113751268,0.023929678032950916,0.2980995385975105,turn
138,50,20,5.985154306992397,0.13628038689868063,0.3294338294916116,0.1124579116918896,0.025421471329827427,0.29925771534961987,turn
139,50,20,6.015482067954522,0.1372482110778995,0.3077694393815521,0.12469034297196628,0.023215700998113428,0.3007741033977261,turn
140,50,20,6.04634999992617,0.14538829406331513,0.35580481709206535,0.15202166819801183,0.02048514244195115,0.3023174999963085,turn
141,50,20,6.082010723111775,0.14850208647824986,0.33316580183602135,0.15521087683196347,0.012267274484041555,0.3041005361555888,turn
142,50,20,6.117552391680048,0.14204661722013467,0.2947290579545133,0.14776052889290928,0.04714386961898667,0.30587761958400245,turn
143,50,20,6.1523569051184435,0.14057721124274933,0.372766773465373,0.14631477327979636,0.03681746290976416,0.3076178452559222,turn
144,50,20,6.189958479450354,0.14185695649634908,0.34224606198345553,0.1550447964289117,0.014996851195203598,0.30949792397251774,turn
145,50,20,6.231359795130858,0.13370121552801292,0.34060305751119496,0.09497245168075787,0.04199558064830583,0.31156798975654293,turn
146,50,20,6.270857692719403,0.12821864180097492,0.3076157839973361,0.13642625159000843,0.036240716486102255,0.3135428846359702,turn
147,50,20,6.311087703372584,0.1271064428394585,0.33797874596069477,0.15471319555528296,0.03173695970993604,0.3155543851686292,turn
148,50,20,6.346504904822964,0.11757051144635859,0.31999840784774686,0.07868140221226072,0.03899236080132813,0.3173252452411482,turn
149,50,20,6.373829013529926,0.11033664321696698,0.29852969884164166,0.054996830295228304,0.06491881790948832,0.31869145067649635,turn
150,50,20,6.401130773926297,0.10419550414982305,0.33140924661833127,0.0959758744827435,0.008035745207622772,0.32005653869631484,turn
151,50,20,6.425398435437228,0.09344426664264212,0.3339604420240736,0.11034366376345157,0.018565259868784448,0.3212699217718614,mild
152,50,20,6.443698665009836,0.08264679630828639,0.3554813636015821,0.07763704336582121,0.026957859538552596,0.3221849332504918,mild
153,50,20,6.457973979097285,0.07292896475841829,0.2944285440801782,0.0900752918858119,0.04078932854024082,0.3228986989548643,mild
1,50,40,3.491154333962337,0.13948405844139272,0.33345871599695304,0.2905817496743226,0.01663157750860067,0.17455771669811687,turn
2,50,40,3.470003859850699,0.12476094064330129,0.27885370898805556,0.21734373710819796,0.031761993060803656,0.17350019299253494,turn
3,50,40,3.410867340309391,0.1271275093399578,0.2918603625247601,0.21409491852544013,0.05112245281859611,0.17054336701546957,turn
4,50,40,3.351719853472594,0.12832806680376113,0.26456407747152383,0.2013277041859049,0.05501190816198796,0.16758599267362972,turn
5,50,40,3.3093560096943566,0.12504052193367435,0.30383165274977797,0.27647206986666834,0.04319924163739061,0.16546780048471785,turn
6,50,40,3.28154223130598,0.12379435724500995,0.29652177010706354,0.26644801982028,0.03576752647427363,0.16407711156529903,turn
7,50,40,3.236472411327258,0.12030475763301161,0.27987298559293017,0.23966264790744862,0.017131443651686278,0.1618236205663629,turn
8,50,40,3.209350003563438,0.11502343060405107,0.2727688732693837,0.22177894199968554,0.008307148632609089,0.1604675001781719,turn
9,50,40,3.1895435061531354,0.11434897264392548,0.23277099115351083,0.21283658276962455,0.05690093673837616,0.1594771753076568,turn
10,50,40,3.169427331756513,0.11538665762192188,0.2785833574157901,0.23257046602022213,0.006038112120251923,0.15847136658782568,turn
11,50,40,3.162379314712214,0.11856678342200694,0.24367057882401638,0.21533724450780692,0.045826072622769595,0.1581189657356107,turn
12,50,40,3.149721720449353,0.11235560483533062,0.2464683965121885,0.20194027208683962,0.027904392536243675,0.15748608602246766,turn
13,50,40,3.123966356458589,0.11381986110696882,0.23128593593636576,0.1953036008377547,0.04505294342618324,0.15619831782292948,turn
14,50,40,3.0937754569975873,0.11864161018256472,0.2764923810401579,0.24230512994324016,0.02116428145257227,0.15468877284987936,turn
15,50,40,3.0733384931404424,0.11703543407883696,0.2737539566202747,0.22148961031963446,0.01404156619119257,0.15366692465702214,turn
16,50,40,3.0888503346680904,0.10856382529640701,0.25246267001014067,0.20541389056870324,0.01394619303763226,0.15444251673340453,turn
17,50,40,3.06986390010676,0.10939117990173303,0.22448102492542205,0.17561746459053673,0.04528968831079492,0.153493195005338,turn
18,50,40,3.0747065665825244,0.11179575501441401,0.23840781971443675,0.19519421191732192,0.033003243191292164,0.15373532832912623,turn
19,50,40,3.1010492235898823,0.11704386988569318,0.26136047934318646,0.22687933521088408,0.02514636404704236,0.15505246117949412,turn
20,50,40,3.1350875013563257,0.1207647373224056,0.26294225995127446,0.2016300930322603,0.04153903116837664,0.1567543750678163,turn
21,50,40,3.174863425794385,0.11672095001069747,0.2736022209229701,0.22364690642657134,0.00951522448310365,0.15874317128971926,turn
22,50,40,3.2062253206219578,0.11753697487384675,0.28548263315438477,0.23238716036358092,0.005433906332182985,0.1603112660310979,turn
23,50,40,3.217800029758617,0.11753311342400496,0.24699609387189336,0.2124299156938329,0.040112331822444745,0.16089000148793087,turn
24,50,40,3.218504949285194,0.11643876406944319,0.29687446555861674,0.24985134324673924,0.01747646380886646,0.1609252474642597,turn
25,50,40,3.2070189783837044,0.11165241352065085,0.25074248912324437,0.22453964420417008,0.04196929057050195,0.16035094891918522,turn
26,50,40,3.212429841057388,0.12364907318742549,0.30594602666457554,0.24477308458207214,0.024020734577872474,0.1606214920528694,turn
27,50,40,3.2063398097046054,0.11721591492875466,0.27652831632897024,0.21647282440547458,0.021224880150666342,0.1603169904852303,turn
28,50,40,3.1966984783550103,0.11256841770770074,0.23979651185466797,0.17892519725058983,0.04575771336301908,0.15983492391775053,turn
29,50,40,3.205451733993647,0.11673528131085292,0.275368685695641,0.2556120390843367,0.05140384758793856,0.16027258669968236,turn
30,50,40,3.234686017996923,0.11687048690153959,0.262369537279323,0.22260981705099647,0.024842912044935186,0.16173430089984617,turn
31,50,40,3.2709320438243643,0.11841573217462135,0.2482066425649247,0.2118287194455568,0.04119539842947843,0.16354660219121822,turn
32,50,40,3.3167008324568776,0.12424538380910988,0.284252326846349,0.23479547071904378,0.01468098999318586,0.1658350416228439,turn
33,50,40,3.388974286798428,0.12803253345943794,0.31527534092874926,0.2594547636855873,0.009895713957006691,0.1694487143399214,turn
34,50,40,3.4751118579231277,0.12242672886554168,0.3037465408755529,0.24411971797205792,0.00641642306825786,0.17375559289615639,turn
35,50,40,3.561563405934483,0.12659383714492556,0.3095911134164228,0.22931621118225498,0.04071606924375678,0.17807817029672415,turn
36,50,40,3.6412915816900058,0.13762501867379287,0.353093501145919,0.3026061671102475,0.028006430634419852,0.1820645790845003,turn
37,50,40,3.7208905738250704,0.14076947779865953,0.32299390495590447,0.24337370871080144,0.047687325401912055,0.18604452869125354,turn
38,50,40,3.8099680313516964,0.14394562266205793,0.3588376407272243,0.3050637474452482,0.01805902441972331,0.19049840156758482,turn
39,50,40,3.9054808152175733,0.14590252902930828,0.35562832793172067,0.2880923605803921,0.013093039575709594,0.19527404076087868,turn
40,50,40,4.0050918309988415,0.15772457190785572,0.36063100044658153,0.300251028191268,0.01448287283393834,0.20025459154994207,turn
41,50,40,4.101529441726828,0.16717394019411483,0.38621914734979346,0.32190815887463337,0.013696809936060962,0.2050764720863414,turn
42,50,40,4.187937746837585,0.16862135736613845,0.38874486239851247,0.3285306248348891,0.008368416867391112,0.20939688734187928,turn
43,50,40,4.265685626600256,0.17438667489574644,0.4076973572675593,0.3591310603310849,0.023442923324419242,0.2132842813300128,turn
44,50,40,4.333699903927835,0.1837675488703586,0.4286954643090466,0.33807960097204137,0.05989074503501936,0.21668499519639176,turn
45,50,40,4.384177423633345,0.18798939618012495,0.4210680358787718,0.3556375935249879,0.019915196452086215,0.21920887118166724,turn
46,50,40,4.408596120666882,0.19146291397334772,0.4406528446998708,0.374716116564494,0.012396939311486044,0.2204298060333441,turn
47,50,40,4.40948975510394,0.1896966799384382,0.4614652776558866,0.4019206050482722,0.02386603439892984,0.220474487755197,turn
48,50,40,4.402979223212519,0.1856182949629417,0.4513532677895909,0.399160241547991,0.030751944229308457,0.22014896116062596,turn
49,50,40,4.389128249052325,0.18133774394292043,0.43248536843782887,0.4074233486601559,0.0755197278415285,0.21945641245261627,turn
50,50,40,4.373644451295517,0.1782609602186112,0.4396904382640486,0.3816906133264072,0.026142771068528074,0.21868222256477587,turn
51,50,40,4.348355875003692,0.1713868378497687,0.37666078939437075,0.3308109484807975,0.03787008334006017,0.21741779375018463,turn
52,50,40,4.315686914532399,0.16506023776716874,0.39320581043798997,0.33610855723237437,0.014400452056932696,0.21578434572661995,turn
53,50,40,4.285209335924377,0.15777690758674354,0.4148377559188502,0.36137135029005535,0.04784120118710632,0.21426046679621888,turn
54,50,40,4.254220412556105,0.14738227878326685,0.37841288810583135,0.3436605264869898,0.06716492436879784,0.21271102062780525,turn
55,50,40,4.215114622434393,0.1405756347553371,0.3669069841723584,0.3066789384527733,0.028034359178652848,0.21075573112171964,turn
56,50,40,4.1782564445344335,0.13219164006850406,0.3495845133829067,0.3079476190833829,0.05780474227135809,0.2089128222267217,turn
57,50,40,4.144212135843539,0.12078261728788167,0.3029140138144425,0.2734438806856702,0.06822550830609395,0.20721060679217695,turn
58,50,40,4.1103026117781924,0.10784504047469877,0.2825920826412431,0.23751393405376708,0.04970352589995888,0.20551513058890963,turn
59,50,40,4.072664677845869,0.09435169616724005,0.29105821388377284,0.21995569881210641,0.033944358497734084,0.20363323389229346,mild
60,50,40,4.037021348196095,0.07988197625339782,0.24257301945885146,0.15435471398115475,0.015617339716324922,0.20185106740980477,mild
61,50,40,4.0045444346770935,0.0637948607365285,0.23932840533329133,0.15506152821388836,0.03193212660816393,0.20022722173385468,mild
62,50,40,3.9736390315082954,0.04801063539050756,0.2207521618338098,0.09727200213620175,0.0015998070185945978,0.1986819515754148,mild
63,50,40,3.9418220464683986,0.030968142410017416,0.18515286804412776,0.043147604603014644,0.02729834429527703,0.19709110232341995,mild
64,50,40,3.91278405563668,0.013286824349862968,0.19569770220737068,0.0076568544736268,0.03417034804177752,0.195639202781834,straight
65,50,40,3.886913963813294,-0.0043872568953699335,0.20022199967868218,0.005880509665298983,0.01073277879696446,0.19434569819066472,straight
66,50,40,3.8682197091972577,-0.02133773534054085,0.24506329755251205,0.07904448318436659,0.04876330504985185,0.1934109854598629,mild
67,50,40,3.896282692472503,-0.03970990919414759,0.17576879109746546,0.03160403097840103,0.059112489358706805,0.19481413462362518,mild
68,50,40,3.9524687553875273,-0.060532459860848625,0.24753219493531325,0.1295960342270649,0.015774129861200966,0.19762343776937638,mild
69,50,40,4.001219072389032,-0.07679895279543947,0.24385265764129208,0.14749521996717851,0.008437041877119723,0.20006095361945164,mild
70,50,40,4.034563805356056,-0.09267911749122619,0.27881869873926135,0.19377591767058971,0.009000974343330923,0.2017281902678028,mild
71,50,40,4.04555010707655,-0.11139304977860812,0.3104665963102782,0.2452692370311165,0.0257593492096173,0.2022775053538275,turn
72,50,40,4.039844904708783,-0.132396591409751,0.31087534780414433,0.24445285509379552,0.022540649048594145,0.20199224523543916,turn
73,50,40,4.024838882944292,-0.14794160330192674,0.3664630443236515,0.3161229939721686,0.026186482354383058,0.2012419441472146,turn
74,50,40,4.0084326146222145,-0.1594092327690259,0.3633212354784827,0.29718715199926493,0.022387407496588466,0.20042163073111074,turn
75,50,40,3.994327511075574,-0.17726462607787907,0.39755207871037324,0.35606550182388264,0.023180818137787832,0.19971637555377872,turn
76,50,40,3.980442867835382,-0.19535924717368472,0.4262594723813281,0.39892699820062144,0.0451248420717035,0.1990221433917691,turn
77,50,40,3.9531587689940144,-0.20509510079480797,0.4136578053303411,0.37430211068702046,0.04199704429491498,0.19765793844970073,turn
78,50,40,3.931185188259808,-0.20737638049773077,0.4201907209931935,0.38458694715604524,0.040699652734316506,0.1965592594129904,turn
79,50,40,3.909739026688665,-0.21195894432180715,0.44663210645612633,0.4103492251405636,0.024183584913412725,0.19548695133443328,turn
80,50,40,3.900213965145786,-0.22078782521767223,0.45438204715758856,0.41526611815940007,0.028421960066800287,0.1950106982572893,turn
81,50,40,3.920683672215637,-0.23020122604863352,0.5155258462206697,0.4849020902393548,0.03367012034049927,0.19603418361078184,turn
82,50,40,3.964473617621556,-0.2360212929170127,0.496340305902702,0.4709728602802479,0.039883133451189684,0.1982236808810778,turn
83,50,40,4.008820569472842,-0.24317813644260486,0.4965653066916631,0.4693611516288728,0.041270381874610414,0.20044102847364212,turn
84,50,40,4.049951710877417,-0.24701107702218944,0.4775741230791006,0.43958728475119524,0.05655236385088832,0.20249758554387084,turn
85,50,40,4.09010481620669,-0.2500637803867939,0.5115501631526561,0.4868643320650889,0.047094896231875086,0.2045052408103345,turn
86,50,40,4.126866200603103,-0.25061831158491527,0.5302900139193811,0.5007540781015996,0.0323904646934209,0.20634331003015516,turn
87,50,40,4.1628293305239445,-0.249572337937553,0.5659044359366032,0.5299242889842363,0.03410735556051022,0.20814146652619725,turn
88,50,40,4.200178957222218,-0.24950010606627862,0.4965324363797445,0.4507416612499789,0.04729461648498157,0.2100089478611109,turn
89,50,40,4.239067595970982,-0.24449994647905088,0.5136145718320189,0.4747475170803669,0.022578466490866374,0.2119533797985491,turn
90,50,40,4.284720817910564,-0.24137910832111723,0.5320605381118692,0.47946825769263496,0.014396095170252147,0.21423604089552822,turn
91,50,40,4.336767649607838,-0.24453090232676727,0.567082404806719,0.529740783151206,0.045062951122328464,0.2168383824803919,turn
92,50,40,4.390818299521137,-0.2420276326846926,0.5325674901502762,0.4803257745516302,0.00828618101355855,0.21954091497605688,turn
93,50,40,4.448484749972631,-0.2362585893875988,0.5050310629087288,0.46342430230131826,0.024769956791545773,0.22242423749863158,turn
94,50,40,4.5066068268644175,-0.23722881728699186,0.5248905521139271,0.4799265665835481,0.01655190727087301,0.22533034134322089,turn
95,50,40,4.558673539899943,-0.2376704854043547,0.5546712159244572,0.5002690496299756,0.02766083685277734,0.22793367699499717,turn
96,50,40,4.612331016791983,-0.24213265982719678,0.5761613899444915,0.5189679389873441,0.03971312571722967,0.23061655083959917,turn
97,50,40,4.666247747443793,-0.24703609732047094,0.49621955919924243,0.4466766016550933,0.05026109838149332,0.23331238737218968,turn
98,50,40,4.726934078065386,-0.24814610568078466,0.5548967802986712,0.49155531448508855,0.019377982213661542,0.2363467039032693,turn
99,50,40,4.795645624403405,-0.24806325638629978,0.5508780333948449,0.5051628946231939,0.02448066472829626,0.23978228122017026,turn
100,50,40,4.873012145686456,-0.25175531806362844,0.557102472348085,0.500293594887395,0.00241734144633209,0.2436506072843228,turn
101,50,40,4.95069954315631,-0.2462183790675647,0.551108267801754,0.49217335322753386,0.0028944163926946207,0.24753497715781553,turn
102,50,40,5.0318031601104485,-0.23830776133511122,0.5556036196905811,0.49640170646821696,0.021812712066158608,0.2515901580055224,turn
103,50,40,5.108621692311981,-0.2346100998271954,0.5090474025584737,0.4452942678344505,0.025195899585287704,0.2554310846155991,turn
104,50,40,5.184939096359899,-0.23394106163554393,0.5220683356990353,0.467307742923329,0.027821441708672054,0.2592469548179949,turn
105,50,40,5.268469014531124,-0.2375458040180992,0.5322509957071544,0.47058754487654336,0.017429341380554794,0.2634234507265562,turn
106,50,40,5.355929524846915,-0.2381166915961337,0.5167366200096111,0.44410129991018854,0.03119071431482081,0.26779647624234576,turn
107,50,40,5.439925934120936,-0.23010606759724223,0.5582054596306729,0.47978222410270194,0.02370016881775775,0.2719962967060468,turn
108,50,40,5.522629956733324,-0.22127139534740317,0.5366646600905567,0.4499814145852097,0.016836662934035174,0.2761314978366662,turn
109,50,40,5.601532580319948,-0.21746464752874897,0.5007121018446095,0.4207648625840922,0.01668717256354396,0.28007662901599745,turn
110,50,40,5.668720928569259,-0.217596565763652,0.4914205697046712,0.41021478337121003,0.027949830139858627,0.283436046428463,turn
111,50,40,5.710471060768994,-0.2139552475664594,0.5107261738757128,0.43639084414077683,0.023717100840256515,0.28552355303844973,turn
112,50,40,5.728928003448434,-0.2090143221425607,0.5021372259535983,0.42501293443049076,0.02205935494139964,0.28644640017242173,turn
113,50,40,5.731906335962973,-0.2007606800414041,0.4922020236552227,0.3863438367045678,0.022150904652555564,0.2865953167981487,turn
114,50,40,5.727152390148733,-0.18949510272952363,0.45456891677987543,0.3277969098182955,0.05853887897069239,0.28635761950743666,turn
115,50,40,5.720870029381267,-0.17963467909953107,0.43447332611422723,0.3510820080490561,0.031146566725671163,0.2860435014690634,turn
116,50,40,5.713191290566287,-0.1783439475814412,0.4457968342746274,0.3688316458167974,0.036607187969892784,0.28565956452831437,turn
117,50,40,5.703503581536908,-0.17992336976602852,0.4613807503234658,0.38043343092087223,0.03248166090571624,0.2851751790768454,turn
118,50,40,5.692891601309056,-0.17851032544326723,0.4383432324025588,0.3560914138056485,0.029108884292774962,0.28464458006545285,turn
119,50,40,5.6845317194377625,-0.17791362176594117,0.42009301048844166,0.3370871775827845,0.03818802000953358,0.28422658597188816,turn
120,50,40,5.678413176799193,-0.1792437024638109,0.3947313775134544,0.2994915524675466,0.06482433126497604,0.28392065883995965,turn
121,50,40,5.675158581700474,-0.17857026817039046,0.4380444549472928,0.35093638841502994,0.02303948242015259,0.28375792908502373,turn
122,50,40,5.6752394479115065,-0.17802026046274355,0.4057388968859893,0.32014092850589565,0.049743474949334274,0.2837619723955753,turn
123,50,40,5.673541337220017,-0.17828477179285945,0.4576684296007779,0.3462116299686184,0.017378057763871968,0.28367706686100086,turn
124,50,40,5.673552370958142,-0.17785355511925818,0.43118365666213265,0.3510940295512787,0.03333155046755994,0.28367761854790713,turn
125,50,40,5.677781942675531,-0.1757218923835664,0.40870996418104194,0.32083766532728547,0.04335005796606436,0.2838890971337766,turn
126,50,40,5.69098677182984,-0.16643022528754933,0.43970529348937953,0.32625143643187887,0.01068724562905532,0.284549338591492,turn
127,50,40,5.708733244772857,-0.15124676668798956,0.3952996734622234,0.3241911992802398,0.05725304360795792,0.28543666223864284,turn
128,50,40,5.726083900387766,-0.11504109563567456,0.35395058235718496,0.19588829383474404,0.03453605615134014,0.2863041950193883,turn
129,50,40,5.743814496309597,-0.08128621790294915,0.35769287199449024,0.18575336735556433,0.029521095088227187,0.28719072481547986,mild
130,50,40,5.765244074752958,-0.05601023240806094,0.2954061031858569,0.08338662838850992,0.028831017020825182,0.2882622037376479,mild
131,50,40,5.787884694451569,-0.0307427399126232,0.25517037586023955,0.06940152047877769,0.04086001367865407,0.28939423472257847,mild
132,50,40,5.811544505718512,-0.0020996213813241488,0.29050375834122205,0.002658673280576631,0.001529646080814944,0.2905772252859256,straight
133,50,40,5.841062267429669,0.022480740245895227,0.2534832892058553,0.061149345090020034,0.04246318375337023,0.29205311337148343,mild
134,50,40,5.874571866422378,0.051806250948525756,0.30384832994540556,0.11048656152674564,0.012602042412279931,0.2937285933211189,mild
135,50,40,5.908870623749537,0.07748752689146549,0.3113555401159692,0.15384404978877764,0.024163103210943195,0.29544353118747685,mild
136,50,40,5.936212184931454,0.09723822520301584,0.35696562864600523,0.20874856287892748,0.016697526689254328,0.2968106092465727,mild
137,50,40,5.96199077195021,0.12055429826098983,0.36975996218817003,0.23638323652621612,0.014821692720457408,0.2980995385975105,turn
138,50,40,5.985154306992397,0.13628038689868063,0.3813212754417079,0.23800496805953278,0.03364385198271921,0.29925771534961987,turn
139,50,40,6.015482067954522,0.1372482110778995,0.4081149242811932,0.2730344161714372,0.0017050978331141443,0.3007741033977261,turn
140,50,40,6.04634999992617,0.14538829406331513,0.42939494302508124,0.3100209137802716,0.021190025022528685,0.3023174999963085,turn
141,50,40,6.082010723111775,0.14850208647824986,0.3646547391087882,0.2586557096590313,0.06046433902101583,0.3041005361555888,turn
142,50,40,6.117552391680048,0.14204661722013467,0.4164657112396273,0.2810332926765329,0.0020678519074937467,0.30587761958400245,turn
143,50,40,6.1523569051184435,0.14057721124274933,0.4087456975291707,0.26780050561829943,0.012297509428696866,0.3076178452559222,turn
144,50,40,6.189958479450354,0.14185695649634908,0.4407540018225218,0.3057294637032425,0.02402250607000921,0.30949792397251774,turn
145,50,40,6.231359795130858,0.13370121552801292,0.4136148196717284,0.26255754955302674,0.008235670381468968,0.31156798975654293,turn
146,50,40,6.270857692719403,0.12821864180097492,0.3821450639336279,0.27404164437217465,0.046962290476886326,0.3135428846359702,turn
147,50,40,6.311087703372584,0.1271064428394585,0.4339748510184208,0.270802223426425,0.028797749384275404,0.3155543851686292,turn
148,50,40,6.346504904822964,0.11757051144635859,0.3882783305653425,0.24799226285032824,0.022850032709837126,0.3173252452411482,turn
149,50,40,6.373829013529926,0.11033664321696698,0.4159883802444493,0.24419524414750168,0.029775075968306444,0.31869145067649635,turn
150,50,40,6.401130773926297,0.10419550414982305,0.36373684548454943,0.1993263825529703,0.01820497538449929,0.32005653869631484,turn
151,50,40,6.425398435437228,0.09344426664264212,0.38427803029706814,0.1819995981738378,0.017934858356286137,0.3212699217718614,mild
152,50,40,6.443698665009836,0.08264679630828639,0.34348993741893313,0.1654989846325231,0.020805556241546237,0.3221849332504918,mild
153,50,40,6.457973979097285,0.07292896475841829,0.3661033727476228,0.142578926584703,0.014774232325643911,0.3228986989548643,mild
2,100,10,3.470003859850699,0.12476094064330129,0.33023536215247723,0.109357401435284,0.039118776525052655,0.3470003859850699,turn
3,100,10,3.410867340309391,0.1271275093399578,0.35663748274186857,0.07258653715295682,0.053684930856102854,0.34108673403093914,turn
4,100,10,3.351719853472594,0.12832806680376113,0.31381171795106905,0.09539525779513702,0.050969454395112065,0.33517198534725945,turn
5,100,10,3.3093560096943566,0.12504052193367435,0.3264876481723306,0.0815305240728345,0.04569684598548342,0.3309356009694357,turn
6,100,10,3.28154223130598,0.12379435724500995,0.2635444724019551,0.109810392874981,0.08885499741330297,0.32815422313059806,turn
7,100,10,3.236472411327258,0.12030475763301161,0.29702302041359147,0.10424718980885019,0.049074498569191854,0.3236472411327258,turn
8,100,10,3.209350003563438,0.11502343060405107,0.282664500405487,0.13623903906537846,0.06574958865293247,0.3209350003563438,turn
9,100,10,3.1895435061531354,0.11434897264392548,0.2917290448294417,0.11565950396091085,0.04809737623607956,0.3189543506153136,turn
10,100,10,3.169427331756513,0.11538665762192188,0.30343303980076974,0.1271475851741496,0.03996185627026855,0.31694273317565136,turn
11,100,10,3.162379314712214,0.11856678342200694,0.3211315180462686,0.08223154860379897,0.035395977687343066,0.3162379314712214,turn
12,100,10,3.149721720449353,0.11235560483533062,0.3203038962905684,0.10352772478533107,0.014267718548175065,0.31497217204493533,turn
13,100,10,3.123966356458589,0.11381986110696882,0.3201160709578556,0.04670715874381783,0.06570680986728679,0.31239663564585896,turn
14,100,10,3.0937754569975873,0.11864161018256472,0.3200873359983463,0.07270614533584112,0.04431156738480299,0.3093775456997587,turn
15,100,10,3.0733384931404424,0.11703543407883696,0.3388185346466444,0.11827858999326996,0.01015201978409717,0.3073338493140443,turn
16,100,10,3.0888503346680904,0.10856382529640701,0.3264833565312392,0.08741153929037161,0.020394017900732975,0.30888503346680907,turn
17,100,10,3.06986390010676,0.10939117990173303,0.3211049162044874,0.08928626142547352,0.01841867931568973,0.306986390010676,turn
18,100,10,3.0747065665825244,0.11179575501441401,0.31757707301239113,0.08782534934373713,0.02237659268853919,0.30747065665825246,turn
19,100,10,3.1010492235898823,0.11704386988569318,0.3377789864911072,0.08643840826767582,0.03460046896274162,0.31010492235898823,turn
20,100,10,3.1350875013563257,0.1207647373224056,0.3072214635372892,0.08325500301630344,0.04152044007119023,0.3135087501356326,turn
21,100,10,3.174863425794385,0.11672095001069747,0.2996638504350631,0.0720053221098394,0.05423474987671172,0.31748634257943853,turn
22,100,10,3.2062253206219578,0.11753697487384675,0.3617284445526829,0.14407475407907713,0.029939414579379316,0.3206225320621958,turn
23,100,10,3.217800029758617,0.11753311342400496,0.35466404811033814,0.08332280878184253,0.04266026417048205,0.32178000297586173,turn
24,100,10,3.218504949285194,0.11643876406944319,0.35984624213862293,0.13631381142724194,0.02381465950924874,0.3218504949285194,turn
25,100,10,3.2070189783837044,0.11165241352065085,0.3321710613009144,0.10017487701354055,0.010685709929965698,0.32070189783837044,turn
26,100,10,3.212429841057388,0.12364907318742549,0.30615965041418547,0.125949374192974,0.040136507795970076,0.3212429841057388,turn
27,100,10,3.2063398097046054,0.11721591492875466,0.3201811123322166,0.11093051710062583,0.02111648315999619,0.3206339809704606,turn
28,100,10,3.1966984783550103,0.11256841770770074,0.3100074551463398,0.10707505695548908,0.028795300979208405,0.31966984783550106,turn
29,100,10,3.205451733993647,0.11673528131085292,0.3510655337090699,0.0921427767361552,0.030633997651401446,0.3205451733993647,turn
30,100,10,3.234686017996923,0.11687048690153959,0.3036369608656047,0.06908933137607776,0.05802813651484668,0.32346860179969233,turn
31,100,10,3.2709320438243643,0.11841573217462135,0.33273896249874635,0.10704888291382558,0.016139349481570406,0.32709320438243644,turn
32,100,10,3.3167008324568776,0.12424538380910988,0.32279642777999357,0.13551298755569788,0.03809954585234871,0.3316700832456878,turn
33,100,10,3.388974286798428,0.12803253345943794,0.3447813374525806,0.08996083859907228,0.03667429883400262,0.3388974286798428,turn
34,100,10,3.4751118579231277,0.12242672886554168,0.36061572691267546,0.12895684391471673,0.013858677135570183,0.34751118579231277,turn
35,100,10,3.561563405934483,0.12659383714492556,0.386258906623865,0.11441499342874503,0.016281383558471946,0.3561563405934483,turn
36,100,10,3.6412915816900058,0.13762501867379287,0.39206791453525985,0.10846676808067358,0.02992083399606673,0.3641291581690006,turn
37,100,10,3.7208905738250704,0.14076947779865953,0.3976117281588595,0.1257897155854027,0.013158286159605502,0.3720890573825071,turn
38,100,10,3.8099680313516964,0.14394562266205793,0.4027575131439021,0.1335563951162765,0.007754016687164465,0.38099680313516965,turn
39,100,10,3.9054808152175733,0.14590252902930828,0.4049941109768915,0.13923317919149322,0.011694987751264669,0.39054808152175735,turn
40,100,10,4.0050918309988415,0.15772457190785572,0.4251544773331435,0.08120840719353462,0.07683671244557697,0.40050918309988415,turn
41,100,10,4.101529441726828,0.16717394019411483,0.4459723304731145,0.08853214687152383,0.08402271108894752,0.4101529441726828,turn
42,100,10,4.187937746837585,0.16862135736613845,0.43900102113318107,0.17362041059580147,0.018230894786120392,0.41879377468375856,turn
43,100,10,4.265685626600256,0.17438667489574644,0.43274880193119736,0.14762376317104045,0.03224943798424969,0.4265685626600256,turn
44,100,10,4.333699903927835,0.1837675488703586,0.4481326127762443,0.2106154363163589,0.04682456402819032,0.4333699903927835,turn
45,100,10,4.384177423633345,0.18798939618012495,0.4455120032523882,0.20696598432047508,0.047258075241477855,0.4384177423633345,turn
46,100,10,4.408596120666882,0.19146291397334772,0.46458189767492586,0.1543122573438131,0.03327985042750867,0.4408596120666882,turn
47,100,10,4.40948975510394,0.1896966799384382,0.44272972923602294,0.17046875731793856,0.037724403747045734,0.440948975510394,turn
48,100,10,4.402979223212519,0.1856182949629417,0.4802100431248955,0.2132703085377097,0.03319733286857373,0.4402979223212519,turn
49,100,10,4.389128249052325,0.18133774394292043,0.4203677526642501,0.2040148676940751,0.06931366275194226,0.43891282490523253,turn
50,100,10,4.373644451295517,0.1782609602186112,0.4537623298861054,0.2122784552537149,0.05039500051285926,0.43736444512955175,turn
51,100,10,4.348355875003692,0.1713868378497687,0.44188855138901767,0.21776472012329984,0.06625843552350433,0.43483558750036927,turn
52,100,10,4.315686914532399,0.16506023776716874,0.43377972759665157,0.16694412806517622,0.03191647200255468,0.4315686914532399,turn
53,100,10,4.285209335924377,0.15777690758674354,0.4217108442190204,0.18490900444767772,0.05412116220760435,0.42852093359243776,turn
54,100,10,4.254220412556105,0.14738227878326685,0.4161970061716916,0.18910742213556705,0.06467529862915351,0.4254220412556105,turn
55,100,10,4.215114622434393,0.1405756347553371,0.39865704479979824,0.13650313412916779,0.04664111881075399,0.42151146224343927,turn
56,100,10,4.1782564445344335,0.13219164006850406,0.4115273284753824,0.1333872634848222,0.028904247213549412,0.4178256444534434,turn
57,100,10,4.144212135843539,0.12078261728788167,0.39588976787732005,0.14450306522687692,0.048462222975189116,0.4144212135843539,turn
58,100,10,4.1103026117781924,0.10784504047469877,0.4092281699480107,0.19776147556394855,0.09928565268843104,0.41103026117781927,turn
59,100,10,4.072664677845869,0.09435169616724005,0.4064398759910901,0.12450885000221895,0.036590108564574265,0.4072664677845869,mild
60,100,10,4.037021348196095,0.07988197625339782,0.3584402921037154,0.1075592562034834,0.058966836811667485,0.40370213481960954,mild
61,100,10,4.0045444346770935,0.0637948607365285,0.394633372503851,0.058672102889080834,0.011438560017371278,0.40045444346770936,mild
62,100,10,3.9736390315082954,0.04801063539050756,0.39683779324819013,0.053936058649877286,0.007965762887872634,0.3973639031508296,mild
63,100,10,3.9418220464683986,0.030968142410017416,0.36874230335409147,0.05812682917780901,0.035269768616474975,0.3941822046468399,mild
64,100,10,3.91278405563668,0.013286824349862968,0.3790769184244484,0.022904559560785208,0.014070719352269955,0.391278405563668,straight
65,100,10,3.886913963813294,-0.0043872568953699335,0.3653589923468104,0.027944393351718676,0.03045498308729535,0.38869139638132943,straight
66,100,10,3.8682197091972577,-0.02133773534054085,0.3614297346679875,0.02557266646032006,0.031148254454306922,0.3868219709197258,mild
67,100,10,3.896282692472503,-0.03970990919414759,0.35896986641838374,0.03866955185807284,0.06912882039539628,0.38962826924725036,mild
68,100,10,3.9524687553875273,-0.060532459860848625,0.3657937011804362,0.029831409024259264,0.06229551441984044,0.39524687553875276,mild
69,100,10,4.001219072389032,-0.07679895279543947,0.3769172133681495,0.0496984721637554,0.04164300374673045,0.4001219072389033,mild
70,100,10,4.034563805356056,-0.09267911749122619,0.39186071322395927,0.03171305619100533,0.06319633205912034,0.4034563805356056,mild
71,100,10,4.04555010707655,-0.11139304977860812,0.36187837225195457,0.07308519256697135,0.0712976115501353,0.404555010707655,turn
72,100,10,4.039844904708783,-0.132396591409751,0.35002198562330894,0.10187261517055261,0.0808958431345462,0.4039844904708783,turn
73,100,10,4.024838882944292,-0.14794160330192674,0.42239017166878523,0.09657768695559016,0.04982961117309704,0.4024838882944292,turn
74,100,10,4.0084326146222145,-0.1594092327690259,0.40205319845492027,0.1301684487671646,0.0347030059822902,0.4008432614622215,turn
75,100,10,3.994327511075574,-0.17726462607787907,0.41268848092274274,0.15270924979000097,0.027776384309137408,0.39943275110755744,turn
76,100,10,3.980442867835382,-0.19535924717368472,0.3868249502607899,0.15927240476085275,0.058518238558749165,0.3980442867835382,turn
77,100,10,3.9531587689940144,-0.20509510079480797,0.41985795064963266,0.1839793804915802,0.02634641761253263,0.39531587689940145,turn
78,100,10,3.931185188259808,-0.20737638049773077,0.39806581551512704,0.19429053645112349,0.04658459922500503,0.3931185188259808,turn
79,100,10,3.909739026688665,-0.21195894432180715,0.41927595515408755,0.1747147211689657,0.03565613695106474,0.39097390266886656,turn
80,100,10,3.900213965145786,-0.22078782521767223,0.4157044003868143,0.1751227801276993,0.04472314668003425,0.3900213965145786,turn
81,100,10,3.920683672215637,-0.23020122604863352,0.41916735801465915,0.19268241329589125,0.04055070030142646,0.3920683672215637,turn
82,100,10,3.964473617621556,-0.2360212929170127,0.4319245278907617,0.20524687429888314,0.032759662487975766,0.3964473617621556,turn
83,100,10,4.008820569472842,-0.24317813644260486,0.40477371543273727,0.17210986082569735,0.07839403584385715,0.40088205694728424,turn
84,100,10,4.049951710877417,-0.24701107702218944,0.44870196181356575,0.2395279867160814,0.027669971776836444,0.4049951710877417,turn
85,100,10,4.09010481620669,-0.2500637803867939,0.45623398477714916,0.21962296968951467,0.02846195133733838,0.409010481620669,turn
86,100,10,4.126866200603103,-0.25061831158491527,0.4198930037765157,0.20751580347336027,0.06427242426264682,0.4126866200603103,turn
87,100,10,4.1628293305239445,-0.249572337937553,0.45361279068461624,0.23794640559094712,0.03255118086379792,0.4162829330523945,turn
88,100,10,4.200178957222218,-0.24950010606627862,0.4783974756128886,0.21532565485952002,0.029869894012228344,0.4200178957222218,turn
89,100,10,4.239067595970982,-0.24449994647905088,0.4289942767332356,0.19737534808487664,0.06378364925147766,0.4239067595970982,turn
90,100,10,4.284720817910564,-0.24137910832111723,0.4891757912197716,0.23107160139183883,0.005449690066058592,0.42847208179105645,turn
91,100,10,4.336767649607838,-0.24453090232676727,0.5124814226000154,0.23208500880013114,0.022741380644145753,0.4336767649607838,turn
92,100,10,4.390818299521137,-0.2420276326846926,0.49601095607656165,0.24481604277607233,0.012970315772948533,0.43908182995211376,turn
93,100,10,4.448484749972631,-0.2362585893875988,0.5020154117280415,0.2178414796945308,0.014277581868185507,0.44484847499726315,turn
94,100,10,4.5066068268644175,-0.23722881728699186,0.5090553291004566,0.24449880031454693,0.014189640889087881,0.45066068268644177,turn
95,100,10,4.558673539899943,-0.2376704854043547,0.5106560367933775,0.23140696822878595,0.0035148821565458336,0.45586735398999434,turn
96,100,10,4.612331016791983,-0.24213265982719678,0.5075771851724579,0.27104990253672245,0.04703911062457163,0.46123310167919834,turn
97,100,10,4.666247747443793,-0.24703609732047094,0.546593013400633,0.28188490013172335,0.040337245806584175,0.46662477474437936,turn
98,100,10,4.726934078065386,-0.24814610568078466,0.5344688013054891,0.24945216495553652,0.007625161560242702,0.4726934078065386,turn
99,100,10,4.795645624403405,-0.24806325638629978,0.5606011517972691,0.25093899475425757,0.02073314802725328,0.4795645624403405,turn
100,100,10,4.873012145686456,-0.25175531806362844,0.5549022565152284,0.24718807405812637,0.006759637273794191,0.4873012145686456,turn
101,100,10,4.95069954315631,-0.2462183790675647,0.5457103695999578,0.2217140493215322,0.018467051757085795,0.49506995431563106,turn
102,100,10,5.0318031601104485,-0.23830776133511122,0.5358654605787884,0.20537826540518564,0.029180159262033618,0.5031803160110448,turn
103,100,10,5.108621692311981,-0.2346100998271954,0.5370638210206479,0.2176377874611637,0.025049676066682555,0.5108621692311982,turn
104,100,10,5.184939096359899,-0.23394106163554393,0.5786539886939565,0.21246201780424334,0.02396743592655506,0.5184939096359898,turn
105,100,10,5.268469014531124,-0.2375458040180992,0.6155572151774256,0.24552056373979717,0.037954212956825474,0.5268469014531124,turn
106,100,10,5.355929524846915,-0.2381166915961337,0.5698931389683948,0.2494353303424693,0.030411924153255762,0.5355929524846915,turn
107,100,10,5.439925934120936,-0.23010606759724223,0.599077433540365,0.20953196227152146,0.021231519992661436,0.5439925934120936,turn
108,100,10,5.522629956733324,-0.22127139534740317,0.604693702597454,0.23313044336849129,0.01826711964874639,0.5522629956733324,turn
109,100,10,5.601532580319948,-0.21746464752874897,0.6231269970245767,0.23145676889061056,0.025433662939483334,0.5601532580319949,turn
110,100,10,5.668720928569259,-0.217596565763652,0.6005355603483712,0.14763426441854474,0.06615121657251719,0.566872092856926,turn
111,100,10,5.710471060768994,-0.2139552475664594,0.5995094863571571,0.19150265101320135,0.017376192427187066,0.5710471060768995,turn
112,100,10,5.728928003448434,-0.2090143221425607,0.5978230767031968,0.2346982724589174,0.0390326097676721,0.5728928003448435,turn
113,100,10,5.731906335962973,-0.2007606800414041,0.593125557875046,0.2155116218909074,0.02942878793908941,0.5731906335962974,turn
114,100,10,5.727152390148733,-0.18949510272952363,0.5532831822275925,0.15061782398801227,0.056132379118096216,0.5727152390148733,turn
115,100,10,5.720870029381267,-0.17963467909953107,0.5833132596047157,0.1617021726813799,0.01875843966262503,0.5720870029381268,turn
116,100,10,5.713191290566287,-0.1783439475814412,0.5707678124491954,0.17324481183894178,0.028384201679915063,0.5713191290566287,turn
117,100,10,5.703503581536908,-0.17992336976602852,0.5924588239564273,0.17196183839608054,0.005908341328625778,0.5703503581536908,turn
118,100,10,5.692891601309056,-0.17851032544326723,0.5909004434566787,0.17344090595320386,0.005897982098790458,0.5692891601309057,turn
119,100,10,5.6845317194377625,-0.17791362176594117,0.5805640999363241,0.19962064726867315,0.03498319518219963,0.5684531719437763,turn
120,100,10,5.678413176799193,-0.1792437024638109,0.5411716365860969,0.18294104127072106,0.05699499751176595,0.5678413176799193,turn
121,100,10,5.675158581700474,-0.17857026817039046,0.5762156228484758,0.19113612491428267,0.029380474208471567,0.5675158581700475,turn
122,100,10,5.6752394479115065,-0.17802026046274355,0.5763111768236958,0.16659622520782316,0.018573758644114674,0.5675239447911506,turn
123,100,10,5.673541337220017,-0.17828477179285945,0.5429793589484267,0.19489572872679511,0.06016152050549149,0.5673541337220017,turn
124,100,10,5.673552370958142,-0.17785355511925818,0.5880739820962158,0.16414926970606078,0.009825101042813748,0.5673552370958143,turn
125,100,10,5.677781942675531,-0.1757218923835664,0.5555555047832742,0.17057528494900295,0.039480091480227006,0.5677781942675532,turn
126,100,10,5.69098677182984,-0.16643022528754933,0.5945653333550459,0.14502478509942107,0.0181935708965411,0.569098677182984,turn
127,100,10,5.708733244772857,-0.15124676668798956,0.58066439739912,0.15844378278569354,0.017154530136106644,0.5708733244772857,turn
128,100,10,5.726083900387766,-0.11504109563567456,0.5586263662427882,0.10523499299595598,0.025860543463847415,0.5726083900387766,turn
129,100,10,5.743814496309597,-0.08128621790294915,0.5758042537886215,0.06806776166419773,0.01137675814502048,0.5743814496309597,mild
130,100,10,5.765244074752958,-0.05601023240806094,0.5594811650002012,0.04034710451371155,0.026057762570734947,0.5765244074752958,mild
131,100,10,5.787884694451569,-0.0307427399126232,0.5657291856856168,0.02019965364254408,0.019807616668296692,0.5787884694451569,mild
132,100,10,5.811544505718512,-0.0020996213813241488,0.5876488522498549,0.01914116785892661,0.017223481616865093,0.5811544505718512,straight
133,100,10,5.841062267429669,0.022480740245895227,0.5397686084397807,0.07091915227924415,0.05645420282059694,0.5841062267429669,mild
134,100,10,5.874571866422378,0.051806250948525756,0.5844428663703287,0.016688783807262544,0.03412538307520353,0.5874571866422378,mild
135,100,10,5.908870623749537,0.07748752689146549,0.5589292886744626,0.09774084264394647,0.04192366881967806,0.5908870623749537,mild
136,100,10,5.936212184931454,0.09723822520301584,0.5805558330923504,0.08384777556695053,0.023133711813623316,0.5936212184931454,mild
137,100,10,5.96199077195021,0.12055429826098983,0.6152424507313484,0.0904970795041892,0.029961485927060508,0.596199077195021,turn
138,100,10,5.985154306992397,0.13628038689868063,0.5902158364035115,0.13580771868856129,0.02456348269484831,0.5985154306992397,turn
139,100,10,6.015482067954522,0.1372482110778995,0.6117049675984347,0.14433537084239936,0.013469646407386746,0.6015482067954522,turn
140,100,10,6.04634999992617,0.14538829406331513,0.6263574223679856,0.144449893963358,0.004974102679318576,0.604634999992617,turn
141,100,10,6.082010723111775,0.14850208647824986,0.6226679579437676,0.13492926781339779,0.009316003016914595,0.6082010723111776,turn
142,100,10,6.117552391680048,0.14204661722013467,0.6209413075507741,0.14431194388380766,0.010812789167158037,0.6117552391680049,turn
143,100,10,6.1523569051184435,0.14057721124274933,0.6327430978793737,0.15449108898193095,0.018328829640155225,0.6152356905118443,turn
144,100,10,6.189958479450354,0.14185695649634908,0.6356075667497493,0.14531323174728122,0.007786045218566062,0.6189958479450355,turn
145,100,10,6.231359795130858,0.13370121552801292,0.6176182397409088,0.13601742364080446,0.0218160199725605,0.6231359795130859,turn
146,100,10,6.270857692719403,0.12821864180097492,0.6363916449480514,0.13129617240665184,0.008704313716442397,0.6270857692719404,turn
147,100,10,6.311087703372584,0.1271064428394585,0.6839323259744223,0.12339624447293816,0.042793861615316925,0.6311087703372584,turn
148,100,10,6.346504904822964,0.11757051144635859,0.6563388950105496,0.13886180167019962,0.025578477347790864,0.6346504904822964,turn
149,100,10,6.373829013529926,0.11033664321696698,0.657917189614029,0.14829647973602267,0.04156034708913497,0.6373829013529927,turn
150,100,10,6.401130773926297,0.10419550414982305,0.6441925103921692,0.10231001025746221,0.0047720536934546,0.6401130773926297,turn
151,100,10,6.425398435437228,0.09344426664264212,0.6363693022504615,0.07961574791650439,0.01627427052588029,0.6425398435437228,mild
152,100,10,6.443698665009836,0.08264679630828639,0.6590510854224448,0.09141861004970632,0.013709947168757735,0.6443698665009836,mild
153,100,10,6.457973979097285,0.07292896475841829,0.6640419016780585,0.09151073585261835,0.023377629249561153,0.6457973979097286,mild
2,100,20,3.470003859850699,0.12476094064330129,0.38352168436285927,0.23196373222325806,0.04479925486953131,0.3470003859850699,turn
3,100,20,3.410867340309391,0.1271275093399578,0.43554187470011124,0.22477933245454404,0.04417170024202266,0.34108673403093914,turn
4,100,20,3.351719853472594,0.12832806680376113,0.3608934705519888,0.20517646114137683,0.06462085349338482,0.33517198534725945,turn
5,100,20,3.3093560096943566,0.12504052193367435,0.37884466421041674,0.2591716253804797,0.05183759824363456,0.3309356009694357,turn
6,100,20,3.28154223130598,0.12379435724500995,0.36702858039365943,0.2537341880453956,0.05843868448216961,0.32815422313059806,turn
7,100,20,3.236472411327258,0.12030475763301161,0.37806621379901717,0.25757651001719806,0.0472871727649922,0.3236472411327258,turn
8,100,20,3.209350003563438,0.11502343060405107,0.3189066264373871,0.21415868919992562,0.07969357126237868,0.3209350003563438,turn
9,100,20,3.1895435061531354,0.11434897264392548,0.3686685902379113,0.2296118195590044,0.030234165313305576,0.3189543506153136,turn
10,100,20,3.169427331756513,0.11538665762192188,0.3565412172906484,0.2068700723776238,0.03590033896248104,0.31694273317565136,turn
11,100,20,3.162379314712214,0.11856678342200694,0.3732297090809536,0.19982665239946162,0.03568232548905855,0.3162379314712214,turn
12,100,20,3.149721720449353,0.11235560483533062,0.34481740107779557,0.17627171318821838,0.05133620561057185,0.31497217204493533,turn
13,100,20,3.123966356458589,0.11381986110696882,0.39031120567245114,0.20077943492077321,0.03457980496559803,0.31239663564585896,turn
14,100,20,3.0937754569975873,0.11864161018256472,0.3915759351907167,0.23739646086449503,0.002026690441671883,0.3093775456997587,turn
15,100,20,3.0733384931404424,0.11703543407883696,0.39044520665719246,0.1844063100440643,0.06453546690724725,0.3073338493140443,turn
16,100,20,3.0888503346680904,0.10856382529640701,0.34466536568733164,0.17942648064348504,0.03961317464108355,0.30888503346680907,turn
17,100,20,3.06986390010676,0.10939117990173303,0.33716047831018237,0.16146364822939493,0.05713414917978684,0.306986390010676,turn
18,100,20,3.0747065665825244,0.11179575501441401,0.35058517742932804,0.16887982340360605,0.05294915626574548,0.30747065665825246,turn
19,100,20,3.1010492235898823,0.11704386988569318,0.3819404101564788,0.21329983759393262,0.019914212923448322,0.31010492235898823,turn
20,100,20,3.1350875013563257,0.1207647373224056,0.3965443729658997,0.2357566741268866,0.005735885620667787,0.3135087501356326,turn
21,100,20,3.174863425794385,0.11672095001069747,0.3899565798939085,0.21409850348147066,0.019163751110203707,0.31748634257943853,turn
22,100,20,3.2062253206219578,0.11753697487384675,0.4283481316723789,0.23471981820271637,0.03865807487870341,0.3206225320621958,turn
23,100,20,3.217800029758617,0.11753311342400496,0.35133188401500254,0.2155250546056918,0.04782844009243483,0.32178000297586173,turn
24,100,20,3.218504949285194,0.11643876406944319,0.36275598294166056,0.22799363391123698,0.03900395549477208,0.3218504949285194,turn
25,100,20,3.2070189783837044,0.11165241352065085,0.3800923439880604,0.19870136586402254,0.022895253918326284,0.32070189783837044,turn
26,100,20,3.212429841057388,0.12364907318742549,0.4416477586656546,0.2550080418289826,0.04077557556415663,0.3212429841057388,turn
27,100,20,3.2063398097046054,0.11721591492875466,0.3951052748421983,0.20613502127736477,0.03125665730666508,0.3206339809704606,turn
28,100,20,3.1966984783550103,0.11256841770770074,0.36593441801998056,0.20418909892689752,0.02578428742014522,0.31966984783550106,turn
29,100,20,3.205451733993647,0.11673528131085292,0.373865272747367,0.18835593297264025,0.043296264507071094,0.3205451733993647,turn
30,100,20,3.234686017996923,0.11687048690153959,0.3886750629183751,0.22542669085378794,0.010392839325174074,0.32346860179969233,turn
31,100,20,3.2709320438243643,0.11841573217462135,0.3863376244808337,0.22105773967740136,0.018236999435026435,0.32709320438243644,turn
32,100,20,3.3167008324568776,0.12424538380910988,0.3987321676800452,0.24334488610229185,0.017350190997229082,0.3316700832456878,turn
33,100,20,3.388974286798428,0.12803253345943794,0.4274402654329869,0.2530298943461163,0.004280675387136783,0.3388974286798428,turn
34,100,20,3.4751118579231277,0.12242672886554168,0.43346952346138895,0.2263073126977455,0.02781190395544324,0.34751118579231277,turn
35,100,20,3.561563405934483,0.12659383714492556,0.43019626936076877,0.2519503907140886,0.008922134313385658,0.3561563405934483,turn
36,100,20,3.6412915816900058,0.13762501867379287,0.4608697836548721,0.2642690330694834,0.014747141516787956,0.3641291581690006,turn
37,100,20,3.7208905738250704,0.14076947779865953,0.48379148155611434,0.28244970467535124,0.019732117627315703,0.3720890573825071,turn
38,100,20,3.8099680313516964,0.14394562266205793,0.515460024202079,0.30609011205969544,0.03845127746938004,0.38099680313516965,turn
39,100,20,3.9054808152175733,0.14590252902930828,0.4688533916014741,0.27513646553845067,0.018844888688399467,0.39054808152175735,turn
40,100,20,4.0050918309988415,0.15772457190785572,0.5033415804749188,0.2946880293884746,0.018416996647949303,0.40050918309988415,turn
41,100,20,4.101529441726828,0.16717394019411483,0.493197311677283,0.2849406222590814,0.04709561769221802,0.4101529441726828,turn
42,100,20,4.187937746837585,0.16862135736613845,0.5177565619694315,0.30406190786055143,0.029795852055431237,0.41879377468375856,turn
43,100,20,4.265685626600256,0.17438667489574644,0.5332734913895208,0.332785677193086,0.01802108925716659,0.4265685626600256,turn
44,100,20,4.333699903927835,0.1837675488703586,0.547888820870715,0.3772960843015178,0.03988691747636966,0.4333699903927835,turn
45,100,20,4.384177423633345,0.18798939618012495,0.5804114614925883,0.3786243576350344,0.006962310100758714,0.4384177423633345,turn
46,100,20,4.408596120666882,0.19146291397334772,0.6118245579213775,0.37577091756033393,0.04092103049107629,0.4408596120666882,turn
47,100,20,4.40948975510394,0.1896966799384382,0.5604817760699223,0.3560398436016475,0.022821319973653383,0.440948975510394,turn
48,100,20,4.402979223212519,0.1856182949629417,0.5686342109930891,0.4179067156102044,0.07239619648741252,0.4402979223212519,turn
49,100,20,4.389128249052325,0.18133774394292043,0.5318102923077198,0.36378591450775316,0.05171987700521664,0.43891282490523253,turn
50,100,20,4.373644451295517,0.1782609602186112,0.5540957158164047,0.36106274271268524,0.021492282293715723,0.43736444512955175,turn
51,100,20,4.348355875003692,0.1713868378497687,0.5267109316283006,0.3471686518896399,0.04054415160763616,0.43483558750036927,turn
52,100,20,4.315686914532399,0.16506023776716874,0.5424443398291818,0.3332020138864808,0.008996038199589922,0.4315686914532399,turn
53,100,20,4.285209335924377,0.15777690758674354,0.5260795121402405,0.3798362030426884,0.08856770096445628,0.42852093359243776,turn
54,100,20,4.254220412556105,0.14738227878326685,0.5222408660469973,0.32278714387132396,0.03506788670345438,0.4254220412556105,turn
55,100,20,4.215114622434393,0.1405756347553371,0.4820657046211925,0.3116419367383641,0.060352919595299245,0.42151146224343927,turn
56,100,20,4.1782564445344335,0.13219164006850406,0.5177667162630656,0.3320410879426046,0.0730594565661998,0.4178256444534434,turn
57,100,20,4.144212135843539,0.12078261728788167,0.45692630242697196,0.27760014014636875,0.06058352375694864,0.4144212135843539,turn
58,100,20,4.1103026117781924,0.10784504047469877,0.44508593698193794,0.20944613925917785,0.020178138924258054,0.41103026117781927,turn
59,100,20,4.072664677845869,0.09435169616724005,0.44792738846298785,0.18623153484696928,0.001242511695529552,0.4072664677845869,mild
60,100,20,4.037021348196095,0.07988197625339782,0.43135296234086,0.18673307767522815,0.03181611019153317,0.40370213481960954,mild
61,100,20,4.0045444346770935,0.0637948607365285,0.4347844640087954,0.15056806630924885,0.02497966738269876,0.40045444346770936,mild
62,100,20,3.9736390315082954,0.04801063539050756,0.34444157828058236,0.12731824407669226,0.07105930469426104,0.3973639031508296,mild
63,100,20,3.9418220464683986,0.030968142410017416,0.3833614113573682,0.08747078886090687,0.03134842528659263,0.3941822046468399,mild
64,100,20,3.91278405563668,0.013286824349862968,0.38905922319911956,0.05732072151786875,0.03129765397021807,0.391278405563668,straight
65,100,20,3.886913963813294,-0.0043872568953699335,0.3827209168245288,0.009743212748091987,0.017417719799664468,0.38869139638132943,straight
66,100,20,3.8682197091972577,-0.02133773534054085,0.342498758515674,0.06713883002325197,0.04791406672224289,0.3868219709197258,mild
67,100,20,3.896282692472503,-0.03970990919414759,0.36470528773528493,0.052765780073715414,0.04371959278541947,0.38962826924725036,mild
68,100,20,3.9524687553875273,-0.060532459860848625,0.39377528291833364,0.07189641858242292,0.049231159061771994,0.39524687553875276,mild
69,100,20,4.001219072389032,-0.07679895279543947,0.42405876385911484,0.18473595958322472,0.036574059853175016,0.4001219072389033,mild
70,100,20,4.034563805356056,-0.09267911749122619,0.38385320225947095,0.12932242823555834,0.07288228960096753,0.4034563805356056,mild
71,100,20,4.04555010707655,-0.11139304977860812,0.43859571344784387,0.23096191039430214,0.03239042428483978,0.404555010707655,turn
72,100,20,4.039844904708783,-0.132396591409751,0.46145427006869555,0.22242957396948682,0.04003418634325426,0.4039844904708783,turn
73,100,20,4.024838882944292,-0.14794160330192674,0.4759139904809805,0.25305926134147544,0.04019827873234009,0.4024838882944292,turn
74,100,20,4.0084326146222145,-0.1594092327690259,0.47486724503250727,0.2740556518978857,0.044757708352367316,0.4008432614622215,turn
75,100,20,3.994327511075574,-0.17726462607787907,0.48898921762053166,0.28310877413634644,0.06826240300269137,0.39943275110755744,turn
76,100,20,3.980442867835382,-0.19535924717368472,0.5460969992537033,0.379970634973558,0.011526514481086717,0.3980442867835382,turn
77,100,20,3.9531587689940144,-0.20509510079480797,0.5233087460307329,0.3546244489175174,0.05393920127699622,0.39531587689940145,turn
78,100,20,3.931185188259808,-0.20737638049773077,0.5469540833004374,0.38095142701212475,0.03056739683405196,0.3931185188259808,turn
79,100,20,3.909739026688665,-0.21195894432180715,0.5517662374440342,0.3811504864375688,0.03929847060397636,0.39097390266886656,turn
80,100,20,3.900213965145786,-0.22078782521767223,0.6075787889313741,0.43420994009947866,0.03251259342712625,0.3900213965145786,turn
81,100,20,3.920683672215637,-0.23020122604863352,0.570836024829739,0.44097655626707793,0.037019701430916256,0.3920683672215637,turn
82,100,20,3.964473617621556,-0.2360212929170127,0.5876143664526243,0.45956846757037534,0.03525051382031233,0.3964473617621556,turn
83,100,20,4.008820569472842,-0.24317813644260486,0.5707539511316266,0.4742295100022555,0.08114017939266027,0.40088205694728424,turn
84,100,20,4.049951710877417,-0.24701107702218944,0.6274887936312684,0.48370269560053447,0.012345690132645437,0.4049951710877417,turn
85,100,20,4.09010481620669,-0.2500637803867939,0.6430692347758884,0.4759001413788468,0.027346789150763013,0.409010481620669,turn
86,100,20,4.126866200603103,-0.25061831158491527,0.6346552202534741,0.47161969917817465,0.025855454073292077,0.4126866200603103,turn
87,100,20,4.1628293305239445,-0.249572337937553,0.6149172045162533,0.4593756046448568,0.03760546848497647,0.4162829330523945,turn
88,100,20,4.200178957222218,-0.24950010606627862,0.6443794804784131,0.4765311716921606,0.019654713261353565,0.4200178957222218,turn
89,100,20,4.239067595970982,-0.24449994647905088,0.6273498046181287,0.46488651145728177,0.02104496828474173,0.4239067595970982,turn
90,100,20,4.284720817910564,-0.24137910832111723,0.621830415169577,0.4631770785880962,0.024118968142725065,0.42847208179105645,turn
91,100,20,4.336767649607838,-0.24453090232676727,0.676912480812985,0.4854604987002591,0.03393041176628794,0.4336767649607838,turn
92,100,20,4.390818299521137,-0.2420276326846926,0.6301064037538766,0.4477965530208331,0.0311909062924872,0.43908182995211376,turn
93,100,20,4.448484749972631,-0.2362585893875988,0.6563168652118394,0.46238153344378596,0.016927806402731706,0.44484847499726315,turn
94,100,20,4.5066068268644175,-0.23722881728699186,0.6064857010205594,0.4573595618303519,0.056698904105323994,0.45066068268644177,turn
95,100,20,4.558673539899943,-0.2376704854043547,0.6017806701373003,0.4417674947844026,0.058897622484704995,0.45586735398999434,turn
96,100,20,4.612331016791983,-0.24213265982719678,0.6570774365852475,0.4659002718276784,0.013481613650941629,0.46123310167919834,turn
97,100,20,4.666247747443793,-0.24703609732047094,0.6729716030120679,0.5080697169785762,0.035786546354062726,0.46662477474437936,turn
98,100,20,4.726934078065386,-0.24814610568078466,0.6831947518829277,0.48923916097960424,0.002297011533050482,0.4726934078065386,turn
99,100,20,4.795645624403405,-0.24806325638629978,0.6766353238864042,0.4879270323291273,0.016925494188613305,0.4795645624403405,turn
100,100,20,4.873012145686456,-0.25175531806362844,0.7218019587251082,0.4795319640383001,0.053178204658895604,0.4873012145686456,turn
101,100,20,4.95069954315631,-0.2462183790675647,0.7002221630035849,0.4691170051171638,0.026404983994207806,0.49506995431563106,turn
102,100,20,5.0318031601104485,-0.23830776133511122,0.7110550658859588,0.46765536959699744,0.028359103904279637,0.5031803160110448,turn
103,100,20,5.108621692311981,-0.2346100998271954,0.660522320150222,0.4626943542528427,0.043322914849787904,0.5108621692311982,turn
104,100,20,5.184939096359899,-0.23394106163554393,0.7203212899761564,0.4781554651829033,0.022065587157946546,0.5184939096359898,turn
105,100,20,5.268469014531124,-0.2375458040180992,0.7123480617644707,0.4794948406050672,0.012018848724620649,0.5268469014531124,turn
106,100,20,5.355929524846915,-0.2381166915961337,0.7306636879699078,0.45443942467922294,0.03639052199359568,0.5355929524846915,turn
107,100,20,5.439925934120936,-0.23010606759724223,0.7126738524673508,0.43617058789316343,0.023464229662968343,0.5439925934120936,turn
108,100,20,5.522629956733324,-0.22127139534740317,0.7020535980039242,0.42659719371606497,0.009824006080243057,0.5522629956733324,turn
109,100,20,5.601532580319948,-0.21746464752874897,0.7147946267185995,0.4662000985953333,0.043393231725824585,0.5601532580319949,turn
110,100,20,5.668720928569259,-0.217596565763652,0.7004309141227356,0.4146785723163535,0.016090420016839184,0.566872092856926,turn
111,100,20,5.710471060768994,-0.2139552475664594,0.7029694621666964,0.3867101929974468,0.0375594197224066,0.5710471060768995,turn
112,100,20,5.728928003448434,-0.2090143221425607,0.7314774033908362,0.42773217506142247,0.02233251133239131,0.5728928003448435,turn
113,100,20,5.731906335962973,-0.2007606800414041,0.6793410266535542,0.38481409631792307,0.020571255205827227,0.5731906335962974,turn
114,100,20,5.727152390148733,-0.18949510272952363,0.7026000288700764,0.34206930184490175,0.05195488294326927,0.5727152390148733,turn
115,100,20,5.720870029381267,-0.17963467909953107,0.6793001114346812,0.3551732367023882,0.003990251351453399,0.5720870029381268,turn
116,100,20,5.713191290566287,-0.1783439475814412,0.6285007670358534,0.3324925960829121,0.045204633933432284,0.5713191290566287,turn
117,100,20,5.703503581536908,-0.17992336976602852,0.6373608066369675,0.3605822366537947,0.046300594396066944,0.5703503581536908,turn
118,100,20,5.692891601309056,-0.17851032544326723,0.6373756426938796,0.3163135170345907,0.04087256073328975,0.5692891601309057,turn
119,100,20,5.6845317194377625,-0.17791362176594117,0.6759265761162476,0.39768276589724494,0.05218222316713051,0.5684531719437763,turn
120,100,20,5.678413176799193,-0.1792437024638109,0.6704260495803682,0.3631137978242318,0.011930128700395172,0.5678413176799193,turn
121,100,20,5.675158581700474,-0.17857026817039046,0.6456286867134557,0.3461589364681008,0.026063486420456024,0.5675158581700475,turn
122,100,20,5.6752394479115065,-0.17802026046274355,0.6405617157147439,0.33097570365302004,0.03016330117167443,0.5675239447911506,turn
123,100,20,5.673541337220017,-0.17828477179285945,0.6340280826723745,0.35944324012243284,0.04660151522972302,0.5673541337220017,turn
124,100,20,5.673552370958142,-0.17785355511925818,0.6770367370726391,0.36250140477724063,0.011689830672739663,0.5673552370958143,turn
125,100,20,5.677781942675531,-0.1757218923835664,0.6191448909751235,0.3352195229004741,0.0504573720472915,0.5677781942675532,turn
126,100,20,5.69098677182984,-0.16643022528754933,0.6656086445619269,0.32667032507495675,0.008444279420218715,0.569098677182984,turn
127,100,20,5.708733244772857,-0.15124676668798956,0.5957892927648742,0.29014818052723895,0.052028665678675444,0.5708733244772857,turn
128,100,20,5.726083900387766,-0.11504109563567456,0.571878799998195,0.22125207438040212,0.04584115469448011,0.5726083900387766,turn
129,100,20,5.743814496309597,-0.08128621790294915,0.5788080960835953,0.18068810438939628,0.030956619363888216,0.5743814496309597,mild
130,100,20,5.765244074752958,-0.05601023240806094,0.5579559676076694,0.11396205624281544,0.029824313508295317,0.5765244074752958,mild
131,100,20,5.787884694451569,-0.0307427399126232,0.5528456469474355,0.05526490784881629,0.03095032512270834,0.5787884694451569,mild
132,100,20,5.811544505718512,-0.0020996213813241488,0.56138881482072,0.028372230639244995,0.03142846073061872,0.5811544505718512,straight
133,100,20,5.841062267429669,0.022480740245895227,0.579999865571203,0.03497942828005386,0.011031276435416532,0.5841062267429669,mild
134,100,20,5.874571866422378,0.051806250948525756,0.5667501284579599,0.07813328462515082,0.03830870048936876,0.5874571866422378,mild
135,100,20,5.908870623749537,0.07748752689146549,0.5911555452116998,0.14992787064058283,0.01980567588402394,0.5908870623749537,mild
136,100,20,5.936212184931454,0.09723822520301584,0.5642178658125707,0.19336391297253624,0.06164709603185328,0.5936212184931454,mild
137,100,20,5.96199077195021,0.12055429826098983,0.6230569454558672,0.26804214397997406,0.04440065038886987,0.596199077195021,turn
138,100,20,5.985154306992397,0.13628038689868063,0.6076017284514388,0.24443284484994818,0.05076037781135592,0.5985154306992397,turn
139,100,20,6.015482067954522,0.1372482110778995,0.67900849473811,0.29875702727832354,0.02878205966252351,0.6015482067954522,turn
140,100,20,6.04634999992617,0.14538829406331513,0.6390437315960374,0.2751115193206998,0.031973363494337145,0.604634999992617,turn
141,100,20,6.082010723111775,0.14850208647824986,0.6580186192517274,0.2429727500480939,0.04970729824890481,0.6082010723111776,turn
142,100,20,6.117552391680048,0.14204661722013467,0.6303764237426235,0.28019313589760925,0.047411601813527035,0.6117552391680049,turn
143,100,20,6.1523569051184435,0.14057721124274933,0.6952509281811021,0.26991036158890247,0.025429720469065633,0.6152356905118443,turn
144,100,20,6.189958479450354,0.14185695649634908,0.684807610257013,0.3099443497793746,0.032073478536672695,0.6189958479450355,turn
145,100,20,6.231359795130858,0.13370121552801292,0.7097141214032047,0.25872313409384884,0.03781272265883885,0.6231359795130859,turn
146,100,20,6.270857692719403,0.12821864180097492,0.6884851864495598,0.29146856731422965,0.039298234598097795,0.6270857692719404,turn
147,100,20,6.311087703372584,0.1271064428394585,0.6606016708959676,0.2773757762635519,0.04122219775319197,0.6311087703372584,turn
148,100,20,6.346504904822964,0.11757051144635859,0.6573557096334925,0.23732021978738457,0.0231929119106697,0.6346504904822964,turn
149,100,20,6.373829013529926,0.11033664321696698,0.6628926580807105,0.19103620861393372,0.026388026264200313,0.6373829013529927,turn
150,100,20,6.401130773926297,0.10419550414982305,0.6572698350265982,0.20564523532242632,0.01666314091087472,0.6401130773926297,turn
151,100,20,6.425398435437228,0.09344426664264212,0.6902869713333886,0.17667040666239844,0.02602804497806194,0.6425398435437228,mild
152,100,20,6.443698665009836,0.08264679630828639,0.6700494913012379,0.164862669833943,0.005002040972871634,0.6443698665009836,mild
153,100,20,6.457973979097285,0.07292896475841829,0.6503462625533052,0.15290473373468977,0.01657462657629544,0.6457973979097286,mild
2,100,40,3.470003859850699,0.12476094064330129,0.6312323805963606,0.539795662812431,0.04759756919516847,0.3470003859850699,turn
3,100,40,3.410867340309391,0.1271275093399578,0.5520679577254423,0.45450847252032917,0.06043343151512658,0.34108673403093914,turn
4,100,40,3.351719853472594,0.12832806680376113,0.5879934641679936,0.486366198538874,0.026186404075683525,0.33517198534725945,turn
5,100,40,3.3093560096943566,0.12504052193367435,0.559563520295181,0.4799189980289015,0.04785839506531309,0.3309356009694357,turn
6,100,40,3.28154223130598,0.12379435724500995,0.560234969258865,0.4802269009768504,0.04301315161268802,0.32815422313059806,turn
7,100,40,3.236472411327258,0.12030475763301161,0.5567356401637459,0.48672519961329724,0.052078785231132914,0.3236472411327258,turn
8,100,40,3.209350003563438,0.11502343060405107,0.5269549422005575,0.44421090540289293,0.04114855313874492,0.3209350003563438,turn
9,100,40,3.1895435061531354,0.11434897264392548,0.4774404049533443,0.4126525241609424,0.08680515104077297,0.3189543506153136,turn
10,100,40,3.169427331756513,0.11538665762192188,0.4969129269521642,0.4265641520990726,0.06934881826445892,0.31694273317565136,turn
11,100,40,3.162379314712214,0.11856678342200694,0.5231541037818382,0.4288973413236839,0.04782968968646522,0.3162379314712214,turn
12,100,40,3.149721720449353,0.11235560483533062,0.4993189152434026,0.4037099969445912,0.0499636777957824,0.31497217204493533,turn
13,100,40,3.123966356458589,0.11381986110696882,0.5318934804009757,0.4380130643028513,0.020070549167055456,0.31239663564585896,turn
14,100,40,3.0937754569975873,0.11864161018256472,0.5478170204915487,0.4489557221986664,0.024009675863051496,0.3093775456997587,turn
15,100,40,3.0733384931404424,0.11703543407883696,0.5226581631537428,0.4406038803314453,0.03837329668792524,0.3073338493140443,turn
16,100,40,3.0888503346680904,0.10856382529640701,0.5239262221920294,0.41715378469059944,0.016679554317263215,0.30888503346680907,turn
17,100,40,3.06986390010676,0.10939117990173303,0.49554122767951725,0.39742871390927453,0.04059392962612425,0.306986390010676,turn
18,100,40,3.0747065665825244,0.11179575501441401,0.499440981591658,0.4190549544537454,0.04527004552765255,0.30747065665825246,turn
19,100,40,3.1010492235898823,0.11704386988569318,0.54715465206022,0.4391605507973635,0.030974002036601875,0.31010492235898823,turn
20,100,40,3.1350875013563257,0.1207647373224056,0.5669671992414842,0.4495907501957641,0.04506792092866998,0.3135087501356326,turn
21,100,40,3.174863425794385,0.11672095001069747,0.5566219907338432,0.4556534893010098,0.009436513115569145,0.31748634257943853,turn
22,100,40,3.2062253206219578,0.11753697487384675,0.5611367793575953,0.46267145129378473,0.008101193911681619,0.3206225320621958,turn
23,100,40,3.217800029758617,0.11753311342400496,0.5834134818383283,0.48695251606512047,0.01893649249115746,0.32178000297586173,turn
24,100,40,3.218504949285194,0.11643876406944319,0.5761438735387047,0.4596767018914637,0.02436165551412496,0.3218504949285194,turn
25,100,40,3.2070189783837044,0.11165241352065085,0.5382257866986274,0.41461043367885625,0.03727261262148067,0.32070189783837044,turn
26,100,40,3.212429841057388,0.12364907318742549,0.5863654853948203,0.47830267849429015,0.0212503051926411,0.3212429841057388,turn
27,100,40,3.2063398097046054,0.11721591492875466,0.6131307007279837,0.506686071826521,0.04528550889278367,0.3206339809704606,turn
28,100,40,3.1966984783550103,0.11256841770770074,0.49818618045143204,0.37945117056704925,0.06899676238797295,0.31966984783550106,turn
29,100,40,3.205451733993647,0.11673528131085292,0.5791957153377046,0.48938648146690145,0.02759619046537931,0.3205451733993647,turn
30,100,40,3.234686017996923,0.11687048690153959,0.5728921138468446,0.46643533130743126,0.006655430749307661,0.32346860179969233,turn
31,100,40,3.2709320438243643,0.11841573217462135,0.5939106905199948,0.48518045184456304,0.018449004397731564,0.32709320438243644,turn
32,100,40,3.3167008324568776,0.12424538380910988,0.6240424720467401,0.5150823313233153,0.02677730745295102,0.3316700832456878,turn
33,100,40,3.388974286798428,0.12803253345943794,0.6307140994645988,0.5085112283111175,0.032913986475127006,0.3388974286798428,turn
34,100,40,3.4751118579231277,0.12242672886554168,0.5993743786692529,0.47322519442747607,0.023340150765195803,0.34751118579231277,turn
35,100,40,3.561563405934483,0.12659383714492556,0.6344647248915498,0.5309238426079727,0.02922741758554806,0.3561563405934483,turn
36,100,40,3.6412915816900058,0.13762501867379287,0.6823339450019613,0.5721039297522367,0.024386284193869623,0.3641291581690006,turn
37,100,40,3.7208905738250704,0.14076947779865953,0.6524542822505665,0.5290538033405957,0.03203423759338899,0.3720890573825071,turn
38,100,40,3.8099680313516964,0.14394562266205793,0.7041584670141846,0.5846166632777385,0.013968442060907239,0.38099680313516965,turn
39,100,40,3.9054808152175733,0.14590252902930828,0.67217032654454,0.5327437778866841,0.05080663520923631,0.39054808152175735,turn
40,100,40,4.0050918309988415,0.15772457190785572,0.7663309108556171,0.6498917838699274,0.022250627549514734,0.40050918309988415,turn
41,100,40,4.101529441726828,0.16717394019411483,0.743684802503278,0.617666484475043,0.047553632977779245,0.4101529441726828,turn
42,100,40,4.187937746837585,0.16862135736613845,0.809077071910405,0.66820080194029,0.033929300056222196,0.41879377468375856,turn
43,100,40,4.265685626600256,0.17438667489574644,0.8033021733564877,0.6868573225676781,0.017531426141989017,0.4265685626600256,turn
44,100,40,4.333699903927835,0.1837675488703586,0.8539349195535673,0.7284321013094283,0.006328234517638124,0.4333699903927835,turn
45,100,40,4.384177423633345,0.18798939618012495,0.8830063506135649,0.7520812338817762,0.01841726436004442,0.4384177423633345,turn
46,100,40,4.408596120666882,0.19146291397334772,0.8740638489086933,0.7496178215982052,0.012202877997385475,0.4408596120666882,turn
47,100,40,4.40948975510394,0.1896966799384382,0.8853109182188988,0.7777355952359353,0.03354885664929622,0.440948975510394,turn
48,100,40,4.402979223212519,0.1856182949629417,0.824112381018817,0.721133456837448,0.050230702593220045,0.4402979223212519,turn
49,100,40,4.389128249052325,0.18133774394292043,0.8659442011033125,0.7546692023496226,0.038754801271905365,0.43891282490523253,turn
50,100,40,4.373644451295517,0.1782609602186112,0.8481136485432921,0.7285287704166816,0.02138271473545691,0.43736444512955175,turn
51,100,40,4.348355875003692,0.1713868378497687,0.8199592333807891,0.7090656781212368,0.038940617237009506,0.43483558750036927,turn
52,100,40,4.315686914532399,0.16506023776716874,0.7772325415167145,0.6637889641119575,0.03265875014063111,0.4315686914532399,turn
53,100,40,4.285209335924377,0.15777690758674354,0.8196929536835635,0.7201663879154069,0.09993696689583473,0.42852093359243776,turn
54,100,40,4.254220412556105,0.14738227878326685,0.7509837225550539,0.6567322787615656,0.09162446218046387,0.4254220412556105,turn
55,100,40,4.215114622434393,0.1405756347553371,0.7225830592459537,0.6217747426423943,0.08137783326689935,0.42151146224343927,turn
56,100,40,4.1782564445344335,0.13219164006850406,0.6751356469013639,0.550123185509408,0.03792908425497643,0.4178256444534434,turn
57,100,40,4.144212135843539,0.12078261728788167,0.6421704469745183,0.5058228078211107,0.032716342777382626,0.4144212135843539,turn
58,100,40,4.1103026117781924,0.10784504047469877,0.5897409514144606,0.48813003644530717,0.09197310269163377,0.41103026117781927,turn
59,100,40,4.072664677845869,0.09435169616724005,0.5937617218165888,0.4235239686173959,0.04826080604412626,0.4072664677845869,mild
60,100,40,4.037021348196095,0.07988197625339782,0.5150198274963487,0.33635634720572294,0.02334501788690896,0.40370213481960954,mild
61,100,40,4.0045444346770935,0.0637948607365285,0.5077850435453037,0.29542949452455297,0.042840987280643644,0.40045444346770936,mild
62,100,40,3.9736390315082954,0.04801063539050756,0.44189763040140806,0.19205097241903443,0.0008561911254740768,0.3973639031508296,mild
63,100,40,3.9418220464683986,0.030968142410017416,0.4045306225364968,0.15257121261656006,0.0340398268920482,0.3941822046468399,mild
64,100,40,3.91278405563668,0.013286824349862968,0.3461075079527265,0.0866022564745143,0.05465799776228871,0.391278405563668,straight
65,100,40,3.886913963813294,-0.0043872568953699335,0.41604572484660546,0.02879870256589715,0.03821406421042257,0.38869139638132943,straight
66,100,40,3.8682197091972577,-0.02133773534054085,0.4146380683410592,0.08780761365997485,0.018766891807740625,0.3868219709197258,mild
67,100,40,3.896282692472503,-0.03970990919414759,0.3692665632984728,0.11656175826249487,0.06067710329718408,0.38962826924725036,mild
68,100,40,3.9524687553875273,-0.060532459860848625,0.4356653961792871,0.24983027411214415,0.037620151479169875,0.39524687553875276,mild
69,100,40,4.001219072389032,-0.07679895279543947,0.48585852893653003,0.2674506361976175,0.03868000609663793,0.4001219072389033,mild
70,100,40,4.034563805356056,-0.09267911749122619,0.500617966440292,0.3385216795479163,0.0473002126733424,0.4034563805356056,mild
71,100,40,4.04555010707655,-0.11139304977860812,0.5682951833038166,0.4187774192329564,0.03357058450277372,0.404555010707655,turn
72,100,40,4.039844904708783,-0.132396591409751,0.618705272919752,0.4799022211197286,0.05026606391555433,0.4039844904708783,turn
73,100,40,4.024838882944292,-0.14794160330192674,0.659658363482005,0.5359806941281536,0.057596231078321486,0.4024838882944292,turn
74,100,40,4.0084326146222145,-0.1594092327690259,0.7107680695031172,0.5958562181822525,0.042941640133940945,0.4008432614622215,turn
75,100,40,3.994327511075574,-0.17726462607787907,0.7478213674613163,0.6496873522745086,0.06615746117146341,0.39943275110755744,turn
76,100,40,3.980442867835382,-0.19535924717368472,0.8307991081140339,0.7356319424704465,0.046499806466249224,0.3980442867835382,turn
77,100,40,3.9531587689940144,-0.20509510079480797,0.8842338624724485,0.8141240375959765,0.05516910901232264,0.39531587689940145,turn
78,100,40,3.931185188259808,-0.20737638049773077,0.8817299807736532,0.7870113103713228,0.03911206986385099,0.3931185188259808,turn
79,100,40,3.909739026688665,-0.21195894432180715,0.876861809349702,0.8088720264519651,0.06821774178039129,0.39097390266886656,turn
80,100,40,3.900213965145786,-0.22078782521767223,0.9147021163242993,0.8371253432355924,0.05200360289422656,0.3900213965145786,turn
81,100,40,3.920683672215637,-0.23020122604863352,0.9746705567667365,0.898721922172691,0.030752081880801557,0.3920683672215637,turn
82,100,40,3.964473617621556,-0.2360212929170127,1.0194169069099623,0.9349650318106887,0.005024443080440471,0.3964473617621556,turn
83,100,40,4.008820569472842,-0.24317813644260486,1.0246742271954459,0.9569959984126839,0.0461419127704477,0.40088205694728424,turn
84,100,40,4.049951710877417,-0.24701107702218944,1.0810652070123925,0.9982452053881604,0.014901110772999661,0.4049951710877417,turn
85,100,40,4.09010481620669,-0.2500637803867939,1.0290617628777683,0.9621365528415279,0.06366024786517793,0.409010481620669,turn
86,100,40,4.126866200603103,-0.25061831158491527,1.063236162710925,0.9880015450978327,0.03296301421187298,0.4126866200603103,turn
87,100,40,4.1628293305239445,-0.249572337937553,1.0448903609348612,0.9819032137904057,0.06788411631949937,0.4162829330523945,turn
88,100,40,4.200178957222218,-0.24950010606627862,1.043379099932225,0.9583220028561804,0.03985180167142741,0.4200178957222218,turn
89,100,40,4.239067595970982,-0.24449994647905088,1.0095879757328505,0.9264335739015434,0.057801485252373906,0.4239067595970982,turn
90,100,40,4.284720817910564,-0.24137910832111723,1.049840794226313,0.9653346602931454,0.027305999906247002,0.42847208179105645,turn
91,100,40,4.336767649607838,-0.24453090232676727,1.0695466520516852,0.963484283616684,0.022364004390683496,0.4336767649607838,turn
92,100,40,4.390818299521137,-0.2420276326846926,1.0507990999504353,0.9589624948805429,0.021251275074258686,0.43908182995211376,turn
93,100,40,4.448484749972631,-0.2362585893875988,1.020397423177481,0.9030836359128177,0.04245946715144035,0.44484847499726315,turn
94,100,40,4.5066068268644175,-0.23722881728699186,1.0358821347543454,0.9386843818099736,0.024006553073459943,0.45066068268644177,turn
95,100,40,4.558673539899943,-0.2376704854043547,1.0715556855295092,0.966401199932775,0.02146770204496826,0.45586735398999434,turn
96,100,40,4.612331016791983,-0.24213265982719678,1.0827690163750137,0.977890354049189,0.01705824029854774,0.46123310167919834,turn
97,100,40,4.666247747443793,-0.24703609732047094,1.0643751679704858,0.9456973467232207,0.038599622452345404,0.46662477474437936,turn
98,100,40,4.726934078065386,-0.24814610568078466,1.0965772782353014,0.9901465334657182,0.014075455681637768,0.4726934078065386,turn
99,100,40,4.795645624403405,-0.24806325638629978,1.1172958082808433,1.0002238467953062,0.015088166945553217,0.4795645624403405,turn
100,100,40,4.873012145686456,-0.25175531806362844,1.122860780850929,1.0029704731570754,0.005551693192691486,0.4873012145686456,turn
101,100,40,4.95069954315631,-0.2462183790675647,1.1139613552971743,1.0022550103048675,0.03149411603909613,0.49506995431563106,turn
102,100,40,5.0318031601104485,-0.23830776133511122,1.0855858767397468,0.9415803383468887,0.028139837843559494,0.5031803160110448,turn
103,100,40,5.108621692311981,-0.2346100998271954,1.0877160466579219,0.9379688219047239,0.030979508770879946,0.5108621692311982,turn
104,100,40,5.184939096359899,-0.23394106163554393,1.0274483549426219,0.877813121981257,0.05219281903154591,0.5184939096359898,turn
105,100,40,5.268469014531124,-0.2375458040180992,1.107602405651869,0.9807291364757161,0.043466967860297856,0.5268469014531124,turn
106,100,40,5.355929524846915,-0.2381166915961337,1.1215665657448133,0.9638650784581465,0.03275157945249613,0.5355929524846915,turn
107,100,40,5.439925934120936,-0.23010606759724223,1.0736833291686068,0.918715908610785,0.004808687102980572,0.5439925934120936,turn
108,100,40,5.522629956733324,-0.22127139534740317,1.0555551947667532,0.8895018924649839,0.012451918896925892,0.5522629956733324,turn
109,100,40,5.601532580319948,-0.21746464752874897,1.0175159274474928,0.8449868187656736,0.01887674436469843,0.5601532580319949,turn
110,100,40,5.668720928569259,-0.217596565763652,1.026745765094069,0.869758587459306,0.030501595893574276,0.566872092856926,turn
111,100,40,5.710471060768994,-0.2139552475664594,1.03983246247877,0.8757419977892079,0.03222909282208755,0.5710471060768995,turn
112,100,40,5.728928003448434,-0.2090143221425607,0.9958306257394223,0.824735384871715,0.023910380952800455,0.5728928003448435,turn
113,100,40,5.731906335962973,-0.2007606800414041,0.9804454391701074,0.8026707444809037,0.018821967111855933,0.5731906335962974,turn
114,100,40,5.727152390148733,-0.18949510272952363,0.9488593493237563,0.7603038070606057,0.01422086903344289,0.5727152390148733,turn
115,100,40,5.720870029381267,-0.17963467909953107,0.8862958084275471,0.6755568488467969,0.038420104550604864,0.5720870029381268,turn
116,100,40,5.713191290566287,-0.1783439475814412,0.882839883541494,0.694068155494115,0.03479460748963652,0.5713191290566287,turn
117,100,40,5.703503581536908,-0.17992336976602852,0.8966619166920041,0.7101919412693526,0.029439350273599417,0.5703503581536908,turn
118,100,40,5.692891601309056,-0.17851032544326723,0.911315396750864,0.6945594144042152,0.0210657053602692,0.5692891601309057,turn
119,100,40,5.6845317194377625,-0.17791362176594117,0.8694856332605484,0.6970874024807848,0.05414018270134892,0.5684531719437763,turn
120,100,40,5.678413176799193,-0.1792437024638109,0.9204560174926592,0.7137183278501074,0.007357627855060859,0.5678413176799193,turn
121,100,40,5.675158581700474,-0.17857026817039046,0.9145613985732252,0.7170152847781324,0.009524587488466938,0.5675158581700475,turn
122,100,40,5.6752394479115065,-0.17802026046274355,0.8782750508386724,0.7031733626147406,0.04635940475696539,0.5675239447911506,turn
123,100,40,5.673541337220017,-0.17828477179285945,0.8803608505807701,0.7097191809488026,0.05079867280757778,0.5673541337220017,turn
124,100,40,5.673552370958142,-0.17785355511925818,0.9485375373598877,0.7452940717940354,0.040751950194974684,0.5673552370958143,turn
125,100,40,5.677781942675531,-0.1757218923835664,0.8938559102230985,0.7190364773638446,0.04627113111603533,0.5677781942675532,turn
126,100,40,5.69098677182984,-0.16643022528754933,0.8674903031689079,0.6634141871174888,0.0156390401002265,0.569098677182984,turn
127,100,40,5.708733244772857,-0.15124676668798956,0.8318860347001744,0.5847274757969412,0.023409426185144154,0.5708733244772857,turn
128,100,40,5.726083900387766,-0.11504109563567456,0.7243805020281879,0.44255637316073054,0.014531165302140294,0.5726083900387766,turn
129,100,40,5.743814496309597,-0.08128621790294915,0.6612397337456767,0.32371583932889536,0.0013262863170066673,0.5743814496309597,mild
130,100,40,5.765244074752958,-0.05601023240806094,0.6202040276645956,0.23670668971003944,0.014652990940502762,0.5765244074752958,mild
131,100,40,5.787884694451569,-0.0307427399126232,0.5878144612441989,0.09269891504853485,0.029482351938461562,0.5787884694451569,mild
132,100,40,5.811544505718512,-0.0020996213813241488,0.5741741368734626,0.0071861825951898654,0.012226186622279674,0.5811544505718512,straight
133,100,40,5.841062267429669,0.022480740245895227,0.5830717686656304,0.04395680127266268,0.04550319587977552,0.5841062267429669,mild
134,100,40,5.874571866422378,0.051806250948525756,0.6244374345313957,0.21679568303530156,0.011312644166771208,0.5874571866422378,mild
135,100,40,5.908870623749537,0.07748752689146549,0.6568953409171157,0.33437063295822367,0.0366199262532875,0.5908870623749537,mild
136,100,40,5.936212184931454,0.09723822520301584,0.6919984989012024,0.3769740777376807,0.01788086081501045,0.5936212184931454,mild
137,100,40,5.96199077195021,0.12055429826098983,0.7553564998879867,0.48400699950272996,0.019629068029766453,0.596199077195021,turn
138,100,40,5.985154306992397,0.13628038689868063,0.8135990122994108,0.5537474866908721,0.014068594832326036,0.5985154306992397,turn
139,100,40,6.015482067954522,0.1372482110778995,0.8045901699727221,0.5244045798462309,0.021319663684699706,0.6015482067954522,turn
140,100,40,6.04634999992617,0.14538829406331513,0.8500959957943389,0.6042577602649901,0.02899277212701673,0.604634999992617,turn
141,100,40,6.082010723111775,0.14850208647824986,0.8194343123436962,0.5932932754840908,0.045882556201920326,0.6082010723111776,turn
142,100,40,6.117552391680048,0.14204661722013467,0.8129597116488284,0.5553499451364882,0.02352392415332054,0.6117552391680049,turn
143,100,40,6.1523569051184435,0.14057721124274933,0.8100207940427979,0.5510583179673267,0.026118079051745794,0.6152356905118443,turn
144,100,40,6.189958479450354,0.14185695649634908,0.8478741524325314,0.5480716174354162,0.029119518156948174,0.6189958479450355,turn
145,100,40,6.231359795130858,0.13370121552801292,0.7859388124982094,0.5102619542041484,0.03539799028457542,0.6231359795130859,turn
146,100,40,6.270857692719403,0.12821864180097492,0.8288634259448634,0.5021564505952519,0.0309048542316048,0.6270857692719404,turn
147,100,40,6.311087703372584,0.1271064428394585,0.8089165326017785,0.5049848022269581,0.002562986738272088,0.6311087703372584,turn
148,100,40,6.346504904822964,0.11757051144635859,0.7711512299827709,0.46396692964384423,0.0213906611771656,0.6346504904822964,turn
149,100,40,6.373829013529926,0.11033664321696698,0.8267038838568508,0.4584128292873463,0.0532650715213021,0.6373829013529927,turn
150,100,40,6.401130773926297,0.10419550414982305,0.7556359753120184,0.42019107745681405,0.015536912759926991,0.6401130773926297,turn
151,100,40,6.425398435437228,0.09344426664264212,0.7107713777732554,0.3252581251440855,0.0472180696204281,0.6425398435437228,mild
152,100,40,6.443698665009836,0.08264679630828639,0.7482951419564327,0.335974746193276,0.024560559875084355,0.6443698665009836,mild
153,100,40,6.457973979097285,0.07292896475841829,0.7260337854770778,0.2734324132533773,0.03148459880491207,0.6457973979097286,mild
2,150,10,3.470003859850699,0.12476094064330129,0.49668148200641793,0.20060220294933445,0.06395112125696502,0.5205005789776048,turn
3,150,10,3.410867340309391,0.1271275093399578,0.5009209743612382,0.1370441523453235,0.06048149870884723,0.5116301010464086,turn
4,150,10,3.351719853472594,0.12832806680376113,0.4605649128990549,0.14748416431691352,0.0831066548269145,0.5027579780208891,turn
5,150,10,3.3093560096943566,0.12504052193367435,0.4941494986756692,0.1300683538899685,0.05873083741862911,0.49640340145415346,turn
6,150,10,3.28154223130598,0.12379435724500995,0.47541093184644695,0.18765443278571292,0.05388964846538958,0.49223133469589697,turn
7,150,10,3.236472411327258,0.12030475763301161,0.47568959999865396,0.19984034780482793,0.05478564136529398,0.4854708616990887,turn
8,150,10,3.209350003563438,0.11502343060405107,0.41216049965384594,0.15964313919546053,0.09977819022375553,0.4814025005345157,turn
9,150,10,3.1895435061531354,0.11434897264392548,0.4399777851644239,0.18512525774352206,0.07392704471713127,0.4784315259229703,turn
10,150,10,3.169427331756513,0.11538665762192188,0.44035935514236113,0.15422269538374372,0.06591383660564612,0.4754140997634769,turn
11,150,10,3.162379314712214,0.11856678342200694,0.4463726965041673,0.19501473835614833,0.06891299321853345,0.4743568972068321,turn
12,150,10,3.149721720449353,0.11235560483533062,0.4958717579752894,0.143252268264513,0.021620424098142764,0.47245825806740294,turn
13,150,10,3.123966356458589,0.11381986110696882,0.49789268290040817,0.1256974957784149,0.043777071072230514,0.4685949534687883,turn
14,150,10,3.0937754569975873,0.11864161018256472,0.4659085982087278,0.12737455250542415,0.05037115729301278,0.4640663185496381,turn
15,150,10,3.0733384931404424,0.11703543407883696,0.4728633798374689,0.1988318910198745,0.04022042832428076,0.4610007739710663,turn
16,150,10,3.0888503346680904,0.10856382529640701,0.4805428474889984,0.12198401379260737,0.0372708325643777,0.46332755020021354,turn
17,150,10,3.06986390010676,0.10939117990173303,0.486270587543436,0.09713550607395437,0.06631733536820904,0.460479585016014,turn
18,150,10,3.0747065665825244,0.11179575501441401,0.5105082079817632,0.1124323862277238,0.06909372578193688,0.46120598498737864,turn
19,150,10,3.1010492235898823,0.11704386988569318,0.5014777988996073,0.15766076254116848,0.017442296299655304,0.46515738353848235,turn
20,150,10,3.1350875013563257,0.1207647373224056,0.4957944959041814,0.1536791454748184,0.023347263602599328,0.4702631252034488,turn
21,150,10,3.174863425794385,0.11672095001069747,0.4927491545654738,0.15378393894457057,0.01979049114650858,0.4762295138691577,turn
22,150,10,3.2062253206219578,0.11753697487384675,0.48630280652573665,0.1496129750157979,0.030428765090269944,0.4809337980932936,turn
23,150,10,3.217800029758617,0.11753311342400496,0.5311415373834697,0.1636818145065886,0.024007916485008992,0.4826700044637925,turn
24,150,10,3.218504949285194,0.11643876406944319,0.4862744248924832,0.15314526712439747,0.029050624781836044,0.48277574239277904,turn
25,150,10,3.2070189783837044,0.11165241352065085,0.533341470515361,0.16556776959600905,0.02548446889315298,0.48105284675755566,turn
26,150,10,3.212429841057388,0.12364907318742549,0.5206010643355735,0.15704195123029058,0.028004333361525587,0.48186447615860817,turn
27,150,10,3.2063398097046054,0.11721591492875466,0.5166815177955518,0.14816271115570653,0.027328886151028953,0.48095097145569077,turn
28,150,10,3.1966984783550103,0.11256841770770074,0.5066077151513594,0.16265374797036022,0.0022053777256742296,0.4795047717532515,turn
29,150,10,3.205451733993647,0.11673528131085292,0.5151936852898,0.1318844035057746,0.04339667957641879,0.480817760099047,turn
30,150,10,3.234686017996923,0.11687048690153959,0.4892407730124739,0.16168026355065154,0.02659751514328627,0.4852029026995384,turn
31,150,10,3.2709320438243643,0.11841573217462135,0.5318705739337708,0.13364113696246382,0.048132886369644745,0.49063980657365464,turn
32,150,10,3.3167008324568776,0.12424538380910988,0.5153107663122075,0.1511175252642387,0.031576710562137435,0.4975051248685316,turn
33,150,10,3.388974286798428,0.12803253345943794,0.5193843114896085,0.1635848922362653,0.02950095786562035,0.5083461430197641,turn
34,150,10,3.4751118579231277,0.12242672886554168,0.5329307449448852,0.14998126195470338,0.03127012127442073,0.5212667786884692,turn
35,150,10,3.561563405934483,0.12659383714492556,0.5545498259054361,0.15698469676248164,0.028176933076031602,0.5342345108901724,turn
36,150,10,3.6412915816900058,0.13762501867379287,0.5527549199874602,0.20452109246279318,0.033506412837483304,0.5461937372535008,turn
37,150,10,3.7208905738250704,0.14076947779865953,0.609623029910564,0.20372408887874818,0.01506246149524763,0.5581335860737605,turn
38,150,10,3.8099680313516964,0.14394562266205793,0.5794763674548757,0.19087285132626525,0.03260466461586773,0.5714952047027544,turn
39,150,10,3.9054808152175733,0.14590252902930828,0.6276541504954868,0.16861438636625312,0.04801910698038843,0.585822122282636,turn
40,150,10,4.0050918309988415,0.15772457190785572,0.636978333217801,0.19686566769924413,0.03273889611212361,0.6007637746498262,turn
41,150,10,4.101529441726828,0.16717394019411483,0.7010813709286537,0.2522775134598581,0.03833449096043819,0.6152294162590242,turn
42,150,10,4.187937746837585,0.16862135736613845,0.6497614028467961,0.2738622541087968,0.04800362130953411,0.6281906620256378,turn
43,150,10,4.265685626600256,0.17438667489574644,0.6611108263447135,0.27066321896240914,0.041506117481712825,0.6398528439900383,turn
44,150,10,4.333699903927835,0.1837675488703586,0.6936586668691995,0.251502412926676,0.017564497392476834,0.6500549855891752,turn
45,150,10,4.384177423633345,0.18798939618012495,0.7082667046753715,0.2674310696197815,0.007968718203860683,0.6576266135450016,turn
46,150,10,4.408596120666882,0.19146291397334772,0.7216444819832265,0.26873157008529697,0.010450536618868555,0.6612894181000323,turn
47,150,10,4.40948975510394,0.1896966799384382,0.7205527116327924,0.27437693587218653,0.0017218446816593758,0.661423463265591,turn
48,150,10,4.402979223212519,0.1856182949629417,0.6947673472741469,0.3127135625164889,0.05882109547813631,0.6604468834818779,turn
49,150,10,4.389128249052325,0.18133774394292043,0.700218577570915,0.31356185875320997,0.05975425799940115,0.6583692373578487,turn
50,150,10,4.373644451295517,0.1782609602186112,0.664502435678547,0.2634492413857373,0.04845911133196133,0.6560466676943275,turn
51,150,10,4.348355875003692,0.1713868378497687,0.6654015089292962,0.2588628645072833,0.042336480561079956,0.6522533812505539,turn
52,150,10,4.315686914532399,0.16506023776716874,0.6915124847274398,0.29469471259522406,0.05903713806911601,0.6473530371798598,turn
53,150,10,4.285209335924377,0.15777690758674354,0.6722723045921161,0.317984812892409,0.09914790858750197,0.6427814003886566,turn
54,150,10,4.254220412556105,0.14738227878326685,0.6854999419803056,0.27969498366078355,0.06641538678061856,0.6381330618834157,turn
55,150,10,4.215114622434393,0.1405756347553371,0.6545336320297409,0.29442195434067064,0.09905785330700663,0.6322671933651589,turn
56,150,10,4.1782564445344335,0.13219164006850406,0.6495645135419007,0.25406606750229394,0.06754489085236047,0.626738466680165,turn
57,150,10,4.144212135843539,0.12078261728788167,0.619055563323859,0.2231800211365332,0.062388183728162114,0.6216318203765308,turn
58,150,10,4.1103026117781924,0.10784504047469877,0.5934874690256428,0.2508670798726142,0.1120679106393424,0.6165453917667288,turn
59,150,10,4.072664677845869,0.09435169616724005,0.615048971652546,0.25809719480991455,0.1266442677880537,0.6108997016768803,mild
60,150,10,4.037021348196095,0.07988197625339782,0.5704340213861291,0.14561507556332345,0.0563680088091311,0.6055532022294142,mild
61,150,10,4.0045444346770935,0.0637948607365285,0.6089467849169445,0.1603262961297183,0.0681726612373116,0.600681665201564,mild
62,150,10,3.9736390315082954,0.04801063539050756,0.5835296199078026,0.12956004953100309,0.06287125577622983,0.5960458547262443,mild
63,150,10,3.9418220464683986,0.030968142410017416,0.5287340297914185,0.11134883063345712,0.0814909817468253,0.5912733069702598,mild
64,150,10,3.91278405563668,0.013286824349862968,0.5399357521272021,0.053665091492462715,0.047973915933591245,0.586917608345502,straight
65,150,10,3.886913963813294,-0.0043872568953699335,0.5606666534157075,0.024582561802067422,0.022719634949838887,0.583037094571994,straight
66,150,10,3.8682197091972577,-0.02133773534054085,0.5350762270844394,0.047342883360151286,0.04854846816932587,0.5802329563795886,mild
67,150,10,3.896282692472503,-0.03970990919414759,0.525625314435744,0.06530472376795293,0.1035811898823685,0.5844424038708754,mild
68,150,10,3.9524687553875273,-0.060532459860848625,0.5566108563749018,0.038245846997828084,0.10655920985429072,0.5928703133081291,mild
69,150,10,4.001219072389032,-0.07679895279543947,0.5822206178518101,0.02945372426182742,0.09100125642005702,0.6001828608583548,mild
70,150,10,4.034563805356056,-0.09267911749122619,0.5829488848421165,0.07801845773070491,0.06757851734212035,0.6051845708034084,mild
71,150,10,4.04555010707655,-0.11139304977860812,0.5975664889721662,0.09995626525313467,0.06648386701553595,0.6068325160614825,turn
72,150,10,4.039844904708783,-0.132396591409751,0.5766006904104944,0.13110253323296855,0.08176820035120391,0.6059767357063174,turn
73,150,10,4.024838882944292,-0.14794160330192674,0.5697531861617718,0.14654115437542303,0.0940133195301212,0.6037258324416438,turn
74,150,10,4.0084326146222145,-0.1594092327690259,0.5943790637174766,0.18444785359755217,0.06320723120418914,0.6012648921933321,turn
75,150,10,3.994327511075574,-0.17726462607787907,0.6033421747723967,0.22980591734818834,0.05288834944902356,0.5991491266613361,turn
76,150,10,3.980442867835382,-0.19535924717368472,0.6222921194087145,0.2173641751265469,0.07026048917038148,0.5970664301753073,turn
77,150,10,3.9531587689940144,-0.20509510079480797,0.5862068589591772,0.227153548483392,0.0943565100027072,0.5929738153491021,turn
78,150,10,3.931185188259808,-0.20737638049773077,0.6066407319716306,0.2742877873412976,0.059319261497745676,0.5896777782389712,turn
79,150,10,3.909739026688665,-0.21195894432180715,0.6392055785485539,0.27339731009746104,0.038313747445172616,0.5864608540032997,turn
80,150,10,3.900213965145786,-0.22078782521767223,0.6205693710172312,0.28389998064961974,0.05429423081712838,0.5850320947718679,turn
81,150,10,3.920683672215637,-0.23020122604863352,0.6507402848404259,0.29169903422013616,0.04590167691971163,0.5881025508323455,turn
82,150,10,3.964473617621556,-0.2360212929170127,0.6095574299629725,0.29328109068596664,0.0841630384843902,0.5946710426432333,turn
83,150,10,4.008820569472842,-0.24317813644260486,0.62063852702928,0.2757543245882077,0.09602835281665514,0.6013230854209263,turn
84,150,10,4.049951710877417,-0.24701107702218944,0.6889452797493743,0.37234822192165307,0.03447633477120471,0.6074927566316125,turn
85,150,10,4.09010481620669,-0.2500637803867939,0.6639904033040966,0.29426872787849645,0.07482915507558896,0.6135157224310035,turn
86,150,10,4.126866200603103,-0.25061831158491527,0.6914954341337831,0.29579897623546353,0.06966351590180964,0.6190299300904654,turn
87,150,10,4.1628293305239445,-0.249572337937553,0.6443980799629742,0.30818474921448863,0.08632636700405229,0.6244243995785916,turn
88,150,10,4.200178957222218,-0.24950010606627862,0.6694951125935399,0.32822750559965946,0.06347486476465218,0.6300268435833327,turn
89,150,10,4.239067595970982,-0.24449994647905088,0.6836396871352637,0.35410911676414053,0.05522275671758602,0.6358601393956473,turn
90,150,10,4.284720817910564,-0.24137910832111723,0.6903501933170431,0.32372539203636325,0.04799481861471225,0.6427081226865846,turn
91,150,10,4.336767649607838,-0.24453090232676727,0.7358945931836947,0.3390688734453305,0.01683660487298161,0.6505151474411757,turn
92,150,10,4.390818299521137,-0.2420276326846926,0.711813219077993,0.35176960359341164,0.04480375426976248,0.6586227449281705,turn
93,150,10,4.448484749972631,-0.2362585893875988,0.7190274340894138,0.32121349560154017,0.03721051428796031,0.6672727124958947,turn
94,150,10,4.5066068268644175,-0.23722881728699186,0.7610864250606901,0.3164079461051828,0.03010513980059514,0.6759910240296626,turn
95,150,10,4.558673539899943,-0.2376704854043547,0.7708723245085424,0.39439118676266366,0.05614376100497929,0.6838010309849915,turn
96,150,10,4.612331016791983,-0.24213265982719678,0.7247428143161037,0.32339263746506763,0.05704048402486606,0.6918496525187975,turn
97,150,10,4.666247747443793,-0.24703609732047094,0.7690732833720652,0.3602968142010362,0.026444619087345318,0.699937162116569,turn
98,150,10,4.726934078065386,-0.24814610568078466,0.8003040789822248,0.3244469086448152,0.03953649308020787,0.7090401117098079,turn
99,150,10,4.795645624403405,-0.24806325638629978,0.7986572231065728,0.36031256494483793,0.013191507399907347,0.7193468436605107,turn
100,150,10,4.873012145686456,-0.25175531806362844,0.8007906108550619,0.34846102403416906,0.022891504072365947,0.7309518218529684,turn
101,150,10,4.95069954315631,-0.2462183790675647,0.8445971810247161,0.3427951240991568,0.027488925215895646,0.7426049314734465,turn
102,150,10,5.0318031601104485,-0.23830776133511122,0.8305784948177689,0.31423191813236667,0.03131286191464948,0.7547704740165673,turn
103,150,10,5.108621692311981,-0.2346100998271954,0.8058849270523328,0.3149617437416082,0.03862713484419792,0.7662932538467971,turn
104,150,10,5.184939096359899,-0.23394106163554393,0.8605141500105646,0.3804286132849007,0.04452294227941357,0.7777408644539848,turn
105,150,10,5.268469014531124,-0.2375458040180992,0.8263885197392323,0.3561483641054817,0.05040025940601518,0.7902703521796687,turn
106,150,10,5.355929524846915,-0.2381166915961337,0.8826915376002284,0.33417131559056346,0.01185227830932596,0.8033894287270372,turn
107,150,10,5.439925934120936,-0.23010606759724223,0.8731893134558579,0.2880028395020822,0.04325047984220506,0.8159888901181404,turn
108,150,10,5.522629956733324,-0.22127139534740317,0.865503950930017,0.31507840625470546,0.027461042162791705,0.8283944935099986,turn
109,150,10,5.601532580319948,-0.21746464752874897,0.9078529673794914,0.3203358147696302,0.008841507932922156,0.8402298870479922,turn
110,150,10,5.668720928569259,-0.217596565763652,0.9065662344830596,0.33301124585375086,0.0233168516301435,0.8503081392853888,turn
111,150,10,5.710471060768994,-0.2139552475664594,0.9246060783935223,0.31312083462346585,0.010127873902086786,0.8565706591153491,turn
112,150,10,5.728928003448434,-0.2090143221425607,0.9301840036150111,0.2944651191008412,0.020088614338154197,0.8593392005172651,turn
113,150,10,5.731906335962973,-0.2007606800414041,0.9132249674671298,0.2868941411821953,0.003465489566487557,0.8597859503944459,turn
114,150,10,5.727152390148733,-0.18949510272952363,0.8918754301915827,0.2828252293197205,0.019762347106363404,0.85907285852231,turn
115,150,10,5.720870029381267,-0.17963467909953107,0.8755142308384292,0.24789226065471473,0.024413607137775958,0.85813050440719,turn
116,150,10,5.713191290566287,-0.1783439475814412,0.8508207109040632,0.2532878009263137,0.0473631293020621,0.8569786935849429,turn
117,150,10,5.703503581536908,-0.17992336976602852,0.8371128217856119,0.2088339029447031,0.07238350096465426,0.8555255372305361,turn
118,150,10,5.692891601309056,-0.17851032544326723,0.85591567029463,0.22075690209390075,0.04824779779082343,0.8539337401963584,turn
119,150,10,5.6845317194377625,-0.17791362176594117,0.8624825432846706,0.24621285384607786,0.031105497115470858,0.8526797579156643,turn
120,150,10,5.678413176799193,-0.1792437024638109,0.8432559047218969,0.2627828428840695,0.05228318626785149,0.851761976519879,turn
121,150,10,5.675158581700474,-0.17857026817039046,0.850930805789424,0.21339816565270112,0.054766953028465105,0.8512737872550711,turn
122,150,10,5.6752394479115065,-0.17802026046274355,0.8570447016352066,0.21751277142516665,0.04727885259887235,0.851285917186726,turn
123,150,10,5.673541337220017,-0.17828477179285945,0.8702040919159746,0.21415980448852234,0.04396413646041179,0.8510312005830026,turn
124,150,10,5.673552370958142,-0.17785355511925818,0.8573745185154156,0.20376101525968357,0.05711749827501328,0.8510328556437213,turn
125,150,10,5.677781942675531,-0.1757218923835664,0.8649036298768463,0.2677574651330409,0.03472425314728493,0.8516672914013296,turn
126,150,10,5.69098677182984,-0.16643022528754933,0.8323892973971835,0.1988654196226483,0.06566765832490307,0.8536480157744759,turn
127,150,10,5.708733244772857,-0.15124676668798956,0.886655605527596,0.23112160387068745,0.013867770001929708,0.8563099867159285,turn
128,150,10,5.726083900387766,-0.11504109563567456,0.8840470009164555,0.16936476614453477,0.007959466457057864,0.8589125850581649,turn
129,150,10,5.743814496309597,-0.08128621790294915,0.9034757612072475,0.1669172563860548,0.054437111920435315,0.8615721744464396,mild
130,150,10,5.765244074752958,-0.05601023240806094,0.8404743784714095,0.1047594247940564,0.036507036329630906,0.8647866112129436,mild
131,150,10,5.787884694451569,-0.0307427399126232,0.802253082172093,0.07484267699161815,0.06758002973883018,0.8681827041677354,mild
132,150,10,5.811544505718512,-0.0020996213813241488,0.8465573038165002,0.02528493026026723,0.02519196922817328,0.8717316758577768,straight
133,150,10,5.841062267429669,0.022480740245895227,0.9056826663562357,0.032598929258332784,0.03460141215610337,0.8761593401144503,mild
134,150,10,5.874571866422378,0.051806250948525756,0.859640092305151,0.06692278269024858,0.026779605107592048,0.8811857799633567,mild
135,150,10,5.908870623749537,0.07748752689146549,0.8798695951702213,0.08724020629156484,0.027280234735907127,0.8863305935624305,mild
136,150,10,5.936212184931454,0.09723822520301584,0.8637115383652016,0.15286313338680838,0.04105484644082139,0.8904318277397182,mild
137,150,10,5.96199077195021,0.12055429826098983,0.8859380282622281,0.11303223154530369,0.06344265630956446,0.8942986157925314,turn
138,150,10,5.985154306992397,0.13628038689868063,0.8829326925949623,0.21534741104284746,0.045177228896803326,0.8977731460488596,turn
139,150,10,6.015482067954522,0.1372482110778995,0.9089030967107519,0.1803378470015815,0.021699150479103833,0.9023223101931782,turn
140,150,10,6.04634999992617,0.14538829406331513,0.9050489204025455,0.204911848492247,0.02775480552637122,0.9069524999889254,turn
141,150,10,6.082010723111775,0.14850208647824986,0.9268446423132355,0.17918066980651964,0.03425948084942801,0.9123016084667662,turn
142,150,10,6.117552391680048,0.14204661722013467,0.9110875706214714,0.21566014910109857,0.035493552542818045,0.9176328587520072,turn
143,150,10,6.1523569051184435,0.14057721124274933,0.9349664764936516,0.217601983414767,0.022265169219151018,0.9228535357677665,turn
144,150,10,6.189958479450354,0.14185695649634908,0.9147946594819822,0.22045011853182642,0.04423612035693694,0.928493771917553,turn
145,150,10,6.231359795130858,0.13370121552801292,0.9685934890861431,0.2114624379940143,0.02148818835639041,0.9347039692696287,turn
146,150,10,6.270857692719403,0.12821864180097492,0.9549851473015687,0.1879984188729844,0.007694746085252954,0.9406286539079104,turn
147,150,10,6.311087703372584,0.1271064428394585,0.9436417529525489,0.18545217292416713,0.0231528340690834,0.9466631555058875,turn
148,150,10,6.346504904822964,0.11757051144635859,0.9894095019543564,0.1757521517796256,0.021253308960107558,0.9519757357234445,turn
149,150,10,6.373829013529926,0.11033664321696698,0.9496518180763894,0.14781302423644355,0.022010076901132384,0.9560743520294889,turn
150,150,10,6.401130773926297,0.10419550414982305,0.9771477560229302,0.13541982249140852,0.015013997931064834,0.9601696160889445,turn
151,150,10,6.425398435437228,0.09344426664264212,0.9894674232879312,0.14204341014677302,0.016594224202786993,0.9638097653155842,mild
152,150,10,6.443698665009836,0.08264679630828639,0.999755055817679,0.14455525762359545,0.03332651044130019,0.9665547997514754,mild
153,150,10,6.457973979097285,0.07292896475841829,0.9987385376566309,0.08575439533535152,0.034541233419188896,0.9686960968645927,mild
2,150,20,3.470003859850699,0.12476094064330129,0.5807519104476685,0.3796337484321886,0.07826743558902462,0.5205005789776048,turn
3,150,20,3.410867340309391,0.1271275093399578,0.558590216842335,0.3087827506128819,0.08549751683043665,0.5116301010464086,turn
4,150,20,3.351719853472594,0.12832806680376113,0.5603845100967707,0.3133460108381634,0.07984038357970083,0.5027579780208891,turn
5,150,20,3.3093560096943566,0.12504052193367435,0.5562045688443094,0.339251301527335,0.06616151901776178,0.49640340145415346,turn
6,150,20,3.28154223130598,0.12379435724500995,0.5816579965571668,0.36764142202730893,0.04312844509594304,0.49223133469589697,turn
7,150,20,3.236472411327258,0.12030475763301161,0.5947888960385792,0.3637971832361595,0.018870692291807236,0.4854708616990887,turn
8,150,20,3.209350003563438,0.11502343060405107,0.5256595650974386,0.35019116866524613,0.08403069759392488,0.4814025005345157,turn
9,150,20,3.1895435061531354,0.11434897264392548,0.5387838578275055,0.3382836205249565,0.05844710211611818,0.4784315259229703,turn
10,150,20,3.169427331756513,0.11538665762192188,0.5638158532359532,0.3107489205372593,0.033070143736751406,0.4754140997634769,turn
11,150,20,3.162379314712214,0.11856678342200694,0.566746490514396,0.32811595090188456,0.028282861368373415,0.4743568972068321,turn
12,150,20,3.149721720449353,0.11235560483533062,0.5316969263566457,0.3181737415827612,0.04988901335442468,0.47245825806740294,turn
13,150,20,3.123966356458589,0.11381986110696882,0.5563154126163801,0.26540759330515623,0.07535889831693766,0.4685949534687883,turn
14,150,20,3.0937754569975873,0.11864161018256472,0.5284919958878768,0.26958969013409134,0.08338850649600005,0.4640663185496381,turn
15,150,20,3.0733384931404424,0.11703543407883696,0.5372042879937016,0.34411788114714736,0.04893680328816069,0.4610007739710663,turn
16,150,20,3.0888503346680904,0.10856382529640701,0.5235663084318923,0.27523911147519015,0.05137958956086086,0.46332755020021354,turn
17,150,20,3.06986390010676,0.10939117990173303,0.5429270000154433,0.2662857445808382,0.059325916907306965,0.460479585016014,turn
18,150,20,3.0747065665825244,0.11179575501441401,0.5487982179743325,0.29733614886936605,0.03410264035425274,0.46120598498737864,turn
19,150,20,3.1010492235898823,0.11704386988569318,0.5301652010792766,0.28987282617689814,0.062355297996228985,0.46515738353848235,turn
20,150,20,3.1350875013563257,0.1207647373224056,0.5844279832977913,0.3495765666441876,0.009770787652851175,0.4702631252034488,turn
21,150,20,3.174863425794385,0.11672095001069747,0.5883151546888575,0.3195001527735872,0.031170527079204886,0.4762295138691577,turn
22,150,20,3.2062253206219578,0.11753697487384675,0.5891935291671374,0.3199917323137356,0.030881861828330394,0.4809337980932936,turn
23,150,20,3.217800029758617,0.11753311342400496,0.6059447386619411,0.3218915739176121,0.04018778522319687,0.4826700044637925,turn
24,150,20,3.218504949285194,0.11643876406944319,0.6016364267127229,0.32652608880880146,0.02803297870253265,0.48277574239277904,turn
25,150,20,3.2070189783837044,0.11165241352065085,0.6222327603790178,0.3334687517937106,0.04374642285843074,0.48105284675755566,turn
26,150,20,3.212429841057388,0.12364907318742549,0.5730579260027515,0.3329082688040156,0.03841886646934623,0.48186447615860817,turn
27,150,20,3.2063398097046054,0.11721591492875466,0.6189349307509731,0.3639795849942709,0.02343120076606519,0.48095097145569077,turn
28,150,20,3.1966984783550103,0.11256841770770074,0.577559068481418,0.3136546236544876,0.020189820111113303,0.4795047717532515,turn
29,150,20,3.205451733993647,0.11673528131085292,0.5957793709668026,0.3281515003731339,0.023052682626062204,0.480817760099047,turn
30,150,20,3.234686017996923,0.11687048690153959,0.5561283008290075,0.32097735702097785,0.042513854483501846,0.4852029026995384,turn
31,150,20,3.2709320438243643,0.11841573217462135,0.6129896950652256,0.37206922904149164,0.021978235149503842,0.49063980657365464,turn
32,150,20,3.3167008324568776,0.12424538380910988,0.6441539116757177,0.37935862488354305,0.022753559921652868,0.4975051248685316,turn
33,150,20,3.388974286798428,0.12803253345943794,0.6372905246853654,0.3775160266011635,0.002527619331011303,0.5083461430197641,turn
34,150,20,3.4751118579231277,0.12242672886554168,0.6149930540603925,0.3463678417808842,0.022926309157569522,0.5212667786884692,turn
35,150,20,3.561563405934483,0.12659383714492556,0.6141325041185951,0.3318727900219305,0.04791460267609157,0.5342345108901724,turn
36,150,20,3.6412915816900058,0.13762501867379287,0.6793383161266673,0.39529151351465064,0.012301498709300088,0.5461937372535008,turn
37,150,20,3.7208905738250704,0.14076947779865953,0.705468795506025,0.40808057158397076,0.01613538104877698,0.5581335860737605,turn
38,150,20,3.8099680313516964,0.14394562266205793,0.7136040501873747,0.4080476748339293,0.02040443089709249,0.5714952047027544,turn
39,150,20,3.9054808152175733,0.14590252902930828,0.7232395420725033,0.41426773346543194,0.01722009537530701,0.585822122282636,turn
40,150,20,4.0050918309988415,0.15772457190785572,0.7381049272580112,0.4384663362473868,0.029928243202027246,0.6007637746498262,turn
41,150,20,4.101529441726828,0.16717394019411483,0.7761757849862176,0.4468124223751281,0.04949960488644241,0.6152294162590242,turn
42,150,20,4.187937746837585,0.16862135736613845,0.7787772493061269,0.4606504300768496,0.037873143411109984,0.6281906620256378,turn
43,150,20,4.265685626600256,0.17438667489574644,0.7818591548961704,0.48305703304069114,0.045218921436864734,0.6398528439900383,turn
44,150,20,4.333699903927835,0.1837675488703586,0.8646843064851318,0.5633221551643635,0.02033313192096212,0.6500549855891752,turn
45,150,20,4.384177423633345,0.18798939618012495,0.8843481565232351,0.5879377361509874,0.03320401068061556,0.6576266135450016,turn
46,150,20,4.408596120666882,0.19146291397334772,0.89634517496269,0.6076600069437718,0.043811883133851405,0.6612894181000323,turn
47,150,20,4.40948975510394,0.1896966799384382,0.8532992777968965,0.5626088989788106,0.027572985141345666,0.661423463265591,turn
48,150,20,4.402979223212519,0.1856182949629417,0.8464674128238053,0.5766365814999987,0.05463610394539465,0.6604468834818779,turn
49,150,20,4.389128249052325,0.18133774394292043,0.852097203898838,0.5678722598698369,0.04388613871886141,0.6583692373578487,turn
50,150,20,4.373644451295517,0.1782609602186112,0.8650468204711719,0.5543800678539325,0.02744323787783764,0.6560466676943275,turn
51,150,20,4.348355875003692,0.1713868378497687,0.8142724403614383,0.5108833272526486,0.02538294179236811,0.6522533812505539,turn
52,150,20,4.315686914532399,0.16506023776716874,0.8095755798843246,0.5192705858143384,0.04466209696245162,0.6473530371798598,turn
53,150,20,4.285209335924377,0.15777690758674354,0.7798929509406405,0.5150547430909106,0.07648425563009684,0.6427814003886566,turn
54,150,20,4.254220412556105,0.14738227878326685,0.826692999846466,0.504914295708677,0.06939535236539528,0.6381330618834157,turn
55,150,20,4.215114622434393,0.1405756347553371,0.7449692691274283,0.47545629878328455,0.08377685244700303,0.6322671933651589,turn
56,150,20,4.1782564445344335,0.13219164006850406,0.7674213470607609,0.4778928357768664,0.0917221946812098,0.626738466680165,turn
57,150,20,4.144212135843539,0.12078261728788167,0.7430524924960331,0.4407145851167654,0.08716920937766572,0.6216318203765308,turn
58,150,20,4.1103026117781924,0.10784504047469877,0.6871609568732111,0.4011694279810919,0.09815098519265195,0.6165453917667288,turn
59,150,20,4.072664677845869,0.09435169616724005,0.6464906419925984,0.32753201250580605,0.0698028760003082,0.6108997016768803,mild
60,150,20,4.037021348196095,0.07988197625339782,0.6157138508407297,0.2644316577485612,0.05488733339232969,0.6055532022294142,mild
61,150,20,4.0045444346770935,0.0637948607365285,0.6464091589815869,0.2425385719218417,0.05386996656563769,0.600681665201564,mild
62,150,20,3.9736390315082954,0.04801063539050756,0.6182100587668977,0.19075378174916732,0.04929368043548231,0.5960458547262443,mild
63,150,20,3.9418220464683986,0.030968142410017416,0.5852419151103847,0.11503694868334344,0.02826578076905202,0.5912733069702598,mild
64,150,20,3.91278405563668,0.013286824349862968,0.5849344231570253,0.08944250282733761,0.050476904035739234,0.586917608345502,straight
65,150,20,3.886913963813294,-0.0043872568953699335,0.5721053930407571,0.0407930905554945,0.05331656429508,0.583037094571994,straight
66,150,20,3.8682197091972577,-0.02133773534054085,0.5452697922070261,0.07364648973941691,0.038590145248029985,0.5802329563795886,mild
67,150,20,3.896282692472503,-0.03970990919414759,0.528355611815608,0.06436340311346682,0.10445243885819458,0.5844424038708754,mild
68,150,20,3.9524687553875273,-0.060532459860848625,0.5787019017585574,0.13002464510608677,0.05955377732117985,0.5928703133081291,mild
69,150,20,4.001219072389032,-0.07679895279543947,0.5770952285265551,0.1888401486835256,0.07008192026231524,0.6001828608583548,mild
70,150,20,4.034563805356056,-0.09267911749122619,0.6233943641612396,0.24956152483187602,0.043417381873926186,0.6051845708034084,mild
71,150,20,4.04555010707655,-0.11139304977860812,0.6212478284777816,0.28998985935546295,0.07205671711051455,0.6068325160614825,turn
72,150,20,4.039844904708783,-0.132396591409751,0.6669774466768693,0.3398458237700711,0.06314145737084818,0.6059767357063174,turn
73,150,20,4.024838882944292,-0.14794160330192674,0.6670802862887093,0.3491547587071885,0.097941524139929,0.6037258324416438,turn
74,150,20,4.0084326146222145,-0.1594092327690259,0.6831701484021733,0.4159735681511359,0.0850370247047482,0.6012648921933321,turn
75,150,20,3.994327511075574,-0.17726462607787907,0.7619665203695761,0.4741165347207328,0.051083120109482995,0.5991491266613361,turn
76,150,20,3.980442867835382,-0.19535924717368472,0.739865891793538,0.4892599820568316,0.10225158682103853,0.5970664301753073,turn
77,150,20,3.9531587689940144,-0.20509510079480797,0.7672057526505599,0.5269304155976966,0.09151419238908179,0.5929738153491021,turn
78,150,20,3.931185188259808,-0.20737638049773077,0.8002890849353567,0.5643554548117123,0.058259645415626234,0.5896777782389712,turn
79,150,20,3.909739026688665,-0.21195894432180715,0.8114603136772197,0.5756313365500533,0.05687195683863162,0.5864608540032997,turn
80,150,20,3.900213965145786,-0.22078782521767223,0.8571319705959461,0.6247417354041149,0.029798357620438413,0.5850320947718679,turn
81,150,20,3.920683672215637,-0.23020122604863352,0.8537766376101615,0.6398578107361839,0.053274370748406116,0.5881025508323455,turn
82,150,20,3.964473617621556,-0.2360212929170127,0.8908451373166816,0.6747327563661023,0.03384055888562959,0.5946710426432333,turn
83,150,20,4.008820569472842,-0.24317813644260486,0.8928517217201953,0.6662362384215444,0.05673805443096766,0.6013230854209263,turn
84,150,20,4.049951710877417,-0.24701107702218944,0.8772775476094713,0.6761472964109286,0.08156098266467234,0.6074927566316125,turn
85,150,20,4.09010481620669,-0.2500637803867939,0.939801831949009,0.6886406821604812,0.05337846614721315,0.6135157224310035,turn
86,150,20,4.126866200603103,-0.25061831158491527,0.947043021909242,0.7078845116037551,0.03353107422134031,0.6190299300904654,turn
87,150,20,4.1628293305239445,-0.249572337937553,0.9257571183934271,0.7375088837029518,0.07396234397082116,0.6244243995785916,turn
88,150,20,4.200178957222218,-0.24950010606627862,0.9422559803222307,0.7168427660678955,0.03749201281612118,0.6300268435833327,turn
89,150,20,4.239067595970982,-0.24449994647905088,0.9280981225981232,0.7082733755200876,0.050199310234266624,0.6358601393956473,turn
90,150,20,4.284720817910564,-0.24137910832111723,0.973631186322095,0.7311211028200608,0.02170557582767625,0.6427081226865846,turn
91,150,20,4.336767649607838,-0.24453090232676727,0.9293180456169378,0.6789226631003344,0.052031327505340015,0.6505151474411757,turn
92,150,20,4.390818299521137,-0.2420276326846926,0.9355415151316289,0.6901744864961931,0.0465150313452022,0.6586227449281705,turn
93,150,20,4.448484749972631,-0.2362585893875988,0.9460574580239736,0.6824862657030445,0.02851482615843457,0.6672727124958947,turn
94,150,20,4.5066068268644175,-0.23722881728699186,0.9708629523592532,0.6761443206463222,0.025731894974708028,0.6759910240296626,turn
95,150,20,4.558673539899943,-0.2376704854043547,1.0051978097098226,0.7193596741002253,0.019037059314170903,0.6838010309849915,turn
96,150,20,4.612331016791983,-0.24213265982719678,1.022432103645951,0.7319405630891409,0.01978727072683738,0.6918496525187975,turn
97,150,20,4.666247747443793,-0.24703609732047094,0.9964690178739534,0.7093755313490676,0.023362302111725207,0.699937162116569,turn
98,150,20,4.726934078065386,-0.24814610568078466,1.01103368818486,0.7141342548635323,0.01879018132948101,0.7090401117098079,turn
99,150,20,4.795645624403405,-0.24806325638629978,1.0312977679690087,0.7553007253620412,0.03879628430677242,0.7193468436605107,turn
100,150,20,4.873012145686456,-0.25175531806362844,1.043884370776778,0.7280121121066246,0.014481968185767101,0.7309518218529684,turn
101,150,20,4.95069954315631,-0.2462183790675647,1.0591991315699094,0.7272933976933923,0.014523705093056486,0.7426049314734465,turn
102,150,20,5.0318031601104485,-0.23830776133511122,0.9996772549832579,0.6802133569502519,0.04065040709738294,0.7547704740165673,turn
103,150,20,5.108621692311981,-0.2346100998271954,1.0199472544566297,0.6752720720809862,0.020525247631319236,0.7662932538467971,turn
104,150,20,5.184939096359899,-0.23394106163554393,1.0071650963753884,0.6480917095186338,0.04430667361760445,0.7777408644539848,turn
105,150,20,5.268469014531124,-0.2375458040180992,1.0435624823405611,0.6952725675766697,0.024380581358241414,0.7902703521796687,turn
106,150,20,5.355929524846915,-0.2381166915961337,1.0853979522198316,0.7168609493088969,0.01682344462940948,0.8033894287270372,turn
107,150,20,5.439925934120936,-0.23010606759724223,1.0530277635644802,0.6439252128674322,0.03293192456584153,0.8159888901181404,turn
108,150,20,5.522629956733324,-0.22127139534740317,1.046416087891633,0.6403832418294041,0.015085571641150416,0.8283944935099986,turn
109,150,20,5.601532580319948,-0.21746464752874897,1.0144193788799793,0.6334046532936253,0.05716245391109199,0.8402298870479922,turn
110,150,20,5.668720928569259,-0.217596565763652,1.0587764756889377,0.6423918440735121,0.018968758959763084,0.8503081392853888,turn
111,150,20,5.710471060768994,-0.2139552475664594,1.0724794777338509,0.6290194728057606,0.002215725256282929,0.8565706591153491,turn
112,150,20,5.728928003448434,-0.2090143221425607,1.0454298079871698,0.6177958620438931,0.025634373787556376,0.8593392005172651,turn
113,150,20,5.731906335962973,-0.2007606800414041,1.019046521304429,0.6164379627031725,0.06126021676574183,0.8597859503944459,turn
114,150,20,5.727152390148733,-0.18949510272952363,1.0583910557140788,0.6028638697406418,0.0461870686659335,0.85907285852231,turn
115,150,20,5.720870029381267,-0.17963467909953107,0.9834733704291663,0.5349480867249213,0.039817735480591886,0.85813050440719,turn
116,150,20,5.713191290566287,-0.1783439475814412,1.0008819344224116,0.49923668353233397,0.025496552542522935,0.8569786935849429,turn
117,150,20,5.703503581536908,-0.17992336976602852,0.9550670636283652,0.4968901941501941,0.05700882123829762,0.8555255372305361,turn
118,150,20,5.692891601309056,-0.17851032544326723,0.9582624435185045,0.5004448432987282,0.04995149549870972,0.8539337401963584,turn
119,150,20,5.6845317194377625,-0.17791362176594117,0.9473687460793208,0.4978352281806764,0.058918657683709734,0.8526797579156643,turn
120,150,20,5.678413176799193,-0.1792437024638109,0.9851478237542862,0.5395734153104049,0.03602824327406256,0.851761976519879,turn
121,150,20,5.675158581700474,-0.17857026817039046,0.9637657586478701,0.508593958188622,0.042570198497995496,0.8512737872550711,turn
122,150,20,5.6752394479115065,-0.17802026046274355,0.9603124157031554,0.503213241924303,0.04485668196443792,0.851285917186726,turn
123,150,20,5.673541337220017,-0.17828477179285945,0.9638363492809385,0.5031169176937103,0.04140712796086005,0.8510312005830026,turn
124,150,20,5.673552370958142,-0.17785355511925818,0.9933181155828645,0.5195680664320671,0.01175527099170705,0.8510328556437213,turn
125,150,20,5.677781942675531,-0.1757218923835664,0.9734464543666219,0.513562430231448,0.03139400264149337,0.8516672914013296,turn
126,150,20,5.69098677182984,-0.16643022528754933,0.9610646271690726,0.45248365476799973,0.03862452083317109,0.8536480157744759,turn
127,150,20,5.708733244772857,-0.15124676668798956,0.9666376011568107,0.43913645752004177,0.005343792910197336,0.8563099867159285,turn
128,150,20,5.726083900387766,-0.11504109563567456,0.9747821471605227,0.3621600734416027,0.04864570229861737,0.8589125850581649,turn
129,150,20,5.743814496309597,-0.08128621790294915,0.8951215465171923,0.24986512634265387,0.011727632970822388,0.8615721744464396,mild
130,150,20,5.765244074752958,-0.05601023240806094,0.842078969386277,0.19665051758551746,0.05294581004400166,0.8647866112129436,mild
131,150,20,5.787884694451569,-0.0307427399126232,0.836662944217894,0.10380000117002991,0.03802477047179717,0.8681827041677354,mild
132,150,20,5.811544505718512,-0.0020996213813241488,0.8488725876796425,0.03461814218246073,0.03033810143891573,0.8717316758577768,straight
133,150,20,5.841062267429669,0.022480740245895227,0.8826718137577633,0.06657467444892068,0.003975181385002135,0.8761593401144503,mild
134,150,20,5.874571866422378,0.051806250948525756,0.8705585312571513,0.1174844280944484,0.04069056811352983,0.8811857799633567,mild
135,150,20,5.908870623749537,0.07748752689146549,0.9072673567449256,0.2241457497977008,0.009033409105672359,0.8863305935624305,mild
136,150,20,5.936212184931454,0.09723822520301584,0.8734201919730082,0.27041942950334336,0.06352668565920315,0.8904318277397182,mild
137,150,20,5.96199077195021,0.12055429826098983,0.9410902309238505,0.34412137297485573,0.023370342059364065,0.8942986157925314,turn
138,150,20,5.985154306992397,0.13628038689868063,0.9827620347108031,0.39017671562277606,0.009858739540787797,0.8977731460488596,turn
139,150,20,6.015482067954522,0.1372482110778995,0.9836080749657098,0.4042191082694761,0.00986029192969084,0.9023223101931782,turn
140,150,20,6.04634999992617,0.14538829406331513,0.9665858555932267,0.4138222313724151,0.03993465042690318,0.9069524999889254,turn
141,150,20,6.082010723111775,0.14850208647824986,0.9944797347638886,0.4285847323820017,0.02089657614884615,0.9123016084667662,turn
142,150,20,6.117552391680048,0.14204661722013467,0.961284821782791,0.4178536587611467,0.055082691311497206,0.9176328587520072,turn
143,150,20,6.1523569051184435,0.14057721124274933,1.0017569073722206,0.4085799087322358,0.01314005773629352,0.9228535357677665,turn
144,150,20,6.189958479450354,0.14185695649634908,1.0075833134712688,0.43163670880406607,0.027130475658022873,0.928493771917553,turn
145,150,20,6.231359795130858,0.13370121552801292,0.9785143365558933,0.37580889064784706,0.03907475306645409,0.9347039692696287,turn
146,150,20,6.270857692719403,0.12821864180097492,1.0108348205639277,0.39988405721649095,0.028784960584221912,0.9406286539079104,turn
147,150,20,6.311087703372584,0.1271064428394585,1.0542231477424577,0.3953301450805639,0.034983071246853154,0.9466631555058875,turn
148,150,20,6.346504904822964,0.11757051144635859,0.9865607091601104,0.3549671815882743,0.03549329384704181,0.9519757357234445,turn
149,150,20,6.373829013529926,0.11033664321696698,1.0166673540451483,0.32727697756379753,0.0055903843055034215,0.9560743520294889,turn
150,150,20,6.401130773926297,0.10419550414982305,1.015718997658582,0.28251961395366354,0.02649990805078658,0.9601696160889445,turn
151,150,20,6.425398435437228,0.09344426664264212,1.0121838610934308,0.28261591657867613,0.01093402344790086,0.9638097653155842,mild
152,150,20,6.443698665009836,0.08264679630828639,1.0138273721362658,0.22399972199977738,0.02832927982013552,0.9665547997514754,mild
153,150,20,6.457973979097285,0.07292896475841829,0.9819561972753705,0.15769621883277932,0.055724105760999294,0.9686960968645927,mild
2,150,40,3.470003859850699,0.12476094064330129,0.885177445168148,0.7618642876735209,0.07399110081677755,0.5205005789776048,turn
3,150,40,3.410867340309391,0.1271275093399578,0.8414820334700823,0.7067435558554511,0.0791508080872454,0.5116301010464086,turn
4,150,40,3.351719853472594,0.12832806680376113,0.8095197532553026,0.6543098770148913,0.11622159958753764,0.5027579780208891,turn
5,150,40,3.3093560096943566,0.12504052193367435,0.8410640398851116,0.7013946172410737,0.05920276757338844,0.49640340145415346,turn
6,150,40,3.28154223130598,0.12379435724500995,0.8378655181332516,0.7134536717175944,0.06328988578402929,0.49223133469589697,turn
7,150,40,3.236472411327258,0.12030475763301161,0.8387891308085154,0.725439176514542,0.06694090314994787,0.4854708616990887,turn
8,150,40,3.209350003563438,0.11502343060405107,0.8112594228321061,0.7000159915578994,0.07278490989947713,0.4814025005345157,turn
9,150,40,3.1895435061531354,0.11434897264392548,0.7626500383246984,0.6424372025552811,0.08110208310374135,0.4784315259229703,turn
10,150,40,3.169427331756513,0.11538665762192188,0.7714602615550857,0.6622879809803301,0.0845347882972828,0.4754140997634769,turn
11,150,40,3.162379314712214,0.11856678342200694,0.8002125889207524,0.6635701778583453,0.054996038569707216,0.4743568972068321,turn
12,150,40,3.149721720449353,0.11235560483533062,0.7953158601514675,0.6377798728390526,0.032699646656751784,0.47245825806740294,turn
13,150,40,3.123966356458589,0.11381986110696882,0.7587837977235298,0.6131076418576556,0.07111416403539121,0.4685949534687883,turn
14,150,40,3.0937754569975873,0.11864161018256472,0.8049737964141862,0.6589241642052198,0.049472375389838744,0.4640663185496381,turn
15,150,40,3.0733384931404424,0.11703543407883696,0.8161468730565314,0.659702187732384,0.0416486609108531,0.4610007739710663,turn
16,150,40,3.0888503346680904,0.10856382529640701,0.7832415201437694,0.6366148037661713,0.016371248368028675,0.46332755020021354,turn
17,150,40,3.06986390010676,0.10939117990173303,0.752729898296953,0.5873905643361171,0.06540945619242756,0.460479585016014,turn
18,150,40,3.0747065665825244,0.11179575501441401,0.7450700056256513,0.5998207818612599,0.07121261880436436,0.46120598498737864,turn
19,150,40,3.1010492235898823,0.11704386988569318,0.761722897947678,0.6154717919225028,0.08559745091892508,0.46515738353848235,turn
20,150,40,3.1350875013563257,0.1207647373224056,0.805232042706289,0.6662719332425631,0.05931885990078151,0.4702631252034488,turn
21,150,40,3.174863425794385,0.11672095001069747,0.8508302210797917,0.6995277146300394,0.0038844418108767856,0.4762295138691577,turn
22,150,40,3.2062253206219578,0.11753697487384675,0.8265211526456304,0.686120653834861,0.02986978175510055,0.4809337980932936,turn
23,150,40,3.217800029758617,0.11753311342400496,0.8210325202391521,0.6918007330975972,0.0461653550226544,0.4826700044637925,turn
24,150,40,3.218504949285194,0.11643876406944319,0.8619885129205359,0.7089490628072304,0.014499369113891412,0.48277574239277904,turn
25,150,40,3.2070189783837044,0.11165241352065085,0.8269740328165196,0.6764919049788092,0.015171990954440072,0.48105284675755566,turn
26,150,40,3.212429841057388,0.12364907318742549,0.821849808114561,0.6814143483819499,0.0629304923108158,0.48186447615860817,turn
27,150,40,3.2063398097046054,0.11721591492875466,0.8945762462887363,0.7401728684128794,0.043736957517519354,0.48095097145569077,turn
28,150,40,3.1966984783550103,0.11256841770770074,0.820195260201213,0.651114835921662,0.024947362481993314,0.4795047717532515,turn
29,150,40,3.205451733993647,0.11673528131085292,0.7726841077188183,0.635326119007276,0.07668566328968891,0.480817760099047,turn
30,150,40,3.234686017996923,0.11687048690153959,0.839979955891047,0.6845618670938628,0.013271476001126287,0.4852029026995384,turn
31,150,40,3.2709320438243643,0.11841573217462135,0.8439489961195433,0.7057854384935733,0.03337849412412071,0.49063980657365464,turn
32,150,40,3.3167008324568776,0.12424538380910988,0.8990774921967698,0.7508662001232834,0.013843970120636694,0.4975051248685316,turn
33,150,40,3.388974286798428,0.12803253345943794,0.9273303076090325,0.7717663567316172,0.008488253321701368,0.5083461430197641,turn
34,150,40,3.4751118579231277,0.12242672886554168,0.8950324964170939,0.7246032837050707,0.005772567398373063,0.5212667786884692,turn
35,150,40,3.561563405934483,0.12659383714492556,0.9066273204268354,0.7146978199067102,0.04380867921581826,0.5342345108901724,turn
36,150,40,3.6412915816900058,0.13762501867379287,1.0111619939443217,0.8114226231216718,0.05319301162949016,0.5461937372535008,turn
37,150,40,3.7208905738250704,0.14076947779865953,1.0079182043714923,0.8286380391515298,0.012622953149711643,0.5581335860737605,turn
38,150,40,3.8099680313516964,0.14394562266205793,1.044967340361349,0.8406338566059183,0.04653661419833872,0.5714952047027544,turn
39,150,40,3.9054808152175733,0.14590252902930828,1.0377826810589372,0.8698206444082789,0.028388085379493742,0.585822122282636,turn
40,150,40,4.0050918309988415,0.15772457190785572,1.0829620544670528,0.8969621297669882,0.04234349047612266,0.6007637746498262,turn
41,150,40,4.101529441726828,0.16717394019411483,1.1406244352748833,0.9687648107577422,0.03616622195780956,0.6152294162590242,turn
42,150,40,4.187937746837585,0.16862135736613845,1.1586094174160195,0.9786655778701979,0.03221166165684201,0.6281906620256378,turn
43,150,40,4.265685626600256,0.17438667489574644,1.227872787075675,1.0559849333863933,0.03154794329530512,0.6398528439900383,turn
44,150,40,4.333699903927835,0.1837675488703586,1.2784713853798109,1.0844312123386446,0.01636161447585047,0.6500549855891752,turn
45,150,40,4.384177423633345,0.18798939618012495,1.28126005799873,1.0988390544556694,0.02460498696154694,0.6576266135450016,turn
46,150,40,4.408596120666882,0.19146291397334772,1.3055323135510313,1.1069651766331097,0.036451385577976045,0.6612894181000323,turn
47,150,40,4.40948975510394,0.1896966799384382,1.3150547424914851,1.145516685244818,0.03528479747009112,0.661423463265591,turn
48,150,40,4.402979223212519,0.1856182949629417,1.2882839644259367,1.1265311756039935,0.054549533410136256,0.6604468834818779,turn
49,150,40,4.389128249052325,0.18133774394292043,1.27564050687762,1.1302866713742914,0.09280304878619068,0.6583692373578487,turn
50,150,40,4.373644451295517,0.1782609602186112,1.2919816626647629,1.102019833601693,0.040429686358449075,0.6560466676943275,turn
51,150,40,4.348355875003692,0.1713868378497687,1.2279930984141054,1.0324767694305217,0.01186494705506447,0.6522533812505539,turn
52,150,40,4.315686914532399,0.16506023776716874,1.17561718016091,0.9965578330184856,0.0385296937205341,0.6473530371798598,turn
53,150,40,4.285209335924377,0.15777690758674354,1.1904094161069103,1.0280119766489761,0.1024570619849839,0.6427814003886566,turn
54,150,40,4.254220412556105,0.14738227878326685,1.1303873673948923,0.9527966099649248,0.08491167629862591,0.6381330618834157,turn
55,150,40,4.215114622434393,0.1405756347553371,1.083142416053493,0.9133355501287964,0.0952024652304946,0.6322671933651589,turn
56,150,40,4.1782564445344335,0.13219164006850406,1.1242805865173462,0.9401991556253071,0.1540191781307028,0.626738466680165,turn
57,150,40,4.144212135843539,0.12078261728788167,0.9861273374898512,0.7681089946908979,0.04969367660818939,0.6216318203765308,turn
58,150,40,4.1103026117781924,0.10784504047469877,0.9523729314107995,0.7358821886506407,0.0947659332958044,0.6165453917667288,turn
59,150,40,4.072664677845869,0.09435169616724005,0.8260579896675249,0.6209028211559168,0.08725176678197728,0.6108997016768803,mild
60,150,40,4.037021348196095,0.07988197625339782,0.8071506499141679,0.5401183508393014,0.06472605273146845,0.6055532022294142,mild
61,150,40,4.0045444346770935,0.0637948607365285,0.7065162576843808,0.4426947719679797,0.07824163261203229,0.600681665201564,mild
62,150,40,3.9736390315082954,0.04801063539050756,0.6234921052548639,0.34136923847179834,0.0858121838149006,0.5960458547262443,mild
63,150,40,3.9418220464683986,0.030968142410017416,0.6316403995322837,0.24672695505300948,0.06282136589499909,0.5912733069702598,mild
64,150,40,3.91278405563668,0.013286824349862968,0.5706344037612994,0.15294017170207871,0.07831019439049015,0.586917608345502,straight
65,150,40,3.886913963813294,-0.0043872568953699335,0.5799289965869852,0.050676726122358455,0.07672831829156353,0.583037094571994,straight
66,150,40,3.8682197091972577,-0.02133773534054085,0.5832866388971295,0.07087123230647158,0.05631462547019451,0.5802329563795886,mild
67,150,40,3.896282692472503,-0.03970990919414759,0.5783584014246983,0.15898672370625946,0.08493940416644374,0.5844424038708754,mild
68,150,40,3.9524687553875273,-0.060532459860848625,0.6254249334408665,0.29389389729253246,0.08049335275248089,0.5928703133081291,mild
69,150,40,4.001219072389032,-0.07679895279543947,0.6929759291989951,0.43200345533028905,0.0646149624224386,0.6001828608583548,mild
70,150,40,4.034563805356056,-0.09267911749122619,0.7605067811328101,0.4978034992126058,0.06420988614533633,0.6051845708034084,mild
71,150,40,4.04555010707655,-0.11139304977860812,0.8595384114409262,0.6033835856874447,0.06037956155774036,0.6068325160614825,turn
72,150,40,4.039844904708783,-0.132396591409751,0.9111281298256626,0.6883518643523121,0.10188380330423684,0.6059767357063174,turn
73,150,40,4.024838882944292,-0.14794160330192674,0.9853382006868434,0.8028729822457642,0.08890769599150346,0.6037258324416438,turn
74,150,40,4.0084326146222145,-0.1594092327690259,1.0343627783677725,0.8624548995641136,0.09647383940756475,0.6012648921933321,turn
75,150,40,3.994327511075574,-0.17726462607787907,1.1784465149167598,1.0168189048998697,0.04253865013276916,0.5991491266613361,turn
76,150,40,3.980442867835382,-0.19535924717368472,1.210436591226955,1.062715456006471,0.10678032498113955,0.5970664301753073,turn
77,150,40,3.9531587689940144,-0.20509510079480797,1.2922560488150896,1.1595679520944973,0.07430316638023152,0.5929738153491021,turn
78,150,40,3.931185188259808,-0.20737638049773077,1.3397185918407213,1.2076526217496053,0.03947173737320362,0.5896777782389712,turn
79,150,40,3.909739026688665,-0.21195894432180715,1.3778166861834817,1.2484271609656092,0.026787060059910717,0.5864608540032997,turn
80,150,40,3.900213965145786,-0.22078782521767223,1.3753786148888516,1.254196766049853,0.07392260079835085,0.5850320947718679,turn
81,150,40,3.920683672215637,-0.23020122604863352,1.4587385924437113,1.3367410903172041,0.04403578617014244,0.5881025508323455,turn
82,150,40,3.964473617621556,-0.2360212929170127,1.4881437332820548,1.366498188430117,0.04947441853074632,0.5946710426432333,turn
83,150,40,4.008820569472842,-0.24317813644260486,1.5122353911284088,1.3934242123713267,0.06787459836877201,0.6013230854209263,turn
84,150,40,4.049951710877417,-0.24701107702218944,1.5567290214422305,1.442156166702428,0.05578281991832055,0.6074927566316125,turn
85,150,40,4.09010481620669,-0.2500637803867939,1.608408815092022,1.4910245672002769,0.037144896872098654,0.6135157224310035,turn
86,150,40,4.126866200603103,-0.25061831158491527,1.5517049518311374,1.432656917433889,0.07817775757723906,0.6190299300904654,turn
87,150,40,4.1628293305239445,-0.249572337937553,1.6019862473352036,1.4779766855498355,0.03415781340636081,0.6244243995785916,turn
88,150,40,4.200178957222218,-0.24950010606627862,1.572172011907202,1.4578240620367082,0.07277486770738412,0.6300268435833327,turn
89,150,40,4.239067595970982,-0.24449994647905088,1.5916272916125147,1.4468355494209661,0.009693093398480365,0.6358601393956473,turn
90,150,40,4.284720817910564,-0.24137910832111723,1.5691501853097087,1.4192218058620762,0.018324868071787178,0.6427081226865846,turn
91,150,40,4.336767649607838,-0.24453090232676727,1.6088666680072639,1.4644238788625694,0.013366890763963014,0.6505151474411757,turn
92,150,40,4.390818299521137,-0.2420276326846926,1.5958465929430647,1.4413107998128454,0.0011260008077263847,0.6586227449281705,turn
93,150,40,4.448484749972631,-0.2362585893875988,1.5815200372182774,1.4209564722973478,0.014978153331069737,0.6672727124958947,turn
94,150,40,4.5066068268644175,-0.23722881728699186,1.5529351281964607,1.390749698026954,0.02294252224187463,0.6759910240296626,turn
95,150,40,4.558673539899943,-0.2376704854043547,1.5643870630365104,1.4021420341941948,0.019209472122496112,0.6838010309849915,turn
96,150,40,4.612331016791983,-0.24213265982719678,1.6177056682585313,1.458440025399484,0.025677441541188294,0.6918496525187975,turn
97,150,40,4.666247747443793,-0.24703609732047094,1.6131641937760186,1.4337804196951263,0.03889855872501966,0.699937162116569,turn
98,150,40,4.726934078065386,-0.24814610568078466,1.6150901878142823,1.4532834374882253,0.038848907770232304,0.7090401117098079,turn
99,150,40,4.795645624403405,-0.24806325638629978,1.6624988472846347,1.4992647799012724,0.03731541667723352,0.7193468436605107,turn
100,150,40,4.873012145686456,-0.25175531806362844,1.7046651141541274,1.5233190440688038,0.02691833742650404,0.7309518218529684,turn
101,150,40,4.95069954315631,-0.2462183790675647,1.6755084644607199,1.4832381039096407,0.021632598217780435,0.7426049314734465,turn
102,150,40,5.0318031601104485,-0.23830776133511122,1.610672532859231,1.4148460794478388,0.010640149486691015,0.7547704740165673,turn
103,150,40,5.108621692311981,-0.2346100998271954,1.6144058596291557,1.404897987911762,0.011688684240532085,0.7662932538467971,turn
104,150,40,5.184939096359899,-0.23394106163554393,1.6008345093939083,1.3808278176168474,0.012826975745115422,0.7777408644539848,turn
105,150,40,5.268469014531124,-0.2375458040180992,1.606325490302672,1.4023917349890165,0.03290885486627544,0.7902703521796687,turn
106,150,40,5.355929524846915,-0.2381166915961337,1.621634486319893,1.3798105448375715,0.043070821014419156,0.8033894287270372,turn
107,150,40,5.439925934120936,-0.23010606759724223,1.6376682550488744,1.3982906083750333,0.03421202994054762,0.8159888901181404,turn
108,150,40,5.522629956733324,-0.22127139534740317,1.558098151508783,1.3006612907356283,0.015593039032234938,0.8283944935099986,turn
109,150,40,5.601532580319948,-0.21746464752874897,1.538370103299477,1.2665456174984422,0.02790565058112395,0.8402298870479922,turn
110,150,40,5.668720928569259,-0.217596565763652,1.5432020931029575,1.277559836369739,0.015323830970398572,0.8503081392853888,turn
111,150,40,5.710471060768994,-0.2139552475664594,1.556317758636907,1.3067434898131005,0.048127796030320635,0.8565706591153491,turn
112,150,40,5.728928003448434,-0.2090143221425607,1.5117992232947313,1.240652056338414,0.01506609067648329,0.8593392005172651,turn
113,150,40,5.731906335962973,-0.2007606800414041,1.50861554022921,1.2313526721758796,0.03986500702634037,0.8597859503944459,turn
114,150,40,5.727152390148733,-0.18949510272952363,1.4028977286108206,1.0990046403937692,0.026373117157826483,0.85907285852231,turn
115,150,40,5.720870029381267,-0.17963467909953107,1.3682351819176797,1.072046128660607,0.0230656761926144,0.85813050440719,turn
116,150,40,5.713191290566287,-0.1783439475814412,1.316606651328659,1.0088795670913249,0.0563067408667154,0.8569786935849429,turn
117,150,40,5.703503581536908,-0.17992336976602852,1.3367512806468185,1.0606708722488287,0.055995731059450826,0.8555255372305361,turn
118,150,40,5.692891601309056,-0.17851032544326723,1.3496178703206645,1.069243083923848,0.04488028635084829,0.8539337401963584,turn
119,150,40,5.6845317194377625,-0.17791362176594117,1.3253312986329455,1.024697074779152,0.041295357186625206,0.8526797579156643,turn
120,150,40,5.678413176799193,-0.1792437024638109,1.365594856082073,1.0478250392789987,0.019839262980337804,0.851761976519879,turn
121,150,40,5.675158581700474,-0.17857026817039046,1.2974762336255694,1.0031487339397889,0.07163135532947947,0.8512737872550711,turn
122,150,40,5.6752394479115065,-0.17802026046274355,1.346875691138283,1.0632371067523851,0.03854515476859839,0.851285917186726,turn
123,150,40,5.673541337220017,-0.17828477179285945,1.302406907347587,1.0240824805225486,0.06905591775956732,0.8510312005830026,turn
124,150,40,5.673552370958142,-0.17785355511925818,1.3256064815322706,1.0051908870124464,0.051085535887324104,0.8510328556437213,turn
125,150,40,5.677781942675531,-0.1757218923835664,1.3036036844617525,1.0177696096009756,0.05670949325084025,0.8516672914013296,turn
126,150,40,5.69098677182984,-0.16643022528754933,1.296750825049718,0.9839253298761179,0.022076509300224603,0.8536480157744759,turn
127,150,40,5.708733244772857,-0.15124676668798956,1.2123588943061814,0.8986045804901347,0.05230619819255387,0.8563099867159285,turn
128,150,40,5.726083900387766,-0.11504109563567456,1.1393737208389407,0.7431327264841551,0.060054779304025536,0.8589125850581649,turn
129,150,40,5.743814496309597,-0.08128621790294915,1.0189919434619965,0.5395239358823114,0.05690519125726763,0.8615721744464396,mild
130,150,40,5.765244074752958,-0.05601023240806094,0.9102963966556463,0.3767032809509941,0.05629076075782948,0.8647866112129436,mild
131,150,40,5.787884694451569,-0.0307427399126232,0.8293464530127402,0.21172933762511162,0.06721119380392002,0.8681827041677354,mild
132,150,40,5.811544505718512,-0.0020996213813241488,0.878224346931826,0.06516262677086426,0.05272511793657358,0.8717316758577768,straight
133,150,40,5.841062267429669,0.022480740245895227,0.8712215762684946,0.10059662179785611,0.0351509404720791,0.8761593401144503,mild
134,150,40,5.874571866422378,0.051806250948525756,0.909666562507359,0.2555522945280913,0.05288209999110254,0.8811857799633567,mild
135,150,40,5.908870623749537,0.07748752689146549,0.9533777344193328,0.4532501541779861,0.049511338408969194,0.8863305935624305,mild
136,150,40,5.936212184931454,0.09723822520301584,1.0522745717228827,0.599102617512916,0.03591045045041217,0.8904318277397182,mild
137,150,40,5.96199077195021,0.12055429826098983,1.097399967009099,0.6601735294359667,0.06039205337687697,0.8942986157925314,turn
138,150,40,5.985154306992397,0.13628038689868063,1.2155441779044618,0.8032346840268916,0.008852793863718525,0.8977731460488596,turn
139,150,40,6.015482067954522,0.1372482110778995,1.2353394175707424,0.8420663749885453,0.028343102512952426,0.9023223101931782,turn
140,150,40,6.04634999992617,0.14538829406331513,1.2190398757601422,0.8449247081728477,0.04123250762411792,0.9069524999889254,turn
141,150,40,6.082010723111775,0.14850208647824986,1.2360143074313947,0.8487199173234329,0.040105717954979754,0.9123016084667662,turn
142,150,40,6.117552391680048,0.14204661722013467,1.2612803585261612,0.8794022435998949,0.04292999218899102,0.9176328587520072,turn
143,150,40,6.1523569051184435,0.14057721124274933,1.2237777751932648,0.8039596853535005,0.03131276759909285,0.9228535357677665,turn
144,150,40,6.189958479450354,0.14185695649634908,1.2497366837840607,0.8793246919745784,0.06102218356266515,0.928493771917553,turn
145,150,40,6.231359795130858,0.13370121552801292,1.2288009538655895,0.8054957415721761,0.019632917513448735,0.9347039692696287,turn
146,150,40,6.270857692719403,0.12821864180097492,1.1938723975668197,0.7440022791485736,0.021905244333884456,0.9406286539079104,turn
147,150,40,6.311087703372584,0.1271064428394585,1.2348197065536188,0.7567404524357915,0.022279640637700018,0.9466631555058875,turn
148,150,40,6.346504904822964,0.11757051144635859,1.218243449241155,0.7228862553644341,0.03376620911657783,0.9519757357234445,turn
149,150,40,6.373829013529926,0.11033664321696698,1.1904962309266318,0.6637661591442784,0.028654381690985806,0.9560743520294889,turn
150,150,40,6.401130773926297,0.10419550414982305,1.1690148564309348,0.6307866615654755,0.023309694441345986,0.9601696160889445,turn
151,150,40,6.425398435437228,0.09344426664264212,1.1370775640527457,0.5681668963336505,0.02228053690731267,0.9638097653155842,mild
152,150,40,6.443698665009836,0.08264679630828639,1.1032861468811448,0.5267705516561176,0.03694172712199999,0.9665547997514754,mild
153,150,40,6.457973979097285,0.07292896475841829,1.053270533422237,0.4351594329458184,0.012218144886810292,0.9686960968645927,mild
2,200,10,3.470003859850699,0.12476094064330129,0.6645891289013459,0.2623936131415541,0.08179337748187625,0.6940007719701398,turn
3,200,10,3.410867340309391,0.1271275093399578,0.6532462519801479,0.20975839121930512,0.07759644847939239,0.6821734680618783,turn
4,200,10,3.351719853472594,0.12832806680376113,0.6463863362010315,0.14813280268669574,0.11406748129227161,0.6703439706945189,turn
5,200,10,3.3093560096943566,0.12504052193367435,0.6367086990376308,0.17979487929392368,0.08668645462960742,0.6618712019388714,turn
6,200,10,3.28154223130598,0.12379435724500995,0.5893043472115392,0.2559264600150024,0.11676452782891951,0.6563084462611961,turn
7,200,10,3.236472411327258,0.12030475763301161,0.6192297837114095,0.2567232544892499,0.08175060464016819,0.6472944822654516,turn
8,200,10,3.209350003563438,0.11502343060405107,0.586137204547362,0.20092142866040347,0.09718638490525418,0.6418700007126876,turn
9,200,10,3.1895435061531354,0.11434897264392548,0.5759505977941503,0.26989713820648126,0.11990312135477545,0.6379087012306272,turn
10,200,10,3.169427331756513,0.11538665762192188,0.5913518577070863,0.23314694460957708,0.0864747493129483,0.6338854663513027,turn
11,200,10,3.162379314712214,0.11856678342200694,0.6071744393774264,0.2103958814613402,0.06830943569241053,0.6324758629424428,turn
12,200,10,3.149721720449353,0.11235560483533062,0.6247659635798934,0.18825902173415596,0.047823701476580875,0.6299443440898707,turn
13,200,10,3.123966356458589,0.11381986110696882,0.6357668078966193,0.14368652560041875,0.07742070619456251,0.6247932712917179,turn
14,200,10,3.0937754569975873,0.11864161018256472,0.6115397496961219,0.17323677924600614,0.06817221742506192,0.6187550913995175,turn
15,200,10,3.0733384931404424,0.11703543407883696,0.5980634825922091,0.20377524756519327,0.05999115941413939,0.6146676986280886,turn
16,200,10,3.0888503346680904,0.10856382529640701,0.6831157686378623,0.20812338081907505,0.03260058601160604,0.6177700669336181,turn
17,200,10,3.06986390010676,0.10939117990173303,0.6553833312184032,0.15623278295316928,0.06136302033808705,0.613972780021352,turn
18,200,10,3.0747065665825244,0.11179575501441401,0.6013195317697106,0.13152905686507632,0.09241244145277844,0.6149413133165049,turn
19,200,10,3.1010492235898823,0.11704386988569318,0.6681674700268917,0.1624783293439734,0.07209823409672232,0.6202098447179765,turn
20,200,10,3.1350875013563257,0.1207647373224056,0.6357107041109118,0.1958797216887995,0.04615084835216415,0.6270175002712652,turn
21,200,10,3.174863425794385,0.11672095001069747,0.6284267682857834,0.18396671239313686,0.05753008281627813,0.6349726851588771,turn
22,200,10,3.2062253206219578,0.11753697487384675,0.6589638739391378,0.1900185601381511,0.04002101549939706,0.6412450641243916,turn
23,200,10,3.217800029758617,0.11753311342400496,0.6524821510837185,0.20167542098894722,0.03706504611938598,0.6435600059517235,turn
24,200,10,3.218504949285194,0.11643876406944319,0.6812062212128313,0.21163212542458965,0.0140446572462762,0.6437009898570388,turn
25,200,10,3.2070189783837044,0.11165241352065085,0.6768601553551667,0.21369659884882583,0.002705533746164643,0.6414037956767409,turn
26,200,10,3.212429841057388,0.12364907318742549,0.6773380388275811,0.20283458555302206,0.036463558768673424,0.6424859682114776,turn
27,200,10,3.2063398097046054,0.11721591492875466,0.6938184829398597,0.22927885587147104,0.011471454813259617,0.6412679619409212,turn
28,200,10,3.1966984783550103,0.11256841770770074,0.6729605838493247,0.1956307859685588,0.02237978742455929,0.6393396956710021,turn
29,200,10,3.205451733993647,0.11673528131085292,0.6522221578360152,0.1778914899405571,0.05096481904597229,0.6410903467987294,turn
30,200,10,3.234686017996923,0.11687048690153959,0.6902472997741302,0.2179156071500869,0.010386743408983368,0.6469372035993847,turn
31,200,10,3.2709320438243643,0.11841573217462135,0.6889762843799884,0.22678627701967335,0.00670062051043618,0.6541864087648729,turn
32,200,10,3.3167008324568776,0.12424538380910988,0.6955690425261345,0.24997983436510005,0.019185872137646144,0.6633401664913756,turn
33,200,10,3.388974286798428,0.12803253345943794,0.7315016377791569,0.2470814562587092,0.008117364772598078,0.6777948573596856,turn
34,200,10,3.4751118579231277,0.12242672886554168,0.7308214264217284,0.2415447579462028,0.009130969251203868,0.6950223715846255,turn
35,200,10,3.561563405934483,0.12659383714492556,0.7479857488158759,0.23159178856926113,0.013258313204595596,0.7123126811868966,turn
36,200,10,3.6412915816900058,0.13762501867379287,0.7696291503136834,0.2469191720112857,0.018655159248602445,0.7282583163380012,turn
37,200,10,3.7208905738250704,0.14076947779865953,0.774578838168956,0.26357331268961337,0.020540644943622875,0.7441781147650142,turn
38,200,10,3.8099680313516964,0.14394562266205793,0.8575772494033398,0.2427172941144313,0.07337511432541917,0.7619936062703393,turn
39,200,10,3.9054808152175733,0.14590252902930828,0.823945239986124,0.23882844474176648,0.04181086766784074,0.7810961630435147,turn
40,200,10,4.0050918309988415,0.15772457190785572,0.846777748166249,0.29116985655894434,0.014948996703518982,0.8010183661997683,turn
41,200,10,4.101529441726828,0.16717394019411483,0.8527263311836969,0.26680550553248605,0.05587468991419601,0.8203058883453656,turn
42,200,10,4.187937746837585,0.16862135736613845,0.8465494665297413,0.27760442759939286,0.06360056714528642,0.8375875493675171,turn
43,200,10,4.265685626600256,0.17438667489574644,0.8649104931140191,0.3383633254939131,0.06070329829651919,0.8531371253200511,turn
44,200,10,4.333699903927835,0.1837675488703586,0.9574292493711906,0.3493204497439973,0.01889280389445727,0.866739980785567,turn
45,200,10,4.384177423633345,0.18798939618012495,0.9064256237523379,0.3806271875041161,0.061627768434925574,0.876835484726669,turn
46,200,10,4.408596120666882,0.19146291397334772,0.9420037273199919,0.37618195480915384,0.026144461551537313,0.8817192241333764,turn
47,200,10,4.40948975510394,0.1896966799384382,0.9252551028338429,0.34581710484946265,0.03537298998794139,0.881897951020788,turn
48,200,10,4.402979223212519,0.1856182949629417,0.9224015536811674,0.396204675209847,0.06524671385871353,0.8805958446425038,turn
49,200,10,4.389128249052325,0.18133774394292043,0.9043955419735535,0.38707258998925237,0.07446477719112383,0.8778256498104651,turn
50,200,10,4.373644451295517,0.1782609602186112,0.8987984494879085,0.3553283286927732,0.056016242172498995,0.8747288902591035,turn
51,200,10,4.348355875003692,0.1713868378497687,0.9041527963361489,0.32163337085252697,0.03209409703332782,0.8696711750007385,turn
52,200,10,4.315686914532399,0.16506023776716874,0.8934793742049228,0.37997446743670954,0.08368935966551598,0.8631373829064798,turn
53,200,10,4.285209335924377,0.15777690758674354,0.8947224905437374,0.3912656759057261,0.10204053789488006,0.8570418671848755,turn
54,200,10,4.254220412556105,0.14738227878326685,0.8881357109239758,0.39605098876514655,0.12433458470038586,0.850844082511221,turn
55,200,10,4.215114622434393,0.1405756347553371,0.8962138509042782,0.3558742117658671,0.08877215490882846,0.8430229244868785,turn
56,200,10,4.1782564445344335,0.13219164006850406,0.891501531883862,0.34869310623872884,0.0962721111170539,0.8356512889068868,turn
57,200,10,4.144212135843539,0.12078261728788167,0.8297614631152482,0.29536298103061176,0.08114923371864315,0.8288424271687078,turn
58,200,10,4.1103026117781924,0.10784504047469877,0.8360682440353169,0.31757473614135173,0.11783606610455684,0.8220605223556385,turn
59,200,10,4.072664677845869,0.09435169616724005,0.8261774655604993,0.2485339429358475,0.07155938995842227,0.8145329355691738,mild
60,200,10,4.037021348196095,0.07988197625339782,0.7850420737495543,0.2345059744464899,0.09406576098234722,0.8074042696392191,mild
61,200,10,4.0045444346770935,0.0637948607365285,0.7805617718548447,0.14627950253409597,0.04004307830129836,0.8009088869354187,mild
62,200,10,3.9736390315082954,0.04801063539050756,0.7778317240838954,0.11922456528465522,0.03583118791899351,0.7947278063016592,mild
63,200,10,3.9418220464683986,0.030968142410017416,0.7457144836365479,0.1767964454110613,0.12285260227055518,0.7883644092936798,mild
64,200,10,3.91278405563668,0.013286824349862968,0.7859394527419531,0.06934432795608046,0.043713396613980916,0.782556811127336,straight
65,200,10,3.886913963813294,-0.0043872568953699335,0.7411199530106465,0.06413028349734491,0.07109166753304536,0.7773827927626589,straight
66,200,10,3.8682197091972577,-0.02133773534054085,0.7821337320838092,0.00886952664076721,0.03950690066902188,0.7736439418394516,mild
67,200,10,3.896282692472503,-0.03970990919414759,0.7214888797732305,0.07404015562171737,0.13473594790083676,0.7792565384945007,mild
68,200,10,3.9524687553875273,-0.060532459860848625,0.7197034794286746,0.07448228362586783,0.15591017617233496,0.7904937510775055,mild
69,200,10,4.001219072389032,-0.07679895279543947,0.7270459674361199,0.09538749940568315,0.11724671308345294,0.8002438144778066,mild
70,200,10,4.034563805356056,-0.09267911749122619,0.7442523408210985,0.13709487248873253,0.09493478251632133,0.8069127610712112,mild
71,200,10,4.04555010707655,-0.11139304977860812,0.8017867052717422,0.1329881468882295,0.08493504727146775,0.80911002141531,turn
72,200,10,4.039844904708783,-0.132396591409751,0.7752834986659874,0.1727800196436813,0.10356207039192605,0.8079689809417566,turn
73,200,10,4.024838882944292,-0.14794160330192674,0.775964502488518,0.18571821259648538,0.118149396771701,0.8049677765888584,turn
74,200,10,4.0084326146222145,-0.1594092327690259,0.8243328684569711,0.2713759683810655,0.0447440247171942,0.801686522924443,turn
75,200,10,3.994327511075574,-0.17726462607787907,0.7881092667064516,0.25961097720270027,0.10395686037967312,0.7988655022151149,turn
76,200,10,3.980442867835382,-0.19535924717368472,0.8052502029454227,0.2827802019135871,0.1069522562250857,0.7960885735670764,turn
77,200,10,3.9531587689940144,-0.20509510079480797,0.8153074158728821,0.315937018688995,0.092677237428321,0.7906317537988029,turn
78,200,10,3.931185188259808,-0.20737638049773077,0.8025716904248915,0.33127421519119277,0.09385081934853644,0.7862370376519616,turn
79,200,10,3.909739026688665,-0.21195894432180715,0.843687450312933,0.35456649590190864,0.05924987560139389,0.7819478053377331,turn
80,200,10,3.900213965145786,-0.22078782521767223,0.8347099367084838,0.3693767321923254,0.06918328642319908,0.7800427930291572,turn
81,200,10,3.920683672215637,-0.23020122604863352,0.8715822449853559,0.3905013929612265,0.0552371143979659,0.7841367344431274,turn
82,200,10,3.964473617621556,-0.2360212929170127,0.8530386309549522,0.3698135334563044,0.09223863502899997,0.7928947235243112,turn
83,200,10,4.008820569472842,-0.24317813644260486,0.860956930324631,0.4135048937868778,0.07930411524185221,0.8017641138945685,turn
84,200,10,4.049951710877417,-0.24701107702218944,0.8803917195374111,0.43563478416981494,0.06828348192798372,0.8099903421754834,turn
85,200,10,4.09010481620669,-0.2500637803867939,0.913968930243145,0.4356123131174455,0.05233963077815831,0.818020963241338,turn
86,200,10,4.126866200603103,-0.25061831158491527,0.9216751605804779,0.4629153558874359,0.043168409654645565,0.8253732401206206,turn
87,200,10,4.1628293305239445,-0.249572337937553,0.8623055402312039,0.3906524213957511,0.11857293106376354,0.832565866104789,turn
88,200,10,4.200178957222218,-0.24950010606627862,0.9112465626562033,0.44938526019359004,0.06497847767824663,0.8400357914444436,turn
89,200,10,4.239067595970982,-0.24449994647905088,0.9544974955526192,0.44124960053768336,0.031225156287772515,0.8478135191941965,turn
90,200,10,4.284720817910564,-0.24137910832111723,0.9568006006811096,0.4522593776733283,0.026952011050579604,0.8569441635821129,turn
91,200,10,4.336767649607838,-0.24453090232676727,0.9596198873872236,0.45872967689181066,0.03675660968833879,0.8673535299215676,turn
92,200,10,4.390818299521137,-0.2420276326846926,0.9526470090200839,0.4589691012520332,0.053719534448689946,0.8781636599042275,turn
93,200,10,4.448484749972631,-0.2362585893875988,0.9749030016727849,0.41121910366253417,0.044350870510766145,0.8896969499945263,turn
94,200,10,4.5066068268644175,-0.23722881728699186,1.020617586899727,0.49203643900453814,0.04203746317352372,0.9013213653728835,turn
95,200,10,4.558673539899943,-0.2376704854043547,0.9844054938027921,0.3933175489846852,0.06432287216935856,0.9117347079799887,turn
96,200,10,4.612331016791983,-0.24213265982719678,1.0461896469533836,0.47462713503962306,0.011940588782918198,0.9224662033583967,turn
97,200,10,4.666247747443793,-0.24703609732047094,1.045139383411189,0.4735575801654925,0.012834163660825345,0.9332495494887587,turn
98,200,10,4.726934078065386,-0.24814610568078466,1.0165840925608172,0.46673473084209044,0.05326601675106447,0.9453868156130772,turn
99,200,10,4.795645624403405,-0.24806325638629978,1.0780854512741804,0.5057474186468008,0.037529917533518836,0.959129124880681,turn
100,200,10,4.873012145686456,-0.25175531806362844,1.05139065333128,0.4675170437975606,0.04595241638277623,0.9746024291372912,turn
101,200,10,4.95069954315631,-0.2462183790675647,1.0788512454659689,0.45561776615271943,0.02704865305587817,0.9901399086312621,turn
102,200,10,5.0318031601104485,-0.23830776133511122,1.0739809513785334,0.4357938651731359,0.0395531841293875,1.0063606320220897,turn
103,200,10,5.108621692311981,-0.2346100998271954,1.0754905058781643,0.4034270861906497,0.05515480696070269,1.0217243384623964,turn
104,200,10,5.184939096359899,-0.23394106163554393,1.1017002297195657,0.45845176665896764,0.04668233213259504,1.0369878192719797,turn
105,200,10,5.268469014531124,-0.2375458040180992,1.1362140431854775,0.4058838111601162,0.04470264217209361,1.0536938029062248,turn
106,200,10,5.355929524846915,-0.2381166915961337,1.162971509200427,0.43190946567260036,0.019225495328869694,1.071185904969383,turn
107,200,10,5.439925934120936,-0.23010606759724223,1.185608625546303,0.455409006166593,0.020464975915017156,1.0879851868241872,turn
108,200,10,5.522629956733324,-0.22127139534740317,1.1843840658407014,0.44114931403352203,0.027258075720492193,1.1045259913466647,turn
109,200,10,5.601532580319948,-0.21746464752874897,1.1679081671919005,0.39706468367660785,0.03372285647258446,1.1203065160639898,turn
110,200,10,5.668720928569259,-0.217596565763652,1.172034049328101,0.3924341525271599,0.042382154700864164,1.133744185713852,turn
111,200,10,5.710471060768994,-0.2139552475664594,1.164982532406903,0.3915768695700021,0.05464682941329461,1.142094212153799,turn
112,200,10,5.728928003448434,-0.2090143221425607,1.1720054706385332,0.36149966112270837,0.052118131579564644,1.145785600689687,turn
113,200,10,5.731906335962973,-0.2007606800414041,1.189352652389631,0.35406943063074026,0.031594959067287806,1.1463812671925948,turn
114,200,10,5.727152390148733,-0.18949510272952363,1.1730634455503774,0.3617511041832165,0.036311923724605816,1.1454304780297466,turn
115,200,10,5.720870029381267,-0.17963467909953107,1.1545386099452444,0.3492739376518562,0.049563168037414305,1.1441740058762535,turn
116,200,10,5.713191290566287,-0.1783439475814412,1.1546704384981359,0.3431012112488305,0.04526563071918484,1.1426382581132575,turn
117,200,10,5.703503581536908,-0.17992336976602852,1.1345948821628629,0.36288872095218755,0.07153320724868975,1.1407007163073817,turn
118,200,10,5.692891601309056,-0.17851032544326723,1.1150475953767691,0.3608439638168342,0.08744202918156288,1.1385783202618114,turn
119,200,10,5.6845317194377625,-0.17791362176594117,1.1793048448216334,0.3619569208483619,0.032174273228978534,1.1369063438875526,turn
120,200,10,5.678413176799193,-0.1792437024638109,1.1190945998035904,0.2987332046445652,0.07676637596521974,1.1356826353598386,turn
121,200,10,5.675158581700474,-0.17857026817039046,1.130239117955209,0.32028961575717685,0.059765770271948196,1.135031716340095,turn
122,200,10,5.6752394479115065,-0.17802026046274355,1.152813503336903,0.308706537108415,0.04181732295860845,1.1350478895823013,turn
123,200,10,5.673541337220017,-0.17828477179285945,1.127802283036596,0.3344861387229129,0.06235492481908052,1.1347082674440034,turn
124,200,10,5.673552370958142,-0.17785355511925818,1.1161197766118152,0.28595129775843176,0.08213600717173075,1.1347104741916285,turn
125,200,10,5.677781942675531,-0.1757218923835664,1.1369567053187013,0.3569061512489523,0.06391807794543575,1.1355563885351063,turn
126,200,10,5.69098677182984,-0.16643022528754933,1.1460751369065698,0.35372231059359044,0.06354854608305613,1.138197354365968,turn
127,200,10,5.708733244772857,-0.15124676668798956,1.1736226046272915,0.2518331551515238,0.03420998353363438,1.1417466489545713,turn
128,200,10,5.726083900387766,-0.11504109563567456,1.1493510372871965,0.28202076836775836,0.07150421587050419,1.1452167800775532,turn
129,200,10,5.743814496309597,-0.08128621790294915,1.1025452287167357,0.2021212986795573,0.07543990778298677,1.1487628992619194,mild
130,200,10,5.765244074752958,-0.05601023240806094,1.1267569790209315,0.1470118806614058,0.05164656946277961,1.1530488149505915,mild
131,200,10,5.787884694451569,-0.0307427399126232,1.1258369045956418,0.08047304794913633,0.037440897163435814,1.1575769388903139,mild
132,200,10,5.811544505718512,-0.0020996213813241488,1.1409893037478829,0.04457972990886263,0.0411815789108478,1.1623089011437024,straight
133,200,10,5.841062267429669,0.022480740245895227,1.1218380665260372,0.0572203154880495,0.04782361595921169,1.1682124534859337,mild
134,200,10,5.874571866422378,0.051806250948525756,1.1560677344457804,0.09020159932798444,0.024649316775304218,1.1749143732844756,mild
135,200,10,5.908870623749537,0.07748752689146549,1.165139341635146,0.09472368903884372,0.05784351024877074,1.1817741247499074,mild
136,200,10,5.936212184931454,0.09723822520301584,1.127676500315863,0.16134818286138244,0.07996907754891953,1.1872424369862908,mild
137,200,10,5.96199077195021,0.12055429826098983,1.1602071869308477,0.21644157153905488,0.05613664827713532,1.192398154390042,turn
138,200,10,5.985154306992397,0.13628038689868063,1.2071685545005642,0.2550919933485393,0.020058663112742,1.1970308613984795,turn
139,200,10,6.015482067954522,0.1372482110778995,1.2156924427738194,0.26081985582544487,0.01923840431172456,1.2030964135909044,turn
140,200,10,6.04634999992617,0.14538829406331513,1.2348751130719449,0.2752619441662635,0.009344291404975176,1.209269999985234,turn
141,200,10,6.082010723111775,0.14850208647824986,1.230410420458805,0.3024056022822025,0.03505935404385111,1.2164021446223552,turn
142,200,10,6.117552391680048,0.14204661722013467,1.2345807321375755,0.2681720025722261,0.022328066935444087,1.2235104783360098,turn
143,200,10,6.1523569051184435,0.14057721124274933,1.2310224966315573,0.28843786228313645,0.043348491341679375,1.2304713810236887,turn
144,200,10,6.189958479450354,0.14185695649634908,1.2735990660415009,0.27372380710409905,0.007120026889842338,1.237991695890071,turn
145,200,10,6.231359795130858,0.13370121552801292,1.2755673211071272,0.2303405469066897,0.021554250620930422,1.2462719590261717,turn
146,200,10,6.270857692719403,0.12821864180097492,1.268221886236173,0.2517613424111821,0.018181160965635147,1.2541715385438807,turn
147,200,10,6.311087703372584,0.1271064428394585,1.2743848196861678,0.29369902039298107,0.06001961717209513,1.2622175406745169,turn
148,200,10,6.346504904822964,0.11757051144635859,1.2837540287621485,0.22799001496354193,0.011709950079963519,1.2693009809645928,turn
149,200,10,6.373829013529926,0.11033664321696698,1.2854146040069125,0.17160233158487956,0.0352282633662873,1.2747658027059854,turn
150,200,10,6.401130773926297,0.10419550414982305,1.285873244874966,0.2100516863510747,0.020012138438274898,1.2802261547852594,turn
151,200,10,6.425398435437228,0.09344426664264212,1.289287344349713,0.159084601693735,0.017399906837301676,1.2850796870874457,mild
152,200,10,6.443698665009836,0.08264679630828639,1.3344823585521526,0.18434704893927711,0.04176553710213275,1.2887397330019672,mild
153,200,10,6.457973979097285,0.07292896475841829,1.3160613468902607,0.12705171205961696,0.020433874391685498,1.2915947958194571,mild
2,200,20,3.470003859850699,0.12476094064330129,0.7894726710716149,0.5024418486484966,0.08659109282204923,0.6940007719701398,turn
3,200,20,3.410867340309391,0.1271275093399578,0.7452820853453783,0.4288204156804217,0.107244049147198,0.6821734680618783,turn
4,200,20,3.351719853472594,0.12832806680376113,0.7443597731789525,0.4074452555242042,0.11258778874814944,0.6703439706945189,turn
5,200,20,3.3093560096943566,0.12504052193367435,0.73873349152103,0.4583551202592664,0.09223038596794494,0.6618712019388714,turn
6,200,20,3.28154223130598,0.12379435724500995,0.7771835305937648,0.516159548664187,0.07991471860315756,0.6563084462611961,turn
7,200,20,3.236472411327258,0.12030475763301161,0.7336020081392788,0.49661191503005325,0.10491915331872005,0.6472944822654516,turn
8,200,20,3.209350003563438,0.11502343060405107,0.7165525719845498,0.46169985851978523,0.0923798269452028,0.6418700007126876,turn
9,200,20,3.1895435061531354,0.11434897264392548,0.7237846397690209,0.4559337536120106,0.07610274506761155,0.6379087012306272,turn
10,200,20,3.169427331756513,0.11538665762192188,0.7212123910207979,0.43202325759631993,0.06459757038227727,0.6338854663513027,turn
11,200,20,3.162379314712214,0.11856678342200694,0.7092648374242899,0.4085403195358552,0.08338779125619997,0.6324758629424428,turn
12,200,20,3.149721720449353,0.11235560483533062,0.713718599051142,0.39431663655227445,0.06291537149408627,0.6299443440898707,turn
13,200,20,3.123966356458589,0.11381986110696882,0.710428501533772,0.38667737127872615,0.07024170707183608,0.6247932712917179,turn
14,200,20,3.0937754569975873,0.11864161018256472,0.7385403610927563,0.3775951503837822,0.0910632092258768,0.6187550913995175,turn
15,200,20,3.0733384931404424,0.11703543407883696,0.7208065195693865,0.40399971428429393,0.0619859784748107,0.6146676986280886,turn
16,200,20,3.0888503346680904,0.10856382529640701,0.7110282888917236,0.3893118450782558,0.047389917507575395,0.6177700669336181,turn
17,200,20,3.06986390010676,0.10939117990173303,0.7299066814177608,0.3573440478518972,0.07657358526664458,0.613972780021352,turn
18,200,20,3.0747065665825244,0.11179575501441401,0.7454811720992225,0.3687627284387117,0.07894150713997104,0.6149413133165049,turn
19,200,20,3.1010492235898823,0.11704386988569318,0.719384016184904,0.3771284825443286,0.08460421365067815,0.6202098447179765,turn
20,200,20,3.1350875013563257,0.1207647373224056,0.7731719335940853,0.4523714233382184,0.023802633656579204,0.6270175002712652,turn
21,200,20,3.174863425794385,0.11672095001069747,0.7979244273358839,0.48795749609345573,0.02947407140005549,0.6349726851588771,turn
22,200,20,3.2062253206219578,0.11753697487384675,0.7949789821543918,0.43852985715041487,0.030232483793916548,0.6412450641243916,turn
23,200,20,3.217800029758617,0.11753311342400496,0.7841229518331564,0.4639422021266915,0.016619232793221958,0.6435600059517235,turn
24,200,20,3.218504949285194,0.11643876406944319,0.7840719156668462,0.4763874833635141,0.031211773818499756,0.6437009898570388,turn
25,200,20,3.2070189783837044,0.11165241352065085,0.7862339691464828,0.434193462625593,0.010948096215929667,0.6414037956767409,turn
26,200,20,3.212429841057388,0.12364907318742549,0.8202157886485253,0.47980469778357965,0.019536922260719465,0.6424859682114776,turn
27,200,20,3.2063398097046054,0.11721591492875466,0.7970190713528216,0.45853185491622844,0.006027433850149345,0.6412679619409212,turn
28,200,20,3.1966984783550103,0.11256841770770074,0.8108102202486511,0.44397741422508047,0.0357572314090722,0.6393396956710021,turn
29,200,20,3.205451733993647,0.11673528131085292,0.7675390748778896,0.4244600776939319,0.03550220431814658,0.6410903467987294,turn
30,200,20,3.234686017996923,0.11687048690153959,0.7897638423711242,0.45383233269509515,0.008465201423519126,0.6469372035993847,turn
31,200,20,3.2709320438243643,0.11841573217462135,0.7507413039339053,0.4290557594819562,0.05744838569209505,0.6541864087648729,turn
32,200,20,3.3167008324568776,0.12424538380910988,0.7831507980995055,0.4613246747509011,0.045822861350353496,0.6633401664913756,turn
33,200,20,3.388974286798428,0.12803253345943794,0.825825510658343,0.4963384857390511,0.024712765783908026,0.6777948573596856,turn
34,200,20,3.4751118579231277,0.12242672886554168,0.8369574067044006,0.471342488688443,0.013413897896378271,0.6950223715846255,turn
35,200,20,3.561563405934483,0.12659383714492556,0.8255615244671395,0.4611099497063518,0.04947986241332367,0.7123126811868966,turn
36,200,20,3.6412915816900058,0.13762501867379287,0.9046833089658484,0.5224484397418108,0.018673335900129942,0.7282583163380012,turn
37,200,20,3.7208905738250704,0.14076947779865953,0.9065331405613553,0.5339200616272792,0.02654093479416949,0.7441781147650142,turn
38,200,20,3.8099680313516964,0.14394562266205793,0.9699827654806727,0.5272046430778933,0.06183964946965494,0.7619936062703393,turn
39,200,20,3.9054808152175733,0.14590252902930828,0.9430949061652201,0.5337651453297195,0.03984665337832188,0.7810961630435147,turn
40,200,20,4.0050918309988415,0.15772457190785572,0.9870696322230619,0.562154347069085,0.05616124597877215,0.8010183661997683,turn
41,200,20,4.101529441726828,0.16717394019411483,1.0088148421573182,0.5760453857691702,0.07893640185413578,0.8203058883453656,turn
42,200,20,4.187937746837585,0.16862135736613845,1.0293080945013386,0.6240765286004247,0.046789965987325106,0.8375875493675171,turn
43,200,20,4.265685626600256,0.17438667489574644,1.0575273742610707,0.6498276724950253,0.04516035886905931,0.8531371253200511,turn
44,200,20,4.333699903927835,0.1837675488703586,1.1014289178581254,0.7145956056280784,0.0416591256439089,0.866739980785567,turn
45,200,20,4.384177423633345,0.18798939618012495,1.143820557053328,0.7279249688231963,0.011740308527798731,0.876835484726669,turn
46,200,20,4.408596120666882,0.19146291397334772,1.1445353536067426,0.7154654727419445,0.03386072613158717,0.8817192241333764,turn
47,200,20,4.40948975510394,0.1896966799384382,1.1546584136390512,0.7442585741095975,0.013157031428535314,0.881897951020788,turn
48,200,20,4.402979223212519,0.1856182949629417,1.1538042317116897,0.767018439931665,0.051068579249063786,0.8805958446425038,turn
49,200,20,4.389128249052325,0.18133774394292043,1.1314473483643648,0.75612869624819,0.06651876588785562,0.8778256498104651,turn
50,200,20,4.373644451295517,0.1782609602186112,1.1329897310834796,0.7584740048282618,0.07476698478676225,0.8747288902591035,turn
51,200,20,4.348355875003692,0.1713868378497687,1.0820345029786298,0.6947014099944677,0.056331015130227854,0.8696711750007385,turn
52,200,20,4.315686914532399,0.16506023776716874,1.085698455847016,0.7026250645057409,0.07178056555411845,0.8631373829064798,turn
53,200,20,4.285209335924377,0.15777690758674354,1.0530328583832946,0.7008168470631942,0.11210709321772389,0.8570418671848755,turn
54,200,20,4.254220412556105,0.14738227878326685,1.025812918637703,0.64253566564624,0.08724385556789194,0.850844082511221,turn
55,200,20,4.215114622434393,0.1405756347553371,1.0326646963979447,0.6485583786349,0.1076644938796524,0.8430229244868785,turn
56,200,20,4.1782564445344335,0.13219164006850406,1.0349402607872604,0.6535994085062795,0.14063215935559636,0.8356512889068868,turn
57,200,20,4.144212135843539,0.12078261728788167,0.9490085898123005,0.565216058525455,0.11331570367988886,0.8288424271687078,turn
58,200,20,4.1103026117781924,0.10784504047469877,0.8834269910671012,0.5271764448752148,0.14558769437566446,0.8220605223556385,turn
59,200,20,4.072664677845869,0.09435169616724005,0.88469877447063,0.45516294413940117,0.10058850059383526,0.8145329355691738,mild
60,200,20,4.037021348196095,0.07988197625339782,0.8900311023164533,0.4043751642808932,0.09221380912447665,0.8074042696392191,mild
61,200,20,4.0045444346770935,0.0637948607365285,0.8316325934370352,0.3121433196420995,0.06822231879628596,0.8009088869354187,mild
62,200,20,3.9736390315082954,0.04801063539050756,0.8240478242911019,0.25821717086191426,0.0707185836835709,0.7947278063016592,mild
63,200,20,3.9418220464683986,0.030968142410017416,0.7505382600622833,0.18459962840827188,0.07990041152177817,0.7883644092936798,mild
64,200,20,3.91278405563668,0.013286824349862968,0.7517040875340188,0.15166362766097696,0.10309356895746,0.782556811127336,straight
65,200,20,3.886913963813294,-0.0043872568953699335,0.7932102132512789,0.05480933410023583,0.07161542300419543,0.7773827927626589,straight
66,200,20,3.8682197091972577,-0.02133773534054085,0.7329830416936042,0.06577824233103614,0.05398845357997453,0.7736439418394516,mild
67,200,20,3.896282692472503,-0.03970990919414759,0.7469968494854251,0.10224817389305685,0.0722337761422964,0.7792565384945007,mild
68,200,20,3.9524687553875273,-0.060532459860848625,0.7444372710331051,0.10686141606974735,0.1537212754377539,0.7904937510775055,mild
69,200,20,4.001219072389032,-0.07679895279543947,0.7938987638009503,0.21813856736472115,0.09417873225581504,0.8002438144778066,mild
70,200,20,4.034563805356056,-0.09267911749122619,0.8285712790869821,0.27728178759422084,0.0920722757045107,0.8069127610712112,mild
71,200,20,4.04555010707655,-0.11139304977860812,0.8215361919473068,0.3135457927298593,0.13738780513802867,0.80911002141531,turn
72,200,20,4.039844904708783,-0.132396591409751,0.8549496574209591,0.3942820987219991,0.13871723210934378,0.8079689809417566,turn
73,200,20,4.024838882944292,-0.14794160330192674,0.8457822643004755,0.4600345972645061,0.16109636570531258,0.8049677765888584,turn
74,200,20,4.0084326146222145,-0.1594092327690259,0.9563895142109753,0.5340230352593826,0.09353358183027581,0.801686522924443,turn
75,200,20,3.994327511075574,-0.17726462607787907,0.9788116900347932,0.5919326880193786,0.10831607115459209,0.7988655022151149,turn
76,200,20,3.980442867835382,-0.19535924717368472,1.0002614309798548,0.6615799805312635,0.12103108558052847,0.7960885735670764,turn
77,200,20,3.9531587689940144,-0.20509510079480797,1.0394562261801277,0.7322883713259634,0.09908611602145687,0.7906317537988029,turn
78,200,20,3.931185188259808,-0.20737638049773077,1.0591972275673591,0.7222598458313967,0.0962506209372312,0.7862370376519616,turn
79,200,20,3.909739026688665,-0.21195894432180715,1.0725243005147156,0.7798422876563562,0.08036198912288786,0.7819478053377331,turn
80,200,20,3.900213965145786,-0.22078782521767223,1.091052188084033,0.7958039530252414,0.08763574298315123,0.7800427930291572,turn
81,200,20,3.920683672215637,-0.23020122604863352,1.1149646107391376,0.8365596606371017,0.09407493336006234,0.7841367344431274,turn
82,200,20,3.964473617621556,-0.2360212929170127,1.164421767623457,0.8683094325922762,0.06943465875070509,0.7928947235243112,turn
83,200,20,4.008820569472842,-0.24317813644260486,1.195377079806394,0.8974401368219519,0.06648401679757318,0.8017641138945685,turn
84,200,20,4.049951710877417,-0.24701107702218944,1.2243665767966183,0.9434813361066493,0.05764514441682513,0.8099903421754834,turn
85,200,20,4.09010481620669,-0.2500637803867939,1.2584964110063994,0.9552203572231361,0.03383585234574887,0.818020963241338,turn
86,200,20,4.126866200603103,-0.25061831158491527,1.2451616808511101,0.9437101085504641,0.053584827991122415,0.8253732401206206,turn
87,200,20,4.1628293305239445,-0.249572337937553,1.2253447174672774,0.9446262200841371,0.08129060577974712,0.832565866104789,turn
88,200,20,4.200178957222218,-0.24950010606627862,1.2502379001483348,0.9279948261541991,0.05684046208696073,0.8400357914444436,turn
89,200,20,4.239067595970982,-0.24449994647905088,1.236032845044415,0.9346349765719778,0.06571740112374112,0.8478135191941965,turn
90,200,20,4.284720817910564,-0.24137910832111723,1.205272315454379,0.864014988431522,0.09104126655452624,0.8569441635821129,turn
91,200,20,4.336767649607838,-0.24453090232676727,1.2837195614432595,0.9466731218955644,0.025616735955705183,0.8673535299215676,turn
92,200,20,4.390818299521137,-0.2420276326846926,1.331537881583142,0.9782228755089319,0.03028566827652605,0.8781636599042275,turn
93,200,20,4.448484749972631,-0.2362585893875988,1.2556473326017696,0.8844822484926212,0.04513330349806132,0.8896969499945263,turn
94,200,20,4.5066068268644175,-0.23722881728699186,1.3101057487577559,0.9508473120892162,0.03141965962180977,0.9013213653728835,turn
95,200,20,4.558673539899943,-0.2376704854043547,1.274105063186989,0.8940926468136517,0.043942640619659884,0.9117347079799887,turn
96,200,20,4.612331016791983,-0.24213265982719678,1.3395287098025932,0.9599448094057486,0.0171819239279028,0.9224662033583967,turn
97,200,20,4.666247747443793,-0.24703609732047094,1.33040820433214,0.9627569037285405,0.038413130049444924,0.9332495494887587,turn
98,200,20,4.726934078065386,-0.24814610568078466,1.3272611075265146,0.9262719028427586,0.047381236458877214,0.9453868156130772,turn
99,200,20,4.795645624403405,-0.24806325638629978,1.3725079111446252,0.9574069077335849,0.012000912140963346,0.959129124880681,turn
100,200,20,4.873012145686456,-0.25175531806362844,1.3776196466412363,0.996694776573928,0.04941233698493899,0.9746024291372912,turn
101,200,20,4.95069954315631,-0.2462183790675647,1.4161126425318782,0.9933285701327248,0.03263797193804434,0.9901399086312621,turn
102,200,20,5.0318031601104485,-0.23830776133511122,1.3752078553114402,0.9295468469204302,0.015495573088995202,1.0063606320220897,turn
103,200,20,5.108621692311981,-0.2346100998271954,1.3708962195570114,0.9277923556668146,0.036153507479434195,1.0217243384623964,turn
104,200,20,5.184939096359899,-0.23394106163554393,1.3753917462524505,0.8933843324832605,0.022097245734364293,1.0369878192719797,turn
105,200,20,5.268469014531124,-0.2375458040180992,1.4092462227700915,0.8994989979828124,0.028267532584118616,1.0536938029062248,turn
106,200,20,5.355929524846915,-0.2381166915961337,1.4339573483581713,0.9360241960412543,0.011168560617547054,1.071185904969383,turn
107,200,20,5.439925934120936,-0.23010606759724223,1.4176046580589097,0.9136716377465501,0.03127070991774729,1.0879851868241872,turn
108,200,20,5.522629956733324,-0.22127139534740317,1.417394791247035,0.8595356312720568,0.003536616121940194,1.1045259913466647,turn
109,200,20,5.601532580319948,-0.21746464752874897,1.386972981145546,0.856093869288524,0.04810247603950276,1.1203065160639898,turn
110,200,20,5.668720928569259,-0.217596565763652,1.4263695706305233,0.8294913184559679,0.01930239430686182,1.133744185713852,turn
111,200,20,5.710471060768994,-0.2139552475664594,1.3524257815158087,0.7804936175286138,0.07594600683008351,1.142094212153799,turn
112,200,20,5.728928003448434,-0.2090143221425607,1.3902986368643695,0.8051685591755734,0.030520034497592354,1.145785600689687,turn
113,200,20,5.731906335962973,-0.2007606800414041,1.3954844064994893,0.7970718013846968,0.023608717185135696,1.1463812671925948,turn
114,200,20,5.727152390148733,-0.18949510272952363,1.3296431202377224,0.7099230300621068,0.044886749230594325,1.1454304780297466,turn
115,200,20,5.720870029381267,-0.17963467909953107,1.3386081704638348,0.6889634860303324,0.013666479689073651,1.1441740058762535,turn
116,200,20,5.713191290566287,-0.1783439475814412,1.3277329722967675,0.7031882628907952,0.029696434931300794,1.1426382581132575,turn
117,200,20,5.703503581536908,-0.17992336976602852,1.3353377005075748,0.7063492307205518,0.020571967726251493,1.1407007163073817,turn
118,200,20,5.692891601309056,-0.17851032544326723,1.3309645176802039,0.7239505237540983,0.04438277814713611,1.1385783202618114,turn
119,200,20,5.6845317194377625,-0.17791362176594117,1.2721957090943299,0.6823824526134733,0.07476892584886173,1.1369063438875526,turn
120,200,20,5.678413176799193,-0.1792437024638109,1.3165808324359705,0.7282093546672923,0.05842168083443486,1.1356826353598386,turn
121,200,20,5.675158581700474,-0.17857026817039046,1.2857349831090874,0.6404107982176092,0.06391180207096464,1.135031716340095,turn
122,200,20,5.6752394479115065,-0.17802026046274355,1.3235102758860142,0.6851579804829976,0.01676014576463427,1.1350478895823013,turn
123,200,20,5.673541337220017,-0.17828477179285945,1.2987780226058856,0.6653893090409597,0.04248648312860456,1.1347082674440034,turn
124,200,20,5.673552370958142,-0.17785355511925818,1.3354736463290047,0.6933291979264545,0.005655317315152655,1.1347104741916285,turn
125,200,20,5.677781942675531,-0.1757218923835664,1.310024407633599,0.68016508683092,0.02829857643976442,1.1355563885351063,turn
126,200,20,5.69098677182984,-0.16643022528754933,1.3098532487343386,0.6644605391561557,0.026591800539869197,1.138197354365968,turn
127,200,20,5.708733244772857,-0.15124676668798956,1.2672677275431976,0.5897419061228564,0.02975513192283929,1.1417466489545713,turn
128,200,20,5.726083900387766,-0.11504109563567456,1.2583097038119793,0.5067450556605111,0.05920994536862788,1.1452167800775532,turn
129,200,20,5.743814496309597,-0.08128621790294915,1.226878415699582,0.38046856935225315,0.06551116178485115,1.1487628992619194,mild
130,200,20,5.765244074752958,-0.05601023240806094,1.183571291210626,0.2479979754136164,0.030160436950697842,1.1530488149505915,mild
131,200,20,5.787884694451569,-0.0307427399126232,1.1993818631129605,0.1884178431559182,0.07188931262238049,1.1575769388903139,mild
132,200,20,5.811544505718512,-0.0020996213813241488,1.121202476156758,0.06497250774839838,0.05901764955667982,1.1623089011437024,straight
133,200,20,5.841062267429669,0.022480740245895227,1.1547356281999521,0.08959441384146372,0.016870835782620133,1.1682124534859337,mild
134,200,20,5.874571866422378,0.051806250948525756,1.1521157286768409,0.17382719208303474,0.04761941026184143,1.1749143732844756,mild
135,200,20,5.908870623749537,0.07748752689146549,1.2015028143174848,0.27413673656651094,0.03066759884668555,1.1817741247499074,mild
136,200,20,5.936212184931454,0.09723822520301584,1.189736491060176,0.3785682110284739,0.061083759537780724,1.1872424369862908,mild
137,200,20,5.96199077195021,0.12055429826098983,1.265850026225462,0.43360514102838227,0.035831165483609574,1.192398154390042,turn
138,200,20,5.985154306992397,0.13628038689868063,1.2828968258817484,0.5022682760654604,0.035743344002083614,1.1970308613984795,turn
139,200,20,6.015482067954522,0.1372482110778995,1.3023209398413742,0.5474707451914603,0.03186354451247861,1.2030964135909044,turn
140,200,20,6.04634999992617,0.14538829406331513,1.2984849596085781,0.5326703632022923,0.046261523585085944,1.209269999985234,turn
141,200,20,6.082010723111775,0.14850208647824986,1.29834985545474,0.5540322535522652,0.055427280203472484,1.2164021446223552,turn
142,200,20,6.117552391680048,0.14204661722013467,1.3358731485851012,0.5628365746447668,0.02312627976854941,1.2235104783360098,turn
143,200,20,6.1523569051184435,0.14057721124274933,1.3447111443059097,0.5609394455134465,0.02233936851363138,1.2304713810236887,turn
144,200,20,6.189958479450354,0.14185695649634908,1.3444410538388896,0.5856100883931109,0.0495338706332229,1.237991695890071,turn
145,200,20,6.231359795130858,0.13370121552801292,1.3397075767987856,0.5383122622259078,0.03326111022548853,1.2462719590261717,turn
146,200,20,6.270857692719403,0.12821864180097492,1.344712609288663,0.47716359379413775,0.02029048678269127,1.2541715385438807,turn
147,200,20,6.311087703372584,0.1271064428394585,1.347282727586285,0.5217945261502019,0.03913973846749915,1.2622175406745169,turn
148,200,20,6.346504904822964,0.11757051144635859,1.3321478836429548,0.5057106293587417,0.06471900265656891,1.2693009809645928,turn
149,200,20,6.373829013529926,0.11033664321696698,1.3750338237325654,0.4308864443644619,0.02651576398609447,1.2747658027059854,turn
150,200,20,6.401130773926297,0.10419550414982305,1.359924195736134,0.42476699452451017,0.022508208480641403,1.2802261547852594,turn
151,200,20,6.425398435437228,0.09344426664264212,1.3419466473739559,0.38811670666653336,0.02678030223207778,1.2850796870874457,mild
152,200,20,6.443698665009836,0.08264679630828639,1.3221125882840177,0.3154074785318385,0.008763856073965173,1.2887397330019672,mild
153,200,20,6.457973979097285,0.07292896475841829,1.3178193780163927,0.2929594411824474,0.013898903358880974,1.2915947958194571,mild
2,200,40,3.470003859850699,0.12476094064330129,1.2329027254928122,1.0489675778879235,0.08146621799098287,0.6940007719701398,turn
3,200,40,3.410867340309391,0.1271275093399578,1.1076133246656805,0.9242779211922836,0.11831278105431019,0.6821734680618783,turn
4,200,40,3.351719853472594,0.12832806680376113,1.1641478888215777,0.9651743709756225,0.06167945736945031,0.6703439706945189,turn
5,200,40,3.3093560096943566,0.12504052193367435,1.1353237705473436,0.9450207243008143,0.06519965898721342,0.6618712019388714,turn
6,200,40,3.28154223130598,0.12379435724500995,1.144845691096434,0.9751301375591723,0.0669573225183477,0.6563084462611961,turn
7,200,40,3.236472411327258,0.12030475763301161,1.1078596869717843,0.959375668790966,0.09852450352817849,0.6472944822654516,turn
8,200,40,3.209350003563438,0.11502343060405107,1.0578428069548969,0.8850788600944055,0.07733598912889118,0.6418700007126876,turn
9,200,40,3.1895435061531354,0.11434897264392548,1.0558104776181756,0.8891541486933237,0.07837502718965592,0.6379087012306272,turn
10,200,40,3.169427331756513,0.11538665762192188,1.0864078217659554,0.926749953091633,0.07378368294630847,0.6338854663513027,turn
11,200,40,3.162379314712214,0.11856678342200694,1.0577903978779324,0.8859706911410166,0.08494525933913977,0.6324758629424428,turn
12,200,40,3.149721720449353,0.11235560483533062,1.0701751500282082,0.8761323533594132,0.029544929706523563,0.6299443440898707,turn
13,200,40,3.123966356458589,0.11381986110696882,1.004501807373574,0.7940400571785063,0.11108447252744848,0.6247932712917179,turn
14,200,40,3.0937754569975873,0.11864161018256472,1.0660338415136026,0.8820641252311753,0.06675988997067646,0.6187550913995175,turn
15,200,40,3.0733384931404424,0.11703543407883696,1.0842237738073777,0.9041654852524021,0.03665567671323963,0.6146676986280886,turn
16,200,40,3.0888503346680904,0.10856382529640701,1.0310000551269172,0.8376648523588618,0.035568943625065116,0.6177700669336181,turn
17,200,40,3.06986390010676,0.10939117990173303,1.034600980910529,0.7957965843015671,0.08451634439493257,0.613972780021352,turn
18,200,40,3.0747065665825244,0.11179575501441401,1.03716743742465,0.8282239921706823,0.05905404891657212,0.6149413133165049,turn
19,200,40,3.1010492235898823,0.11704386988569318,1.0442426680211796,0.8429727903137626,0.08701503180813837,0.6202098447179765,turn
20,200,40,3.1350875013563257,0.1207647373224056,1.1034348694266944,0.9074647571856593,0.05213791931184158,0.6270175002712652,turn
21,200,40,3.174863425794385,0.11672095001069747,1.1522582864886217,0.9603600416808421,0.03491155586844552,0.6349726851588771,turn
22,200,40,3.2062253206219578,0.11753697487384675,1.084029385621534,0.8696601830109588,0.0634785288955358,0.6412450641243916,turn
23,200,40,3.217800029758617,0.11753311342400496,1.1366891174805733,0.931962397920041,0.003812279587593987,0.6435600059517235,turn
24,200,40,3.218504949285194,0.11643876406944319,1.1327632643306704,0.9302895348957442,0.010251428602837457,0.6437009898570388,turn
25,200,40,3.2070189783837044,0.11165241352065085,1.0973496929433781,0.882005719454524,0.004356819895781459,0.6414037956767409,turn
26,200,40,3.212429841057388,0.12364907318742549,1.1273195025875258,0.9072065586186518,0.07610984210673956,0.6424859682114776,turn
27,200,40,3.2063398097046054,0.11721591492875466,1.1946143692064182,1.011483911265356,0.08316056052358713,0.6412679619409212,turn
28,200,40,3.1966984783550103,0.11256841770770074,1.0903320559759584,0.8824516022030895,0.013817732428852406,0.6393396956710021,turn
29,200,40,3.205451733993647,0.11673528131085292,1.0822824342361586,0.8864192608149126,0.049896075709423685,0.6410903467987294,turn
30,200,40,3.234686017996923,0.11687048690153959,1.109105843021136,0.9133700344811453,0.031684332970798035,0.6469372035993847,turn
31,200,40,3.2709320438243643,0.11841573217462135,1.15650823951766,0.9422218134757728,0.006069925772331667,0.6541864087648729,turn
32,200,40,3.3167008324568776,0.12424538380910988,1.1472263971179235,0.932253291002331,0.05422815051111641,0.6633401664913756,turn
33,200,40,3.388974286798428,0.12803253345943794,1.2049856920678212,0.9696914580846397,0.053615916929149986,0.6777948573596856,turn
34,200,40,3.4751118579231277,0.12242672886554168,1.2353732725275786,0.9958294777732334,0.03477430441599432,0.6950223715846255,turn
35,200,40,3.561563405934483,0.12659383714492556,1.1995569857023123,0.9537953454056088,0.050285472690783546,0.7123126811868966,turn
36,200,40,3.6412915816900058,0.13762501867379287,1.273088785164594,1.0380014201548833,0.053344607497769654,0.7282583163380012,turn
37,200,40,3.7208905738250704,0.14076947779865953,1.3251389266158453,1.0885924935100997,0.0273654280902228,0.7441781147650142,turn
38,200,40,3.8099680313516964,0.14394562266205793,1.3360968402141906,1.1131904516898008,0.046682624058497386,0.7619936062703393,turn
39,200,40,3.9054808152175733,0.14590252902930828,1.3645041180726125,1.1068518248134183,0.04888731726348382,0.7810961630435147,turn
40,200,40,4.0050918309988415,0.15772457190785572,1.431562631651716,1.1819884329586785,0.06787019678294406,0.8010183661997683,turn
41,200,40,4.101529441726828,0.16717394019411483,1.4687229700312396,1.2173031496471127,0.10782102454306018,0.8203058883453656,turn
42,200,40,4.187937746837585,0.16862135736613845,1.5658152822679057,1.3103085622892268,0.02482749211015462,0.8375875493675171,turn
43,200,40,4.265685626600256,0.17438667489574644,1.5652509371242411,1.3173457564352926,0.07050359690043097,0.8531371253200511,turn
44,200,40,4.333699903927835,0.1837675488703586,1.6393274396765949,1.3977006119706472,0.06786083591994053,0.866739980785567,turn
45,200,40,4.384177423633345,0.18798939618012495,1.6904563140679767,1.4568053213693934,0.05614896314176352,0.876835484726669,turn
46,200,40,4.408596120666882,0.19146291397334772,1.7338414855603326,1.4722262249518812,0.04360798500925674,0.8817192241333764,turn
47,200,40,4.40948975510394,0.1896966799384382,1.766881978808009,1.5340083076909508,0.04671536407744854,0.881897951020788,turn
48,200,40,4.402979223212519,0.1856182949629417,1.7386519547350878,1.5077720736344022,0.057304871360488764,0.8805958446425038,turn
49,200,40,4.389128249052325,0.18133774394292043,1.6954742522879422,1.4752920711238204,0.07898333056225874,0.8778256498104651,turn
50,200,40,4.373644451295517,0.1782609602186112,1.6800795911713862,1.4753998159317514,0.11331937452363398,0.8747288902591035,turn
51,200,40,4.348355875003692,0.1713868378497687,1.6472437527424695,1.4020219498117772,0.053871927455683304,0.8696711750007385,turn
52,200,40,4.315686914532399,0.16506023776716874,1.6058864160319497,1.3732225527036572,0.0843074756429318,0.8631373829064798,turn
53,200,40,4.285209335924377,0.15777690758674354,1.5467291181689657,1.334845661740445,0.12584744846322113,0.8570418671848755,turn
54,200,40,4.254220412556105,0.14738227878326685,1.5663076464853467,1.3536467528330554,0.201752648088093,0.850844082511221,turn
55,200,40,4.215114622434393,0.1405756347553371,1.4745470554699862,1.2149005635884373,0.10465357506899545,0.8430229244868785,turn
56,200,40,4.1782564445344335,0.13219164006850406,1.4370692746413154,1.2051280579525838,0.17132409963049378,0.8356512889068868,turn
57,200,40,4.144212135843539,0.12078261728788167,1.3300061508451688,1.0732566393455159,0.1285895538759663,0.8288424271687078,turn
58,200,40,4.1103026117781924,0.10784504047469877,1.2720218435263162,0.9785132211316662,0.12515760647117424,0.8220605223556385,turn
59,200,40,4.072664677845869,0.09435169616724005,1.1481568354166327,0.8414918327973039,0.10180740469090933,0.8145329355691738,mild
60,200,40,4.037021348196095,0.07988197625339782,1.0648769064895005,0.7163753158437195,0.08682735263041182,0.8074042696392191,mild
61,200,40,4.0045444346770935,0.0637948607365285,0.9770659686781177,0.6074518968652917,0.10814999455249194,0.8009088869354187,mild
62,200,40,3.9736390315082954,0.04801063539050756,0.8853236842781197,0.5040614415709066,0.13678354898613873,0.7947278063016592,mild
63,200,40,3.9418220464683986,0.030968142410017416,0.8393899278662282,0.37815772118687135,0.13649485430307165,0.7883644092936798,mild
64,200,40,3.91278405563668,0.013286824349862968,0.7479240182117307,0.19229689703802744,0.09725583250859321,0.782556811127336,straight
65,200,40,3.886913963813294,-0.0043872568953699335,0.7250518532207101,0.08025577909135696,0.10830030188913581,0.7773827927626589,straight
66,200,40,3.8682197091972577,-0.02133773534054085,0.7551424024610299,0.10676477914047079,0.0703839652340627,0.7736439418394516,mild
67,200,40,3.896282692472503,-0.03970990919414759,0.7467951032938902,0.24111069841754346,0.10898755260328899,0.7792565384945007,mild
68,200,40,3.9524687553875273,-0.060532459860848625,0.8094020580590015,0.35933278916662137,0.14157928929618627,0.7904937510775055,mild
69,200,40,4.001219072389032,-0.07679895279543947,0.8919220394986399,0.4948275236241505,0.1314861499263061,0.8002438144778066,mild
70,200,40,4.034563805356056,-0.09267911749122619,0.9910361241736744,0.622850121801048,0.11983530756466071,0.8069127610712112,mild
71,200,40,4.04555010707655,-0.11139304977860812,1.0921616649906656,0.7750640950329996,0.11818825227471881,0.80911002141531,turn
72,200,40,4.039844904708783,-0.132396591409751,1.2276845276748545,0.954731585989893,0.10594636016994785,0.8079689809417566,turn
73,200,40,4.024838882944292,-0.14794160330192674,1.331010107594832,1.0631509932696193,0.11124693046354264,0.8049677765888584,turn
74,200,40,4.0084326146222145,-0.1594092327690259,1.4219191893111678,1.182977761076258,0.0861642504397158,0.801686522924443,turn
75,200,40,3.994327511075574,-0.17726462607787907,1.524096012747672,1.3111948863808558,0.10332966489205665,0.7988655022151149,turn
76,200,40,3.980442867835382,-0.19535924717368472,1.6414036249230533,1.4311394022934962,0.11898676883681092,0.7960885735670764,turn
77,200,40,3.9531587689940144,-0.20509510079480797,1.7019340410762458,1.512772546517093,0.1204710117791026,0.7906317537988029,turn
78,200,40,3.931185188259808,-0.20737638049773077,1.7549795712578375,1.5655956671166658,0.08250424226718119,0.7862370376519616,turn
79,200,40,3.909739026688665,-0.21195894432180715,1.7875184431205098,1.6270425787090659,0.09118622810561229,0.7819478053377331,turn
80,200,40,3.900213965145786,-0.22078782521767223,1.8356053422195464,1.6714031164871157,0.09725609116878597,0.7800427930291572,turn
81,200,40,3.920683672215637,-0.23020122604863352,1.9502702782330759,1.786228097633935,0.055934287759598335,0.7841367344431274,turn
82,200,40,3.964473617621556,-0.2360212929170127,1.99988929082776,1.8417004647219415,0.062225459532427266,0.7928947235243112,turn
83,200,40,4.008820569472842,-0.24317813644260486,2.0522719287739246,1.8933389616968663,0.06371271084653203,0.8017641138945685,turn
84,200,40,4.049951710877417,-0.24701107702218944,2.0752460813434133,1.906285073040812,0.06279240200144663,0.8099903421754834,turn
85,200,40,4.09010481620669,-0.2500637803867939,2.1071858108526063,1.9232286770619285,0.05873952760629365,0.818020963241338,turn
86,200,40,4.126866200603103,-0.25061831158491527,2.0988451696974786,1.9310859335064814,0.0747811443933071,0.8253732401206206,turn
87,200,40,4.1628293305239445,-0.249572337937553,2.1127126106653447,1.9554613702990193,0.0826474908002633,0.832565866104789,turn
88,200,40,4.200178957222218,-0.24950010606627862,2.148030872833019,1.9761775139336923,0.04547925998196368,0.8400357914444436,turn
89,200,40,4.239067595970982,-0.24449994647905088,2.125437093836743,1.9465442807485605,0.042524997336635825,0.8478135191941965,turn
90,200,40,4.284720817910564,-0.24137910832111723,2.1090681797848627,1.9218257537855001,0.03544427930860934,0.8569441635821129,turn
91,200,40,4.336767649607838,-0.24453090232676727,2.106205549483123,1.9075661289188868,0.034785261943354934,0.8673535299215676,turn
92,200,40,4.390818299521137,-0.2420276326846926,2.1253478583581145,1.913176711987619,0.00375562181936666,0.8781636599042275,turn
93,200,40,4.448484749972631,-0.2362585893875988,2.0844016307549333,1.8816825992314654,0.03964329629342222,0.8896969499945263,turn
94,200,40,4.5066068268644175,-0.23722881728699186,2.056651895748881,1.849819727726124,0.05348242784824347,0.9013213653728835,turn
95,200,40,4.558673539899943,-0.2376704854043547,2.056707629073771,1.8245432659322045,0.05605782077717319,0.9117347079799887,turn
96,200,40,4.612331016791983,-0.24213265982719678,2.1350582563883163,1.9180893872038534,0.031180158130565846,0.9224662033583967,turn
97,200,40,4.666247747443793,-0.24703609732047094,2.1512462359528755,1.9327040181225366,0.04174847174310102,0.9332495494887587,turn
98,200,40,4.726934078065386,-0.24814610568078466,2.1752845172102613,1.9444978424293127,0.02524936706524841,0.9453868156130772,turn
99,200,40,4.795645624403405,-0.24806325638629978,2.217441722570756,1.975095606215411,0.013591612908273744,0.959129124880681,turn
100,200,40,4.873012145686456,-0.25175531806362844,2.2158883287497706,1.9662067412086115,0.024153241828288236,0.9746024291372912,turn
101,200,40,4.95069954315631,-0.2462183790675647,2.2275424452972934,1.97857468711275,0.036521153233684066,0.9901399086312621,turn
102,200,40,5.0318031601104485,-0.23830776133511122,2.2117281778908624,1.9261953232450728,0.05642907422209846,1.0063606320220897,turn
103,200,40,5.108621692311981,-0.2346100998271954,2.145846912807489,1.8659966108926345,0.013794646748652089,1.0217243384623964,turn
104,200,40,5.184939096359899,-0.23394106163554393,2.1309793356294637,1.823200942051039,0.035648367933486906,1.0369878192719797,turn
105,200,40,5.268469014531124,-0.2375458040180992,2.1340556568982594,1.844905373582848,0.03914483937242576,1.0536938029062248,turn
106,200,40,5.355929524846915,-0.2381166915961337,2.19085122695117,1.887563153640896,0.008564322990223689,1.071185904969383,turn
107,200,40,5.439925934120936,-0.23010606759724223,2.1597801946402297,1.833693843619224,0.02090007386323512,1.0879851868241872,turn
108,200,40,5.522629956733324,-0.22127139534740317,2.1030663844304778,1.7654145480033494,0.01963569672828125,1.1045259913466647,turn
109,200,40,5.601532580319948,-0.21746464752874897,2.063776140284427,1.7065934987838887,0.009628137171742768,1.1203065160639898,turn
110,200,40,5.668720928569259,-0.217596565763652,2.0637381905289556,1.7093785906633543,0.01554883879342621,1.133744185713852,turn
111,200,40,5.710471060768994,-0.2139552475664594,2.0819660285688806,1.71172264865101,0.024514415304384557,1.142094212153799,turn
112,200,40,5.728928003448434,-0.2090143221425607,2.0320712785389246,1.6680698970121017,0.02790287995971762,1.145785600689687,turn
113,200,40,5.731906335962973,-0.2007606800414041,2.0179011091241845,1.6305650032422623,0.047451095281331145,1.1463812671925948,turn
114,200,40,5.727152390148733,-0.18949510272952363,1.9255409305410796,1.552153427719833,0.06770927190674253,1.1454304780297466,turn
115,200,40,5.720870029381267,-0.17963467909953107,1.8624748768673227,1.466929871529145,0.05472250183734056,1.1441740058762535,turn
116,200,40,5.713191290566287,-0.1783439475814412,1.8224247789475378,1.4394335450889997,0.05877664549772859,1.1426382581132575,turn
117,200,40,5.703503581536908,-0.17992336976602852,1.8122780843997575,1.4204997302287756,0.04052212143313907,1.1407007163073817,turn
118,200,40,5.692891601309056,-0.17851032544326723,1.768910185144315,1.390250776018247,0.07196342332619235,1.1385783202618114,turn
119,200,40,5.6845317194377625,-0.17791362176594117,1.7685500609783347,1.3830108454929388,0.06274349447733803,1.1369063438875526,turn
120,200,40,5.678413176799193,-0.1792437024638109,1.7660922829353751,1.3718369935336314,0.06455926767908522,1.1356826353598386,turn
121,200,40,5.675158581700474,-0.17857026817039046,1.817746454915758,1.42209171285185,0.030559780658584494,1.135031716340095,turn
122,200,40,5.6752394479115065,-0.17802026046274355,1.7688180039477142,1.3863405746898712,0.06379700139688509,1.1350478895823013,turn
123,200,40,5.673541337220017,-0.17828477179285945,1.7960815097804697,1.401813998610808,0.03703771481766039,1.1347082674440034,turn
124,200,40,5.673552370958142,-0.17785355511925818,1.8278767010375592,1.4151458230444063,0.01189222011432319,1.1347104741916285,turn
125,200,40,5.677781942675531,-0.1757218923835664,1.782252078585361,1.3754190420254497,0.029104971447747083,1.1355563885351063,turn
126,200,40,5.69098677182984,-0.16643022528754933,1.7683492726738974,1.3471225820006463,0.03722934660075252,1.138197354365968,turn
127,200,40,5.708733244772857,-0.15124676668798956,1.7104268927079744,1.2853716504253438,0.09775397260766361,1.1417466489545713,turn
128,200,40,5.726083900387766,-0.11504109563567456,1.519770177649363,1.0349777579065371,0.13477687147549344,1.1452167800775532,turn
129,200,40,5.743814496309597,-0.08128621790294915,1.3537455495223722,0.7413523849387882,0.10251917530677018,1.1487628992619194,mild
130,200,40,5.765244074752958,-0.05601023240806094,1.2683874006187328,0.5408739821371199,0.09931516337817671,1.1530488149505915,mild
131,200,40,5.787884694451569,-0.0307427399126232,1.160992781575774,0.3251677567919633,0.09088590693543902,1.1575769388903139,mild
132,200,40,5.811544505718512,-0.0020996213813241488,1.1227202018051115,0.09037050516347979,0.07616639026318445,1.1623089011437024,straight
133,200,40,5.841062267429669,0.022480740245895227,1.1672458956214025,0.1139216107536122,0.06393891325571818,1.1682124534859337,mild
134,200,40,5.874571866422378,0.051806250948525756,1.2235259801439295,0.28728240990789977,0.12240475701765989,1.1749143732844756,mild
135,200,40,5.908870623749537,0.07748752689146549,1.2710581615109597,0.5457939943868967,0.07612018200208998,1.1817741247499074,mild
136,200,40,5.936212184931454,0.09723822520301584,1.344125349788758,0.7240022116699582,0.07507439433723524,1.1872424369862908,mild
137,200,40,5.96199077195021,0.12055429826098983,1.4513123927217988,0.8894529438395697,0.08280927240779705,1.192398154390042,turn
138,200,40,5.985154306992397,0.13628038689868063,1.5868052281453044,1.0328246839724022,0.04214807421242904,1.1970308613984795,turn
139,200,40,6.015482067954522,0.1372482110778995,1.5745036108517265,1.0721532695503324,0.06509435328442705,1.2030964135909044,turn
140,200,40,6.04634999992617,0.14538829406331513,1.641037241760498,1.1160019800202294,0.037475336405888016,1.209269999985234,turn
141,200,40,6.082010723111775,0.14850208647824986,1.6508495904260223,1.1854683995725748,0.08376927535695997,1.2164021446223552,turn
142,200,40,6.117552391680048,0.14204661722013467,1.6589857368472969,1.1261065342494891,0.02285557480115549,1.2235104783360098,turn
143,200,40,6.1523569051184435,0.14057721124274933,1.6578248210438493,1.0942293468267388,0.013638129867963405,1.2304713810236887,turn
144,200,40,6.189958479450354,0.14185695649634908,1.6573057369205648,1.1249690628452547,0.03739956196130689,1.237991695890071,turn
145,200,40,6.231359795130858,0.13370121552801292,1.7062515561975293,1.133574542641318,0.08101336656830017,1.2462719590261717,turn
146,200,40,6.270857692719403,0.12821864180097492,1.6389955653679618,1.0462931520374077,0.03691249075607983,1.2541715385438807,turn
147,200,40,6.311087703372584,0.1271064428394585,1.6184902306879818,0.9900056312879788,0.012265914739312631,1.2622175406745169,turn
148,200,40,6.346504904822964,0.11757051144635859,1.6049262374827076,0.9594963778287086,0.03402886254639434,1.2693009809645928,turn
149,200,40,6.373829013529926,0.11033664321696698,1.5614057657376699,0.8836200353745466,0.015111260656881299,1.2747658027059854,turn
150,200,40,6.401130773926297,0.10419550414982305,1.5423044996966724,0.8291486474721181,0.014601833774603513,1.2802261547852594,turn
151,200,40,6.425398435437228,0.09344426664264212,1.4536894653749173,0.7662911071117717,0.06338619590547492,1.2850796870874457,mild
152,200,40,6.443698665009836,0.08264679630828639,1.4763109928286078,0.6751350092166359,0.03067499621686214,1.2887397330019672,mild
153,200,40,6.457973979097285,0.07292896475841829,1.4418218738184099,0.6213881928575308,0.047699315765813086,1.2915947958194571,mild
