frame,t_ref,t_capture,x_true,y_true,x_lidar,y_lidar,x_ref,y_ref,yaw_ref,v_ref,yaw_rate_ref,x_pre,y_pre,e_pre,scenario,offset_ms,distance_m,x_linear,y_linear,x_ctrv,y_ctrv,e_linear,e_ctrv
0.000000,0.200000,0.200000,14.000000,0.000000,9.983481,0.004850,4.000000,0.000000,0.000000,20.000000,0.000000,13.983481,0.004850,0.017216,A,0,10,13.983481,0.004850,13.983481,0.004850,0.017216,0.017216
1.000000,0.300000,0.300000,16.000000,0.000000,9.998723,-0.001887,6.000000,0.000000,0.000000,20.000000,0.000000,15.998723,-0.001887,0.002279,A,0,10,15.998723,-0.001887,15.998723,-0.001887,0.002279,0.002279
2.000000,0.400000,0.400000,18.000000,0.000000,10.006469,0.013319,8.000000,0.000000,0.000000,20.000000,0.000000,18.006469,0.013319,0.014807,A,0,10,18.006469,0.013319,18.006469,0.013319,0.014807,0.014807
3.000000,0.500000,0.500000,20.000000,0.000000,10.003790,0.003567,10.000000,0.000000,0.000000,20.000000,0.000000,20.003790,0.003567,0.005205,A,0,10,20.003790,0.003567,20.003790,0.003567,0.005205,0.005205
4.000000,0.600000,0.600000,22.000000,0.000000,9.977254,0.011561,12.000000,0.000000,0.000000,20.000000,0.000000,21.977254,0.011561,0.025516,A,0,10,21.977254,0.011561,21.977254,0.011561,0.025516,0.025516
5.000000,0.700000,0.700000,24.000000,0.000000,9.993490,0.019799,14.000000,0.000000,0.000000,20.000000,0.000000,23.993490,0.019799,0.020842,A,0,10,23.993490,0.019799,23.993490,0.019799,0.020842,0.020842
6.000000,0.800000,0.800000,26.000000,0.000000,10.026264,-0.032653,16.000000,0.000000,0.000000,20.000000,0.000000,26.026264,-0.032653,0.041904,A,0,10,26.026264,-0.032653,26.026264,-0.032653,0.041904,0.041904
7.000000,0.900000,0.900000,28.000000,0.000000,10.026596,-0.013620,18.000000,0.000000,0.000000,20.000000,0.000000,28.026596,-0.013620,0.029880,A,0,10,28.026596,-0.013620,28.026596,-0.013620,0.029880,0.029880
8.000000,1.000000,1.000000,30.000000,0.000000,9.979248,-0.004648,20.000000,0.000000,0.000000,20.000000,0.000000,29.979248,-0.004648,0.021266,A,0,10,29.979248,-0.004648,29.979248,-0.004648,0.021266,0.021266
9.000000,1.100000,1.100000,32.000000,0.000000,10.005984,0.020178,22.000000,0.000000,0.000000,20.000000,0.000000,32.005984,0.020178,0.021047,A,0,10,32.005984,0.020178,32.005984,0.020178,0.021047,0.021047
10.000000,1.200000,1.200000,34.000000,0.000000,10.056448,-0.029268,24.000000,0.000000,0.000000,20.000000,0.000000,34.056448,-0.029268,0.063585,A,0,10,34.056448,-0.029268,34.056448,-0.029268,0.063585,0.063585
11.000000,1.300000,1.300000,36.000000,0.000000,9.992671,0.007524,26.000000,0.000000,0.000000,20.000000,0.000000,35.992671,0.007524,0.010504,A,0,10,35.992671,0.007524,35.992671,0.007524,0.010504,0.010504
12.000000,1.400000,1.400000,38.000000,0.000000,9.989355,-0.034388,28.000000,0.000000,0.000000,20.000000,0.000000,37.989355,-0.034388,0.035998,A,0,10,37.989355,-0.034388,37.989355,-0.034388,0.035998,0.035998
13.000000,1.500000,1.500000,40.000000,0.000000,9.995445,-0.000540,30.000000,0.000000,0.000000,20.000000,0.000000,39.995445,-0.000540,0.004587,A,0,10,39.995445,-0.000540,39.995445,-0.000540,0.004587,0.004587
14.000000,1.600000,1.600000,42.000000,0.000000,10.007855,-0.007837,32.000000,0.000000,0.000000,20.000000,0.000000,42.007855,-0.007837,0.011096,A,0,10,42.007855,-0.007837,42.007855,-0.007837,0.011096,0.011096
15.000000,1.700000,1.700000,44.000000,0.000000,10.027002,0.004373,34.000000,0.000000,0.000000,20.000000,0.000000,44.027002,0.004373,0.027353,A,0,10,44.027002,0.004373,44.027002,0.004373,0.027353,0.027353
16.000000,1.800000,1.800000,46.000000,0.000000,10.015888,-0.020595,36.000000,0.000000,0.000000,20.000000,0.000000,46.015888,-0.020595,0.026011,A,0,10,46.015888,-0.020595,46.015888,-0.020595,0.026011,0.026011
17.000000,1.900000,1.900000,48.000000,0.000000,9.948971,0.015611,38.000000,0.000000,0.000000,20.000000,0.000000,47.948971,0.015611,0.053363,A,0,10,47.948971,0.015611,47.948971,0.015611,0.053363,0.053363
18.000000,2.000000,2.000000,50.000000,0.000000,10.007238,0.013992,40.000000,0.000000,0.000000,20.000000,0.000000,50.007238,0.013992,0.015754,A,0,10,50.007238,0.013992,50.007238,0.013992,0.015754,0.015754
19.000000,2.100000,2.100000,52.000000,0.000000,10.003076,-0.006036,42.000000,0.000000,0.000000,20.000000,0.000000,52.003076,-0.006036,0.006774,A,0,10,52.003076,-0.006036,52.003076,-0.006036,0.006774,0.006774
20.000000,2.200000,2.200000,54.000000,0.000000,9.995283,0.020567,44.000000,0.000000,0.000000,20.000000,0.000000,53.995283,0.020567,0.021101,A,0,10,53.995283,0.020567,53.995283,0.020567,0.021101,0.021101
21.000000,2.300000,2.300000,56.000000,0.000000,9.985231,-0.005399,46.000000,0.000000,0.000000,20.000000,0.000000,55.985231,-0.005399,0.015725,A,0,10,55.985231,-0.005399,55.985231,-0.005399,0.015725,0.015725
22.000000,2.400000,2.400000,58.000000,0.000000,9.999671,0.006891,48.000000,0.000000,0.000000,20.000000,0.000000,57.999671,0.006891,0.006899,A,0,10,57.999671,0.006891,57.999671,0.006891,0.006899,0.006899
23.000000,2.500000,2.500000,60.000000,0.000000,10.044341,-0.010225,50.000000,0.000000,0.000000,20.000000,0.000000,60.044341,-0.010225,0.045504,A,0,10,60.044341,-0.010225,60.044341,-0.010225,0.045504,0.045504
24.000000,2.600000,2.600000,62.000000,0.000000,10.050773,0.003511,52.000000,0.000000,0.000000,20.000000,0.000000,62.050773,0.003511,0.050894,A,0,10,62.050773,0.003511,62.050773,0.003511,0.050894,0.050894
25.000000,2.700000,2.700000,64.000000,0.000000,10.000728,-0.008416,54.000000,0.000000,0.000000,20.000000,0.000000,64.000728,-0.008416,0.008448,A,0,10,64.000728,-0.008416,64.000728,-0.008416,0.008448,0.008448
26.000000,2.800000,2.800000,66.000000,0.000000,10.018699,0.033998,56.000000,0.000000,0.000000,20.000000,0.000000,66.018699,0.033998,0.038801,A,0,10,66.018699,0.033998,66.018699,0.033998,0.038801,0.038801
27.000000,2.900000,2.900000,68.000000,0.000000,9.982594,-0.001632,58.000000,0.000000,0.000000,20.000000,0.000000,67.982594,-0.001632,0.017482,A,0,10,67.982594,-0.001632,67.982594,-0.001632,0.017482,0.017482
28.000000,3.000000,3.000000,70.000000,0.000000,9.995415,-0.010489,60.000000,0.000000,0.000000,20.000000,0.000000,69.995415,-0.010489,0.011448,A,0,10,69.995415,-0.010489,69.995415,-0.010489,0.011448,0.011448
29.000000,3.100000,3.100000,72.000000,0.000000,9.980608,0.009200,62.000000,0.000000,0.000000,20.000000,0.000000,71.980608,0.009200,0.021464,A,0,10,71.980608,0.009200,71.980608,0.009200,0.021464,0.021464
30.000000,3.200000,3.200000,74.000000,0.000000,10.015592,0.006587,64.000000,0.000000,0.000000,20.000000,0.000000,74.015592,0.006587,0.016927,A,0,10,74.015592,0.006587,74.015592,0.006587,0.016927,0.016927
31.000000,3.300000,3.300000,76.000000,0.000000,9.990445,0.005278,66.000000,0.000000,0.000000,20.000000,0.000000,75.990445,0.005278,0.010916,A,0,10,75.990445,0.005278,75.990445,0.005278,0.010916,0.010916
32.000000,3.400000,3.400000,78.000000,0.000000,10.020256,0.009874,68.000000,0.000000,0.000000,20.000000,0.000000,78.020256,0.009874,0.022534,A,0,10,78.020256,0.009874,78.020256,0.009874,0.022534,0.022534
33.000000,3.500000,3.500000,80.000000,0.000000,10.020636,-0.002861,70.000000,0.000000,0.000000,20.000000,0.000000,80.020636,-0.002861,0.020833,A,0,10,80.020636,-0.002861,80.020636,-0.002861,0.020833,0.020833
34.000000,3.600000,3.600000,82.000000,0.000000,10.017242,0.014226,72.000000,0.000000,0.000000,20.000000,0.000000,82.017242,0.014226,0.022353,A,0,10,82.017242,0.014226,82.017242,0.014226,0.022353,0.022353
35.000000,3.700000,3.700000,84.000000,0.000000,9.989419,-0.001695,74.000000,0.000000,0.000000,20.000000,0.000000,83.989419,-0.001695,0.010716,A,0,10,83.989419,-0.001695,83.989419,-0.001695,0.010716,0.010716
36.000000,3.800000,3.800000,86.000000,0.000000,9.987398,0.003851,76.000000,0.000000,0.000000,20.000000,0.000000,85.987398,0.003851,0.013178,A,0,10,85.987398,0.003851,85.987398,0.003851,0.013178,0.013178
37.000000,3.900000,3.900000,88.000000,0.000000,9.997852,0.002232,78.000000,0.000000,0.000000,20.000000,0.000000,87.997852,0.002232,0.003098,A,0,10,87.997852,0.002232,87.997852,0.002232,0.003098,0.003098
38.000000,4.000000,4.000000,90.000000,0.000000,10.000472,-0.010621,80.000000,0.000000,0.000000,20.000000,0.000000,90.000472,-0.010621,0.010631,A,0,10,90.000472,-0.010621,90.000472,-0.010621,0.010631,0.010631
39.000000,4.100000,4.100000,92.000000,0.000000,10.010893,-0.021486,82.000000,0.000000,0.000000,20.000000,0.000000,92.010893,-0.021486,0.024090,A,0,10,92.010893,-0.021486,92.010893,-0.021486,0.024090,0.024090
40.000000,4.200000,4.200000,94.000000,0.000000,10.000774,-0.045181,84.000000,0.000000,0.000000,20.000000,0.000000,94.000774,-0.045181,0.045187,A,0,10,94.000774,-0.045181,94.000774,-0.045181,0.045187,0.045187
41.000000,4.300000,4.300000,96.000000,0.000000,9.980370,0.014540,86.000000,0.000000,0.000000,20.000000,0.000000,95.980370,0.014540,0.024428,A,0,10,95.980370,0.014540,95.980370,0.014540,0.024428,0.024428
42.000000,4.400000,4.400000,98.000000,0.000000,9.995624,0.006011,88.000000,0.000000,0.000000,20.000000,0.000000,97.995624,0.006011,0.007435,A,0,10,97.995624,0.006011,97.995624,0.006011,0.007435,0.007435
43.000000,4.500000,4.500000,100.000000,0.000000,9.981472,-0.029931,90.000000,0.000000,0.000000,20.000000,0.000000,99.981472,-0.029931,0.035201,A,0,10,99.981472,-0.029931,99.981472,-0.029931,0.035201,0.035201
44.000000,4.600000,4.600000,102.000000,0.000000,9.978767,0.000006,92.000000,0.000000,0.000000,20.000000,0.000000,101.978767,0.000006,0.021233,A,0,10,101.978767,0.000006,101.978767,0.000006,0.021233,0.021233
45.000000,4.700000,4.700000,104.000000,0.000000,9.991968,0.035056,94.000000,0.000000,0.000000,20.000000,0.000000,103.991968,0.035056,0.035964,A,0,10,103.991968,0.035056,103.991968,0.035056,0.035964,0.035964
46.000000,4.800000,4.800000,106.000000,0.000000,10.037719,0.017308,96.000000,0.000000,0.000000,20.000000,0.000000,106.037719,0.017308,0.041500,A,0,10,106.037719,0.017308,106.037719,0.017308,0.041500,0.041500
47.000000,4.900000,4.900000,108.000000,0.000000,9.983740,0.002718,98.000000,0.000000,0.000000,20.000000,0.000000,107.983740,0.002718,0.016485,A,0,10,107.983740,0.002718,107.983740,0.002718,0.016485,0.016485
48.000000,5.000000,5.000000,110.000000,0.000000,9.990999,-0.010572,100.000000,0.000000,0.000000,20.000000,0.000000,109.990999,-0.010572,0.013884,A,0,10,109.990999,-0.010572,109.990999,-0.010572,0.013884,0.013884
49.000000,5.100000,5.100000,112.000000,0.000000,9.993624,0.000509,102.000000,0.000000,0.000000,20.000000,0.000000,111.993624,0.000509,0.006396,A,0,10,111.993624,0.000509,111.993624,0.000509,0.006396,0.006396
50.000000,5.200000,5.200000,114.000000,0.000000,9.994631,-0.001010,104.000000,0.000000,0.000000,20.000000,0.000000,113.994631,-0.001010,0.005463,A,0,10,113.994631,-0.001010,113.994631,-0.001010,0.005463,0.005463
51.000000,5.300000,5.300000,116.000000,0.000000,9.963411,-0.010842,106.000000,0.000000,0.000000,20.000000,0.000000,115.963411,-0.010842,0.038161,A,0,10,115.963411,-0.010842,115.963411,-0.010842,0.038161,0.038161
52.000000,5.400000,5.400000,118.000000,0.000000,10.013349,0.010800,108.000000,0.000000,0.000000,20.000000,0.000000,118.013349,0.010800,0.017171,A,0,10,118.013349,0.010800,118.013349,0.010800,0.017171,0.017171
53.000000,5.500000,5.500000,120.000000,0.000000,9.974018,0.004932,110.000000,0.000000,0.000000,20.000000,0.000000,119.974018,0.004932,0.026446,A,0,10,119.974018,0.004932,119.974018,0.004932,0.026446,0.026446
54.000000,5.600000,5.600000,122.000000,0.000000,10.000795,-0.025149,112.000000,0.000000,0.000000,20.000000,0.000000,122.000795,-0.025149,0.025162,A,0,10,122.000795,-0.025149,122.000795,-0.025149,0.025162,0.025162
55.000000,5.700000,5.700000,124.000000,0.000000,10.002321,0.008843,114.000000,0.000000,0.000000,20.000000,0.000000,124.002321,0.008843,0.009142,A,0,10,124.002321,0.008843,124.002321,0.008843,0.009142,0.009142
56.000000,5.800000,5.800000,126.000000,0.000000,9.998930,0.034251,116.000000,0.000000,0.000000,20.000000,0.000000,125.998930,0.034251,0.034268,A,0,10,125.998930,0.034251,125.998930,0.034251,0.034268,0.034268
57.000000,5.900000,5.900000,128.000000,0.000000,9.987972,0.004307,118.000000,0.000000,0.000000,20.000000,0.000000,127.987972,0.004307,0.012776,A,0,10,127.987972,0.004307,127.987972,0.004307,0.012776,0.012776
58.000000,6.000000,6.000000,130.000000,0.000000,10.008989,0.009068,120.000000,0.000000,0.000000,20.000000,0.000000,130.008989,0.009068,0.012768,A,0,10,130.008989,0.009068,130.008989,0.009068,0.012768,0.012768
59.000000,6.100000,6.100000,132.000000,0.000000,9.990284,0.009790,122.000000,0.000000,0.000000,20.000000,0.000000,131.990284,0.009790,0.013793,A,0,10,131.990284,0.009790,131.990284,0.009790,0.013793,0.013793
60.000000,6.200000,6.200000,134.000000,0.000000,10.005875,0.046032,124.000000,0.000000,0.000000,20.000000,0.000000,134.005875,0.046032,0.046405,A,0,10,134.005875,0.046032,134.005875,0.046032,0.046405,0.046405
61.000000,6.300000,6.300000,136.000000,0.000000,10.026055,-0.000619,126.000000,0.000000,0.000000,20.000000,0.000000,136.026055,-0.000619,0.026063,A,0,10,136.026055,-0.000619,136.026055,-0.000619,0.026063,0.026063
62.000000,6.400000,6.400000,138.000000,0.000000,10.026945,-0.018941,128.000000,0.000000,0.000000,20.000000,0.000000,138.026945,-0.018941,0.032936,A,0,10,138.026945,-0.018941,138.026945,-0.018941,0.032936,0.032936
63.000000,6.500000,6.500000,140.000000,0.000000,10.005043,0.032002,130.000000,0.000000,0.000000,20.000000,0.000000,140.005043,0.032002,0.032397,A,0,10,140.005043,0.032002,140.005043,0.032002,0.032397,0.032397
64.000000,6.600000,6.600000,142.000000,0.000000,9.962806,0.021016,132.000000,0.000000,0.000000,20.000000,0.000000,141.962806,0.021016,0.042720,A,0,10,141.962806,0.021016,141.962806,0.021016,0.042720,0.042720
65.000000,6.700000,6.700000,144.000000,0.000000,10.010218,-0.012540,134.000000,0.000000,0.000000,20.000000,0.000000,144.010218,-0.012540,0.016176,A,0,10,144.010218,-0.012540,144.010218,-0.012540,0.016176,0.016176
66.000000,6.800000,6.800000,146.000000,0.000000,10.016805,-0.023970,136.000000,0.000000,0.000000,20.000000,0.000000,146.016805,-0.023970,0.029274,A,0,10,146.016805,-0.023970,146.016805,-0.023970,0.029274,0.029274
67.000000,6.900000,6.900000,148.000000,0.000000,10.018289,-0.000444,138.000000,0.000000,0.000000,20.000000,0.000000,148.018289,-0.000444,0.018295,A,0,10,148.018289,-0.000444,148.018289,-0.000444,0.018295,0.018295
68.000000,7.000000,7.000000,150.000000,0.000000,10.019677,-0.023297,140.000000,0.000000,0.000000,20.000000,0.000000,150.019677,-0.023297,0.030495,A,0,10,150.019677,-0.023297,150.019677,-0.023297,0.030495,0.030495
69.000000,7.100000,7.100000,152.000000,0.000000,10.011591,0.016319,142.000000,0.000000,0.000000,20.000000,0.000000,152.011591,0.016319,0.020016,A,0,10,152.011591,0.016319,152.011591,0.016319,0.020016,0.020016
70.000000,7.200000,7.200000,154.000000,0.000000,9.980008,0.032043,144.000000,0.000000,0.000000,20.000000,0.000000,153.980008,0.032043,0.037768,A,0,10,153.980008,0.032043,153.980008,0.032043,0.037768,0.037768
71.000000,7.300000,7.300000,156.000000,0.000000,9.977435,0.042535,146.000000,0.000000,0.000000,20.000000,0.000000,155.977435,0.042535,0.048149,A,0,10,155.977435,0.042535,155.977435,0.042535,0.048149,0.048149
72.000000,7.400000,7.400000,158.000000,0.000000,10.040051,-0.016310,148.000000,0.000000,0.000000,20.000000,0.000000,158.040051,-0.016310,0.043245,A,0,10,158.040051,-0.016310,158.040051,-0.016310,0.043245,0.043245
73.000000,7.500000,7.500000,160.000000,0.000000,10.033250,0.006861,150.000000,0.000000,0.000000,20.000000,0.000000,160.033250,0.006861,0.033950,A,0,10,160.033250,0.006861,160.033250,0.006861,0.033950,0.033950
74.000000,7.600000,7.600000,162.000000,0.000000,10.007289,0.007192,152.000000,0.000000,0.000000,20.000000,0.000000,162.007289,0.007192,0.010240,A,0,10,162.007289,0.007192,162.007289,0.007192,0.010240,0.010240
75.000000,7.700000,7.700000,164.000000,0.000000,9.965345,-0.000403,154.000000,0.000000,0.000000,20.000000,0.000000,163.965345,-0.000403,0.034657,A,0,10,163.965345,-0.000403,163.965345,-0.000403,0.034657,0.034657
76.000000,7.800000,7.800000,166.000000,0.000000,9.994712,0.011092,156.000000,0.000000,0.000000,20.000000,0.000000,165.994712,0.011092,0.012288,A,0,10,165.994712,0.011092,165.994712,0.011092,0.012288,0.012288
77.000000,7.900000,7.900000,168.000000,0.000000,9.955985,-0.000198,158.000000,0.000000,0.000000,20.000000,0.000000,167.955985,-0.000198,0.044015,A,0,10,167.955985,-0.000198,167.955985,-0.000198,0.044015,0.044015
78.000000,8.000000,8.000000,170.000000,0.000000,10.020205,-0.013444,160.000000,0.000000,0.000000,20.000000,0.000000,170.020205,-0.013444,0.024269,A,0,10,170.020205,-0.013444,170.020205,-0.013444,0.024269,0.024269
79.000000,8.100000,8.100000,172.000000,0.000000,10.011181,0.011278,162.000000,0.000000,0.000000,20.000000,0.000000,172.011181,0.011278,0.015881,A,0,10,172.011181,0.011278,172.011181,0.011278,0.015881,0.015881
80.000000,8.200000,8.200000,174.000000,0.000000,9.994949,0.005862,164.000000,0.000000,0.000000,20.000000,0.000000,173.994949,0.005862,0.007738,A,0,10,173.994949,0.005862,173.994949,0.005862,0.007738,0.007738
81.000000,8.300000,8.300000,176.000000,0.000000,10.016940,-0.030631,166.000000,0.000000,0.000000,20.000000,0.000000,176.016940,-0.030631,0.035003,A,0,10,176.016940,-0.030631,176.016940,-0.030631,0.035003,0.035003
82.000000,8.400000,8.400000,178.000000,0.000000,10.012695,-0.005974,168.000000,0.000000,0.000000,20.000000,0.000000,178.012695,-0.005974,0.014031,A,0,10,178.012695,-0.005974,178.012695,-0.005974,0.014031,0.014031
83.000000,8.500000,8.500000,180.000000,0.000000,10.000409,-0.009109,170.000000,0.000000,0.000000,20.000000,0.000000,180.000409,-0.009109,0.009118,A,0,10,180.000409,-0.009109,180.000409,-0.009109,0.009118,0.009118
84.000000,8.600000,8.600000,182.000000,0.000000,9.988725,0.013966,172.000000,0.000000,0.000000,20.000000,0.000000,181.988725,0.013966,0.017949,A,0,10,181.988725,0.013966,181.988725,0.013966,0.017949,0.017949
85.000000,8.700000,8.700000,184.000000,0.000000,10.008322,-0.006349,174.000000,0.000000,0.000000,20.000000,0.000000,184.008322,-0.006349,0.010468,A,0,10,184.008322,-0.006349,184.008322,-0.006349,0.010468,0.010468
86.000000,8.800000,8.800000,186.000000,0.000000,9.967415,0.007350,176.000000,0.000000,0.000000,20.000000,0.000000,185.967415,0.007350,0.033404,A,0,10,185.967415,0.007350,185.967415,0.007350,0.033404,0.033404
87.000000,8.900000,8.900000,188.000000,0.000000,10.009976,0.039665,178.000000,0.000000,0.000000,20.000000,0.000000,188.009976,0.039665,0.040900,A,0,10,188.009976,0.039665,188.009976,0.039665,0.040900,0.040900
88.000000,9.000000,9.000000,190.000000,0.000000,9.986256,0.003610,180.000000,0.000000,0.000000,20.000000,0.000000,189.986256,0.003610,0.014210,A,0,10,189.986256,0.003610,189.986256,0.003610,0.014210,0.014210
89.000000,9.100000,9.100000,192.000000,0.000000,9.995001,-0.053176,182.000000,0.000000,0.000000,20.000000,0.000000,191.995001,-0.053176,0.053410,A,0,10,191.995001,-0.053176,191.995001,-0.053176,0.053410,0.053410
90.000000,9.200000,9.200000,194.000000,0.000000,9.985571,0.008620,184.000000,0.000000,0.000000,20.000000,0.000000,193.985571,0.008620,0.016808,A,0,10,193.985571,0.008620,193.985571,0.008620,0.016808,0.016808
91.000000,9.300000,9.300000,196.000000,0.000000,9.986678,0.033132,186.000000,0.000000,0.000000,20.000000,0.000000,195.986678,0.033132,0.035710,A,0,10,195.986678,0.033132,195.986678,0.033132,0.035710,0.035710
92.000000,9.400000,9.400000,198.000000,0.000000,10.010227,-0.006657,188.000000,0.000000,0.000000,20.000000,0.000000,198.010227,-0.006657,0.012203,A,0,10,198.010227,-0.006657,198.010227,-0.006657,0.012203,0.012203
93.000000,9.500000,9.500000,200.000000,0.000000,10.021152,-0.007040,190.000000,0.000000,0.000000,20.000000,0.000000,200.021152,-0.007040,0.022293,A,0,10,200.021152,-0.007040,200.021152,-0.007040,0.022293,0.022293
94.000000,9.600000,9.600000,202.000000,0.000000,10.020788,0.005813,192.000000,0.000000,0.000000,20.000000,0.000000,202.020788,0.005813,0.021585,A,0,10,202.020788,0.005813,202.020788,0.005813,0.021585,0.021585
95.000000,9.700000,9.700000,204.000000,0.000000,10.010169,-0.011890,194.000000,0.000000,0.000000,20.000000,0.000000,204.010169,-0.011890,0.015645,A,0,10,204.010169,-0.011890,204.010169,-0.011890,0.015645,0.015645
96.000000,9.800000,9.800000,206.000000,0.000000,10.001591,0.007755,196.000000,0.000000,0.000000,20.000000,0.000000,206.001591,0.007755,0.007917,A,0,10,206.001591,0.007755,206.001591,0.007755,0.007917,0.007917
97.000000,9.900000,9.900000,208.000000,0.000000,10.004245,0.012998,198.000000,0.000000,0.000000,20.000000,0.000000,208.004245,0.012998,0.013674,A,0,10,208.004245,0.012998,208.004245,0.012998,0.013674,0.013674
98.000000,10.000000,10.000000,210.000000,0.000000,10.035570,-0.003092,200.000000,0.000000,0.000000,20.000000,0.000000,210.035570,-0.003092,0.035704,A,0,10,210.035570,-0.003092,210.035570,-0.003092,0.035704,0.035704
99.000000,10.100000,10.100000,212.000000,0.000000,9.985669,0.014575,202.000000,0.000000,0.000000,20.000000,0.000000,211.985669,0.014575,0.020440,A,0,10,211.985669,0.014575,211.985669,0.014575,0.020440,0.020440
0.000000,0.200000,0.200000,24.000000,0.000000,19.979555,-0.029496,4.000000,0.000000,0.000000,20.000000,0.000000,23.979555,-0.029496,0.035889,A,0,20,23.979555,-0.029496,23.979555,-0.029496,0.035889,0.035889
1.000000,0.300000,0.300000,26.000000,0.000000,19.990613,-0.008527,6.000000,0.000000,0.000000,20.000000,0.000000,25.990613,-0.008527,0.012681,A,0,20,25.990613,-0.008527,25.990613,-0.008527,0.012681,0.012681
2.000000,0.400000,0.400000,28.000000,0.000000,19.981646,-0.005828,8.000000,0.000000,0.000000,20.000000,0.000000,27.981646,-0.005828,0.019257,A,0,20,27.981646,-0.005828,27.981646,-0.005828,0.019257,0.019257
3.000000,0.500000,0.500000,30.000000,0.000000,19.995070,-0.041185,10.000000,0.000000,0.000000,20.000000,0.000000,29.995070,-0.041185,0.041479,A,0,20,29.995070,-0.041185,29.995070,-0.041185,0.041479,0.041479
4.000000,0.600000,0.600000,32.000000,0.000000,19.976139,-0.004194,12.000000,0.000000,0.000000,20.000000,0.000000,31.976139,-0.004194,0.024226,A,0,20,31.976139,-0.004194,31.976139,-0.004194,0.024226,0.024226
5.000000,0.700000,0.700000,34.000000,0.000000,19.978906,-0.007443,14.000000,0.000000,0.000000,20.000000,0.000000,33.978906,-0.007443,0.022368,A,0,20,33.978906,-0.007443,33.978906,-0.007443,0.022368,0.022368
6.000000,0.800000,0.800000,36.000000,0.000000,20.026974,-0.020909,16.000000,0.000000,0.000000,20.000000,0.000000,36.026974,-0.020909,0.034129,A,0,20,36.026974,-0.020909,36.026974,-0.020909,0.034129,0.034129
7.000000,0.900000,0.900000,38.000000,0.000000,19.998721,0.009500,18.000000,0.000000,0.000000,20.000000,0.000000,37.998721,0.009500,0.009586,A,0,20,37.998721,0.009500,37.998721,0.009500,0.009586,0.009586
8.000000,1.000000,1.000000,40.000000,0.000000,19.991926,-0.002546,20.000000,0.000000,0.000000,20.000000,0.000000,39.991926,-0.002546,0.008466,A,0,20,39.991926,-0.002546,39.991926,-0.002546,0.008466,0.008466
9.000000,1.100000,1.100000,42.000000,0.000000,20.009683,-0.015963,22.000000,0.000000,0.000000,20.000000,0.000000,42.009683,-0.015963,0.018671,A,0,20,42.009683,-0.015963,42.009683,-0.015963,0.018671,0.018671
10.000000,1.200000,1.200000,44.000000,0.000000,20.061727,0.006128,24.000000,0.000000,0.000000,20.000000,0.000000,44.061727,0.006128,0.062031,A,0,20,44.061727,0.006128,44.061727,0.006128,0.062031,0.062031
11.000000,1.300000,1.300000,46.000000,0.000000,20.014381,0.008978,26.000000,0.000000,0.000000,20.000000,0.000000,46.014381,0.008978,0.016953,A,0,20,46.014381,0.008978,46.014381,0.008978,0.016953,0.016953
12.000000,1.400000,1.400000,48.000000,0.000000,19.969222,0.011522,28.000000,0.000000,0.000000,20.000000,0.000000,47.969222,0.011522,0.032864,A,0,20,47.969222,0.011522,47.969222,0.011522,0.032864,0.032864
13.000000,1.500000,1.500000,50.000000,0.000000,19.990626,0.018791,30.000000,0.000000,0.000000,20.000000,0.000000,49.990626,0.018791,0.020999,A,0,20,49.990626,0.018791,49.990626,0.018791,0.020999,0.020999
14.000000,1.600000,1.600000,52.000000,0.000000,20.010259,0.009600,32.000000,0.000000,0.000000,20.000000,0.000000,52.010259,0.009600,0.014051,A,0,20,52.010259,0.009600,52.010259,0.009600,0.014051,0.014051
15.000000,1.700000,1.700000,54.000000,0.000000,19.984239,-0.011389,34.000000,0.000000,0.000000,20.000000,0.000000,53.984239,-0.011389,0.019445,A,0,20,53.984239,-0.011389,53.984239,-0.011389,0.019445,0.019445
16.000000,1.800000,1.800000,56.000000,0.000000,19.994345,0.004465,36.000000,0.000000,0.000000,20.000000,0.000000,55.994345,0.004465,0.007205,A,0,20,55.994345,0.004465,55.994345,0.004465,0.007205,0.007205
17.000000,1.900000,1.900000,58.000000,0.000000,20.004548,0.025322,38.000000,0.000000,0.000000,20.000000,0.000000,58.004548,0.025322,0.025727,A,0,20,58.004548,0.025322,58.004548,0.025322,0.025727,0.025727
18.000000,2.000000,2.000000,60.000000,0.000000,19.994177,0.007824,40.000000,0.000000,0.000000,20.000000,0.000000,59.994177,0.007824,0.009752,A,0,20,59.994177,0.007824,59.994177,0.007824,0.009752,0.009752
19.000000,2.100000,2.100000,62.000000,0.000000,20.030231,-0.005228,42.000000,0.000000,0.000000,20.000000,0.000000,62.030231,-0.005228,0.030680,A,0,20,62.030231,-0.005228,62.030231,-0.005228,0.030680,0.030680
20.000000,2.200000,2.200000,64.000000,0.000000,20.042749,-0.001544,44.000000,0.000000,0.000000,20.000000,0.000000,64.042749,-0.001544,0.042777,A,0,20,64.042749,-0.001544,64.042749,-0.001544,0.042777,0.042777
21.000000,2.300000,2.300000,66.000000,0.000000,20.010506,-0.009583,46.000000,0.000000,0.000000,20.000000,0.000000,66.010506,-0.009583,0.014220,A,0,20,66.010506,-0.009583,66.010506,-0.009583,0.014220,0.014220
22.000000,2.400000,2.400000,68.000000,0.000000,20.015442,0.017480,48.000000,0.000000,0.000000,20.000000,0.000000,68.015442,0.017480,0.023324,A,0,20,68.015442,0.017480,68.015442,0.017480,0.023324,0.023324
23.000000,2.500000,2.500000,70.000000,0.000000,20.009275,-0.034397,50.000000,0.000000,0.000000,20.000000,0.000000,70.009275,-0.034397,0.035626,A,0,20,70.009275,-0.034397,70.009275,-0.034397,0.035626,0.035626
24.000000,2.600000,2.600000,72.000000,0.000000,20.002774,-0.015580,52.000000,0.000000,0.000000,20.000000,0.000000,72.002774,-0.015580,0.015825,A,0,20,72.002774,-0.015580,72.002774,-0.015580,0.015825,0.015825
25.000000,2.700000,2.700000,74.000000,0.000000,19.992744,-0.041721,54.000000,0.000000,0.000000,20.000000,0.000000,73.992744,-0.041721,0.042347,A,0,20,73.992744,-0.041721,73.992744,-0.041721,0.042347,0.042347
26.000000,2.800000,2.800000,76.000000,0.000000,19.986676,0.009724,56.000000,0.000000,0.000000,20.000000,0.000000,75.986676,0.009724,0.016495,A,0,20,75.986676,0.009724,75.986676,0.009724,0.016495,0.016495
27.000000,2.900000,2.900000,78.000000,0.000000,20.001154,0.005451,58.000000,0.000000,0.000000,20.000000,0.000000,78.001154,0.005451,0.005572,A,0,20,78.001154,0.005451,78.001154,0.005451,0.005572,0.005572
28.000000,3.000000,3.000000,80.000000,0.000000,20.025245,0.030393,60.000000,0.000000,0.000000,20.000000,0.000000,80.025245,0.030393,0.039510,A,0,20,80.025245,0.030393,80.025245,0.030393,0.039510,0.039510
29.000000,3.100000,3.100000,82.000000,0.000000,20.017299,0.020430,62.000000,0.000000,0.000000,20.000000,0.000000,82.017299,0.020430,0.026770,A,0,20,82.017299,0.020430,82.017299,0.020430,0.026770,0.026770
30.000000,3.200000,3.200000,84.000000,0.000000,20.022903,-0.023539,64.000000,0.000000,0.000000,20.000000,0.000000,84.022903,-0.023539,0.032842,A,0,20,84.022903,-0.023539,84.022903,-0.023539,0.032842,0.032842
31.000000,3.300000,3.300000,86.000000,0.000000,19.956048,-0.020399,66.000000,0.000000,0.000000,20.000000,0.000000,85.956048,-0.020399,0.048455,A,0,20,85.956048,-0.020399,85.956048,-0.020399,0.048455,0.048455
32.000000,3.400000,3.400000,88.000000,0.000000,20.014400,0.022189,68.000000,0.000000,0.000000,20.000000,0.000000,88.014400,0.022189,0.026452,A,0,20,88.014400,0.022189,88.014400,0.022189,0.026452,0.026452
33.000000,3.500000,3.500000,90.000000,0.000000,19.969355,0.022599,70.000000,0.000000,0.000000,20.000000,0.000000,89.969355,0.022599,0.038077,A,0,20,89.969355,0.022599,89.969355,0.022599,0.038077,0.038077
34.000000,3.600000,3.600000,92.000000,0.000000,20.032782,-0.016449,72.000000,0.000000,0.000000,20.000000,0.000000,92.032782,-0.016449,0.036677,A,0,20,92.032782,-0.016449,92.032782,-0.016449,0.036677,0.036677
35.000000,3.700000,3.700000,94.000000,0.000000,19.991026,-0.005091,74.000000,0.000000,0.000000,20.000000,0.000000,93.991026,-0.005091,0.010317,A,0,20,93.991026,-0.005091,93.991026,-0.005091,0.010317,0.010317
36.000000,3.800000,3.800000,96.000000,0.000000,20.011562,-0.002935,76.000000,0.000000,0.000000,20.000000,0.000000,96.011562,-0.002935,0.011929,A,0,20,96.011562,-0.002935,96.011562,-0.002935,0.011929,0.011929
37.000000,3.900000,3.900000,98.000000,0.000000,19.994044,-0.018521,78.000000,0.000000,0.000000,20.000000,0.000000,97.994044,-0.018521,0.019455,A,0,20,97.994044,-0.018521,97.994044,-0.018521,0.019455,0.019455
38.000000,4.000000,4.000000,100.000000,0.000000,19.964246,0.011414,80.000000,0.000000,0.000000,20.000000,0.000000,99.964246,0.011414,0.037531,A,0,20,99.964246,0.011414,99.964246,0.011414,0.037531,0.037531
39.000000,4.100000,4.100000,102.000000,0.000000,19.988990,-0.015152,82.000000,0.000000,0.000000,20.000000,0.000000,101.988990,-0.015152,0.018730,A,0,20,101.988990,-0.015152,101.988990,-0.015152,0.018730,0.018730
40.000000,4.200000,4.200000,104.000000,0.000000,19.984858,-0.021788,84.000000,0.000000,0.000000,20.000000,0.000000,103.984858,-0.021788,0.026533,A,0,20,103.984858,-0.021788,103.984858,-0.021788,0.026533,0.026533
41.000000,4.300000,4.300000,106.000000,0.000000,20.001707,-0.010736,86.000000,0.000000,0.000000,20.000000,0.000000,106.001707,-0.010736,0.010871,A,0,20,106.001707,-0.010736,106.001707,-0.010736,0.010871,0.010871
42.000000,4.400000,4.400000,108.000000,0.000000,19.979688,0.019251,88.000000,0.000000,0.000000,20.000000,0.000000,107.979688,0.019251,0.027986,A,0,20,107.979688,0.019251,107.979688,0.019251,0.027986,0.027986
43.000000,4.500000,4.500000,110.000000,0.000000,20.020001,0.016942,90.000000,0.000000,0.000000,20.000000,0.000000,110.020001,0.016942,0.026212,A,0,20,110.020001,0.016942,110.020001,0.016942,0.026212,0.026212
44.000000,4.600000,4.600000,112.000000,0.000000,19.986567,0.002251,92.000000,0.000000,0.000000,20.000000,0.000000,111.986567,0.002251,0.013621,A,0,20,111.986567,0.002251,111.986567,0.002251,0.013621,0.013621
45.000000,4.700000,4.700000,114.000000,0.000000,20.029955,0.001453,94.000000,0.000000,0.000000,20.000000,0.000000,114.029955,0.001453,0.029990,A,0,20,114.029955,0.001453,114.029955,0.001453,0.029990,0.029990
46.000000,4.800000,4.800000,116.000000,0.000000,20.005606,0.016260,96.000000,0.000000,0.000000,20.000000,0.000000,116.005606,0.016260,0.017199,A,0,20,116.005606,0.016260,116.005606,0.016260,0.017199,0.017199
47.000000,4.900000,4.900000,118.000000,0.000000,20.024142,-0.019372,98.000000,0.000000,0.000000,20.000000,0.000000,118.024142,-0.019372,0.030953,A,0,20,118.024142,-0.019372,118.024142,-0.019372,0.030953,0.030953
48.000000,5.000000,5.000000,120.000000,0.000000,20.010258,-0.007169,100.000000,0.000000,0.000000,20.000000,0.000000,120.010258,-0.007169,0.012515,A,0,20,120.010258,-0.007169,120.010258,-0.007169,0.012515,0.012515
49.000000,5.100000,5.100000,122.000000,0.000000,20.015309,0.006953,102.000000,0.000000,0.000000,20.000000,0.000000,122.015309,0.006953,0.016814,A,0,20,122.015309,0.006953,122.015309,0.006953,0.016814,0.016814
50.000000,5.200000,5.200000,124.000000,0.000000,20.004323,-0.003790,104.000000,0.000000,0.000000,20.000000,0.000000,124.004323,-0.003790,0.005749,A,0,20,124.004323,-0.003790,124.004323,-0.003790,0.005749,0.005749
51.000000,5.300000,5.300000,126.000000,0.000000,19.999302,0.001210,106.000000,0.000000,0.000000,20.000000,0.000000,125.999302,0.001210,0.001397,A,0,20,125.999302,0.001210,125.999302,0.001210,0.001397,0.001397
52.000000,5.400000,5.400000,128.000000,0.000000,20.002889,-0.009203,108.000000,0.000000,0.000000,20.000000,0.000000,128.002889,-0.009203,0.009646,A,0,20,128.002889,-0.009203,128.002889,-0.009203,0.009646,0.009646
53.000000,5.500000,5.500000,130.000000,0.000000,20.007451,0.029999,110.000000,0.000000,0.000000,20.000000,0.000000,130.007451,0.029999,0.030911,A,0,20,130.007451,0.029999,130.007451,0.029999,0.030911,0.030911
54.000000,5.600000,5.600000,132.000000,0.000000,19.983850,-0.001831,112.000000,0.000000,0.000000,20.000000,0.000000,131.983850,-0.001831,0.016254,A,0,20,131.983850,-0.001831,131.983850,-0.001831,0.016254,0.016254
55.000000,5.700000,5.700000,134.000000,0.000000,19.987170,0.021218,114.000000,0.000000,0.000000,20.000000,0.000000,133.987170,0.021218,0.024795,A,0,20,133.987170,0.021218,133.987170,0.021218,0.024795,0.024795
56.000000,5.800000,5.800000,136.000000,0.000000,20.011767,0.008076,116.000000,0.000000,0.000000,20.000000,0.000000,136.011767,0.008076,0.014272,A,0,20,136.011767,0.008076,136.011767,0.008076,0.014272,0.014272
57.000000,5.900000,5.900000,138.000000,0.000000,19.991542,0.002495,118.000000,0.000000,0.000000,20.000000,0.000000,137.991542,0.002495,0.008818,A,0,20,137.991542,0.002495,137.991542,0.002495,0.008818,0.008818
58.000000,6.000000,6.000000,140.000000,0.000000,20.011593,-0.023639,120.000000,0.000000,0.000000,20.000000,0.000000,140.011593,-0.023639,0.026329,A,0,20,140.011593,-0.023639,140.011593,-0.023639,0.026329,0.026329
59.000000,6.100000,6.100000,142.000000,0.000000,19.975191,0.010003,122.000000,0.000000,0.000000,20.000000,0.000000,141.975191,0.010003,0.026750,A,0,20,141.975191,0.010003,141.975191,0.010003,0.026750,0.026750
60.000000,6.200000,6.200000,144.000000,0.000000,19.993035,0.003124,124.000000,0.000000,0.000000,20.000000,0.000000,143.993035,0.003124,0.007633,A,0,20,143.993035,0.003124,143.993035,0.003124,0.007633,0.007633
61.000000,6.300000,6.300000,146.000000,0.000000,19.996418,-0.014115,126.000000,0.000000,0.000000,20.000000,0.000000,145.996418,-0.014115,0.014562,A,0,20,145.996418,-0.014115,145.996418,-0.014115,0.014562,0.014562
62.000000,6.400000,6.400000,148.000000,0.000000,19.980600,0.015549,128.000000,0.000000,0.000000,20.000000,0.000000,147.980600,0.015549,0.024862,A,0,20,147.980600,0.015549,147.980600,0.015549,0.024862,0.024862
63.000000,6.500000,6.500000,150.000000,0.000000,20.002111,0.001182,130.000000,0.000000,0.000000,20.000000,0.000000,150.002111,0.001182,0.002420,A,0,20,150.002111,0.001182,150.002111,0.001182,0.002420,0.002420
64.000000,6.600000,6.600000,152.000000,0.000000,20.010505,0.010051,132.000000,0.000000,0.000000,20.000000,0.000000,152.010505,0.010051,0.014539,A,0,20,152.010505,0.010051,152.010505,0.010051,0.014539,0.014539
65.000000,6.700000,6.700000,154.000000,0.000000,20.013732,-0.015329,134.000000,0.000000,0.000000,20.000000,0.000000,154.013732,-0.015329,0.020580,A,0,20,154.013732,-0.015329,154.013732,-0.015329,0.020580,0.020580
66.000000,6.800000,6.800000,156.000000,0.000000,19.961965,0.021140,136.000000,0.000000,0.000000,20.000000,0.000000,155.961965,0.021140,0.043515,A,0,20,155.961965,0.021140,155.961965,0.021140,0.043515,0.043515
67.000000,6.900000,6.900000,158.000000,0.000000,19.982398,0.007853,138.000000,0.000000,0.000000,20.000000,0.000000,157.982398,0.007853,0.019274,A,0,20,157.982398,0.007853,157.982398,0.007853,0.019274,0.019274
68.000000,7.000000,7.000000,160.000000,0.000000,19.998538,0.002032,140.000000,0.000000,0.000000,20.000000,0.000000,159.998538,0.002032,0.002503,A,0,20,159.998538,0.002032,159.998538,0.002032,0.002503,0.002503
69.000000,7.100000,7.100000,162.000000,0.000000,20.042277,-0.000156,142.000000,0.000000,0.000000,20.000000,0.000000,162.042277,-0.000156,0.042277,A,0,20,162.042277,-0.000156,162.042277,-0.000156,0.042277,0.042277
70.000000,7.200000,7.200000,164.000000,0.000000,20.030608,0.021569,144.000000,0.000000,0.000000,20.000000,0.000000,164.030608,0.021569,0.037444,A,0,20,164.030608,0.021569,164.030608,0.021569,0.037444,0.037444
71.000000,7.300000,7.300000,166.000000,0.000000,20.031434,0.024978,146.000000,0.000000,0.000000,20.000000,0.000000,166.031434,0.024978,0.040150,A,0,20,166.031434,0.024978,166.031434,0.024978,0.040150,0.040150
72.000000,7.400000,7.400000,168.000000,0.000000,20.015036,0.004683,148.000000,0.000000,0.000000,20.000000,0.000000,168.015036,0.004683,0.015749,A,0,20,168.015036,0.004683,168.015036,0.004683,0.015749,0.015749
73.000000,7.500000,7.500000,170.000000,0.000000,19.999359,0.010685,150.000000,0.000000,0.000000,20.000000,0.000000,169.999359,0.010685,0.010704,A,0,20,169.999359,0.010685,169.999359,0.010685,0.010704,0.010704
74.000000,7.600000,7.600000,172.000000,0.000000,19.999581,0.039663,152.000000,0.000000,0.000000,20.000000,0.000000,171.999581,0.039663,0.039665,A,0,20,171.999581,0.039663,171.999581,0.039663,0.039665,0.039665
75.000000,7.700000,7.700000,174.000000,0.000000,19.977227,0.003620,154.000000,0.000000,0.000000,20.000000,0.000000,173.977227,0.003620,0.023059,A,0,20,173.977227,0.003620,173.977227,0.003620,0.023059,0.023059
76.000000,7.800000,7.800000,176.000000,0.000000,20.011165,-0.016080,156.000000,0.000000,0.000000,20.000000,0.000000,176.011165,-0.016080,0.019576,A,0,20,176.011165,-0.016080,176.011165,-0.016080,0.019576,0.019576
77.000000,7.900000,7.900000,178.000000,0.000000,20.013649,0.010235,158.000000,0.000000,0.000000,20.000000,0.000000,178.013649,0.010235,0.017060,A,0,20,178.013649,0.010235,178.013649,0.010235,0.017060,0.017060
78.000000,8.000000,8.000000,180.000000,0.000000,19.978075,-0.027427,160.000000,0.000000,0.000000,20.000000,0.000000,179.978075,-0.027427,0.035113,A,0,20,179.978075,-0.027427,179.978075,-0.027427,0.035113,0.035113
79.000000,8.100000,8.100000,182.000000,0.000000,20.013662,0.000954,162.000000,0.000000,0.000000,20.000000,0.000000,182.013662,0.000954,0.013695,A,0,20,182.013662,0.000954,182.013662,0.000954,0.013695,0.013695
80.000000,8.200000,8.200000,184.000000,0.000000,19.978413,-0.021243,164.000000,0.000000,0.000000,20.000000,0.000000,183.978413,-0.021243,0.030286,A,0,20,183.978413,-0.021243,183.978413,-0.021243,0.030286,0.030286
81.000000,8.300000,8.300000,186.000000,0.000000,19.988150,0.017741,166.000000,0.000000,0.000000,20.000000,0.000000,185.988150,0.017741,0.021335,A,0,20,185.988150,0.017741,185.988150,0.017741,0.021335,0.021335
82.000000,8.400000,8.400000,188.000000,0.000000,19.983608,0.006751,168.000000,0.000000,0.000000,20.000000,0.000000,187.983608,0.006751,0.017727,A,0,20,187.983608,0.006751,187.983608,0.006751,0.017727,0.017727
83.000000,8.500000,8.500000,190.000000,0.000000,20.015178,-0.023417,170.000000,0.000000,0.000000,20.000000,0.000000,190.015178,-0.023417,0.027905,A,0,20,190.015178,-0.023417,190.015178,-0.023417,0.027905,0.027905
84.000000,8.600000,8.600000,192.000000,0.000000,20.024563,0.039888,172.000000,0.000000,0.000000,20.000000,0.000000,192.024563,0.039888,0.046844,A,0,20,192.024563,0.039888,192.024563,0.039888,0.046844,0.046844
85.000000,8.700000,8.700000,194.000000,0.000000,19.989352,-0.028595,174.000000,0.000000,0.000000,20.000000,0.000000,193.989352,-0.028595,0.030513,A,0,20,193.989352,-0.028595,193.989352,-0.028595,0.030513,0.030513
86.000000,8.800000,8.800000,196.000000,0.000000,20.015341,0.019089,176.000000,0.000000,0.000000,20.000000,0.000000,196.015341,0.019089,0.024489,A,0,20,196.015341,0.019089,196.015341,0.019089,0.024489,0.024489
87.000000,8.900000,8.900000,198.000000,0.000000,20.004090,0.000712,178.000000,0.000000,0.000000,20.000000,0.000000,198.004090,0.000712,0.004151,A,0,20,198.004090,0.000712,198.004090,0.000712,0.004151,0.004151
88.000000,9.000000,9.000000,200.000000,0.000000,20.012209,-0.034991,180.000000,0.000000,0.000000,20.000000,0.000000,200.012209,-0.034991,0.037060,A,0,20,200.012209,-0.034991,200.012209,-0.034991,0.037060,0.037060
89.000000,9.100000,9.100000,202.000000,0.000000,20.000331,-0.015372,182.000000,0.000000,0.000000,20.000000,0.000000,202.000331,-0.015372,0.015375,A,0,20,202.000331,-0.015372,202.000331,-0.015372,0.015375,0.015375
90.000000,9.200000,9.200000,204.000000,0.000000,20.019370,-0.020210,184.000000,0.000000,0.000000,20.000000,0.000000,204.019370,-0.020210,0.027994,A,0,20,204.019370,-0.020210,204.019370,-0.020210,0.027994,0.027994
91.000000,9.300000,9.300000,206.000000,0.000000,19.991930,0.002677,186.000000,0.000000,0.000000,20.000000,0.000000,205.991930,0.002677,0.008502,A,0,20,205.991930,0.002677,205.991930,0.002677,0.008502,0.008502
92.000000,9.400000,9.400000,208.000000,0.000000,19.962292,-0.015384,188.000000,0.000000,0.000000,20.000000,0.000000,207.962292,-0.015384,0.040725,A,0,20,207.962292,-0.015384,207.962292,-0.015384,0.040725,0.040725
93.000000,9.500000,9.500000,210.000000,0.000000,20.004915,0.035198,190.000000,0.000000,0.000000,20.000000,0.000000,210.004915,0.035198,0.035540,A,0,20,210.004915,0.035198,210.004915,0.035198,0.035540,0.035540
94.000000,9.600000,9.600000,212.000000,0.000000,20.022718,0.023080,192.000000,0.000000,0.000000,20.000000,0.000000,212.022718,0.023080,0.032385,A,0,20,212.022718,0.023080,212.022718,0.023080,0.032385,0.032385
95.000000,9.700000,9.700000,214.000000,0.000000,20.028229,0.019969,194.000000,0.000000,0.000000,20.000000,0.000000,214.028229,0.019969,0.034578,A,0,20,214.028229,0.019969,214.028229,0.019969,0.034578,0.034578
96.000000,9.800000,9.800000,216.000000,0.000000,20.002336,-0.017791,196.000000,0.000000,0.000000,20.000000,0.000000,216.002336,-0.017791,0.017943,A,0,20,216.002336,-0.017791,216.002336,-0.017791,0.017943,0.017943
97.000000,9.900000,9.900000,218.000000,0.000000,19.973972,0.023589,198.000000,0.000000,0.000000,20.000000,0.000000,217.973972,0.023589,0.035128,A,0,20,217.973972,0.023589,217.973972,0.023589,0.035128,0.035128
98.000000,10.000000,10.000000,220.000000,0.000000,19.975115,-0.022941,200.000000,0.000000,0.000000,20.000000,0.000000,219.975115,-0.022941,0.033846,A,0,20,219.975115,-0.022941,219.975115,-0.022941,0.033846,0.033846
99.000000,10.100000,10.100000,222.000000,0.000000,20.011671,-0.009296,202.000000,0.000000,0.000000,20.000000,0.000000,222.011671,-0.009296,0.014921,A,0,20,222.011671,-0.009296,222.011671,-0.009296,0.014921,0.014921
0.000000,0.200000,0.200000,44.000000,0.000000,40.034563,0.020540,4.000000,0.000000,0.000000,20.000000,0.000000,44.034563,0.020540,0.040206,A,0,40,44.034563,0.020540,44.034563,0.020540,0.040206,0.040206
1.000000,0.300000,0.300000,46.000000,0.000000,40.022168,-0.019424,6.000000,0.000000,0.000000,20.000000,0.000000,46.022168,-0.019424,0.029474,A,0,40,46.022168,-0.019424,46.022168,-0.019424,0.029474,0.029474
2.000000,0.400000,0.400000,48.000000,0.000000,39.987922,-0.015187,8.000000,0.000000,0.000000,20.000000,0.000000,47.987922,-0.015187,0.019404,A,0,40,47.987922,-0.015187,47.987922,-0.015187,0.019404,0.019404
3.000000,0.500000,0.500000,50.000000,0.000000,39.965863,-0.008291,10.000000,0.000000,0.000000,20.000000,0.000000,49.965863,-0.008291,0.035130,A,0,40,49.965863,-0.008291,49.965863,-0.008291,0.035130,0.035130
4.000000,0.600000,0.600000,52.000000,0.000000,40.017300,0.003816,12.000000,0.000000,0.000000,20.000000,0.000000,52.017300,0.003816,0.017716,A,0,40,52.017300,0.003816,52.017300,0.003816,0.017716,0.017716
5.000000,0.700000,0.700000,54.000000,0.000000,39.995619,-0.030873,14.000000,0.000000,0.000000,20.000000,0.000000,53.995619,-0.030873,0.031183,A,0,40,53.995619,-0.030873,53.995619,-0.030873,0.031183,0.031183
6.000000,0.800000,0.800000,56.000000,0.000000,40.036855,-0.029533,16.000000,0.000000,0.000000,20.000000,0.000000,56.036855,-0.029533,0.047228,A,0,40,56.036855,-0.029533,56.036855,-0.029533,0.047228,0.047228
7.000000,0.900000,0.900000,58.000000,0.000000,40.022649,-0.016343,18.000000,0.000000,0.000000,20.000000,0.000000,58.022649,-0.016343,0.027930,A,0,40,58.022649,-0.016343,58.022649,-0.016343,0.027930,0.027930
8.000000,1.000000,1.000000,60.000000,0.000000,40.003253,0.002036,20.000000,0.000000,0.000000,20.000000,0.000000,60.003253,0.002036,0.003837,A,0,40,60.003253,0.002036,60.003253,0.002036,0.003837,0.003837
9.000000,1.100000,1.100000,62.000000,0.000000,39.983055,-0.013695,22.000000,0.000000,0.000000,20.000000,0.000000,61.983055,-0.013695,0.021787,A,0,40,61.983055,-0.013695,61.983055,-0.013695,0.021787,0.021787
10.000000,1.200000,1.200000,64.000000,0.000000,39.968406,-0.020249,24.000000,0.000000,0.000000,20.000000,0.000000,63.968406,-0.020249,0.037526,A,0,40,63.968406,-0.020249,63.968406,-0.020249,0.037526,0.037526
11.000000,1.300000,1.300000,66.000000,0.000000,39.997733,0.000587,26.000000,0.000000,0.000000,20.000000,0.000000,65.997733,0.000587,0.002342,A,0,40,65.997733,0.000587,65.997733,0.000587,0.002342,0.002342
12.000000,1.400000,1.400000,68.000000,0.000000,40.013550,0.026382,28.000000,0.000000,0.000000,20.000000,0.000000,68.013550,0.026382,0.029658,A,0,40,68.013550,0.026382,68.013550,0.026382,0.029658,0.029658
13.000000,1.500000,1.500000,70.000000,0.000000,39.959038,-0.005653,30.000000,0.000000,0.000000,20.000000,0.000000,69.959038,-0.005653,0.041350,A,0,40,69.959038,-0.005653,69.959038,-0.005653,0.041350,0.041350
14.000000,1.600000,1.600000,72.000000,0.000000,39.996157,0.043612,32.000000,0.000000,0.000000,20.000000,0.000000,71.996157,0.043612,0.043781,A,0,40,71.996157,0.043612,71.996157,0.043612,0.043781,0.043781
15.000000,1.700000,1.700000,74.000000,0.000000,39.992657,0.006456,34.000000,0.000000,0.000000,20.000000,0.000000,73.992657,0.006456,0.009778,A,0,40,73.992657,0.006456,73.992657,0.006456,0.009778,0.009778
16.000000,1.800000,1.800000,76.000000,0.000000,40.017222,0.001138,36.000000,0.000000,0.000000,20.000000,0.000000,76.017222,0.001138,0.017259,A,0,40,76.017222,0.001138,76.017222,0.001138,0.017259,0.017259
17.000000,1.900000,1.900000,78.000000,0.000000,39.984097,-0.002157,38.000000,0.000000,0.000000,20.000000,0.000000,77.984097,-0.002157,0.016049,A,0,40,77.984097,-0.002157,77.984097,-0.002157,0.016049,0.016049
18.000000,2.000000,2.000000,80.000000,0.000000,40.008908,-0.001655,40.000000,0.000000,0.000000,20.000000,0.000000,80.008908,-0.001655,0.009060,A,0,40,80.008908,-0.001655,80.008908,-0.001655,0.009060,0.009060
19.000000,2.100000,2.100000,82.000000,0.000000,39.978420,0.020580,42.000000,0.000000,0.000000,20.000000,0.000000,81.978420,0.020580,0.029820,A,0,40,81.978420,0.020580,81.978420,0.020580,0.029820,0.029820
20.000000,2.200000,2.200000,84.000000,0.000000,39.989349,0.015145,44.000000,0.000000,0.000000,20.000000,0.000000,83.989349,0.015145,0.018515,A,0,40,83.989349,0.015145,83.989349,0.015145,0.018515,0.018515
21.000000,2.300000,2.300000,86.000000,0.000000,39.990583,0.045228,46.000000,0.000000,0.000000,20.000000,0.000000,85.990583,0.045228,0.046198,A,0,40,85.990583,0.045228,85.990583,0.045228,0.046198,0.046198
22.000000,2.400000,2.400000,88.000000,0.000000,40.011125,-0.012522,48.000000,0.000000,0.000000,20.000000,0.000000,88.011125,-0.012522,0.016750,A,0,40,88.011125,-0.012522,88.011125,-0.012522,0.016750,0.016750
23.000000,2.500000,2.500000,90.000000,0.000000,40.011776,0.007216,50.000000,0.000000,0.000000,20.000000,0.000000,90.011776,0.007216,0.013811,A,0,40,90.011776,0.007216,90.011776,0.007216,0.013811,0.013811
24.000000,2.600000,2.600000,92.000000,0.000000,39.964121,-0.019304,52.000000,0.000000,0.000000,20.000000,0.000000,91.964121,-0.019304,0.040742,A,0,40,91.964121,-0.019304,91.964121,-0.019304,0.040742,0.040742
25.000000,2.700000,2.700000,94.000000,0.000000,40.015936,-0.043124,54.000000,0.000000,0.000000,20.000000,0.000000,94.015936,-0.043124,0.045974,A,0,40,94.015936,-0.043124,94.015936,-0.043124,0.045974,0.045974
26.000000,2.800000,2.800000,96.000000,0.000000,40.029481,0.021388,56.000000,0.000000,0.000000,20.000000,0.000000,96.029481,0.021388,0.036422,A,0,40,96.029481,0.021388,96.029481,0.021388,0.036422,0.036422
27.000000,2.900000,2.900000,98.000000,0.000000,40.010258,0.021079,58.000000,0.000000,0.000000,20.000000,0.000000,98.010258,0.021079,0.023442,A,0,40,98.010258,0.021079,98.010258,0.021079,0.023442,0.023442
28.000000,3.000000,3.000000,100.000000,0.000000,39.992416,-0.014840,60.000000,0.000000,0.000000,20.000000,0.000000,99.992416,-0.014840,0.016666,A,0,40,99.992416,-0.014840,99.992416,-0.014840,0.016666,0.016666
29.000000,3.100000,3.100000,102.000000,0.000000,40.003692,0.025142,62.000000,0.000000,0.000000,20.000000,0.000000,102.003692,0.025142,0.025411,A,0,40,102.003692,0.025142,102.003692,0.025142,0.025411,0.025411
30.000000,3.200000,3.200000,104.000000,0.000000,40.001135,-0.026708,64.000000,0.000000,0.000000,20.000000,0.000000,104.001135,-0.026708,0.026732,A,0,40,104.001135,-0.026708,104.001135,-0.026708,0.026732,0.026732
31.000000,3.300000,3.300000,106.000000,0.000000,39.989775,0.013541,66.000000,0.000000,0.000000,20.000000,0.000000,105.989775,0.013541,0.016968,A,0,40,105.989775,0.013541,105.989775,0.013541,0.016968,0.016968
32.000000,3.400000,3.400000,108.000000,0.000000,39.957924,0.038737,68.000000,0.000000,0.000000,20.000000,0.000000,107.957924,0.038737,0.057192,A,0,40,107.957924,0.038737,107.957924,0.038737,0.057192,0.057192
33.000000,3.500000,3.500000,110.000000,0.000000,39.994054,0.017542,70.000000,0.000000,0.000000,20.000000,0.000000,109.994054,0.017542,0.018522,A,0,40,109.994054,0.017542,109.994054,0.017542,0.018522,0.018522
34.000000,3.600000,3.600000,112.000000,0.000000,40.034936,0.005730,72.000000,0.000000,0.000000,20.000000,0.000000,112.034936,0.005730,0.035403,A,0,40,112.034936,0.005730,112.034936,0.005730,0.035403,0.035403
35.000000,3.700000,3.700000,114.000000,0.000000,39.983753,0.001863,74.000000,0.000000,0.000000,20.000000,0.000000,113.983753,0.001863,0.016353,A,0,40,113.983753,0.001863,113.983753,0.001863,0.016353,0.016353
36.000000,3.800000,3.800000,116.000000,0.000000,39.994946,-0.001733,76.000000,0.000000,0.000000,20.000000,0.000000,115.994946,-0.001733,0.005343,A,0,40,115.994946,-0.001733,115.994946,-0.001733,0.005343,0.005343
37.000000,3.900000,3.900000,118.000000,0.000000,40.022657,0.007560,78.000000,0.000000,0.000000,20.000000,0.000000,118.022657,0.007560,0.023885,A,0,40,118.022657,0.007560,118.022657,0.007560,0.023885,0.023885
38.000000,4.000000,4.000000,120.000000,0.000000,40.000434,0.015595,80.000000,0.000000,0.000000,20.000000,0.000000,120.000434,0.015595,0.015601,A,0,40,120.000434,0.015595,120.000434,0.015595,0.015601,0.015601
39.000000,4.100000,4.100000,122.000000,0.000000,40.011505,-0.011112,82.000000,0.000000,0.000000,20.000000,0.000000,122.011505,-0.011112,0.015995,A,0,40,122.011505,-0.011112,122.011505,-0.011112,0.015995,0.015995
40.000000,4.200000,4.200000,124.000000,0.000000,40.020053,-0.038661,84.000000,0.000000,0.000000,20.000000,0.000000,124.020053,-0.038661,0.043552,A,0,40,124.020053,-0.038661,124.020053,-0.038661,0.043552,0.043552
41.000000,4.300000,4.300000,126.000000,0.000000,39.978214,0.000403,86.000000,0.000000,0.000000,20.000000,0.000000,125.978214,0.000403,0.021790,A,0,40,125.978214,0.000403,125.978214,0.000403,0.021790,0.021790
42.000000,4.400000,4.400000,128.000000,0.000000,39.977199,-0.014172,88.000000,0.000000,0.000000,20.000000,0.000000,127.977199,-0.014172,0.026846,A,0,40,127.977199,-0.014172,127.977199,-0.014172,0.026846,0.026846
43.000000,4.500000,4.500000,130.000000,0.000000,39.991106,-0.001675,90.000000,0.000000,0.000000,20.000000,0.000000,129.991106,-0.001675,0.009051,A,0,40,129.991106,-0.001675,129.991106,-0.001675,0.009051,0.009051
44.000000,4.600000,4.600000,132.000000,0.000000,40.003562,-0.011811,92.000000,0.000000,0.000000,20.000000,0.000000,132.003562,-0.011811,0.012337,A,0,40,132.003562,-0.011811,132.003562,-0.011811,0.012337,0.012337
45.000000,4.700000,4.700000,134.000000,0.000000,39.982463,-0.005218,94.000000,0.000000,0.000000,20.000000,0.000000,133.982463,-0.005218,0.018296,A,0,40,133.982463,-0.005218,133.982463,-0.005218,0.018296,0.018296
46.000000,4.800000,4.800000,136.000000,0.000000,40.035497,-0.017169,96.000000,0.000000,0.000000,20.000000,0.000000,136.035497,-0.017169,0.039431,A,0,40,136.035497,-0.017169,136.035497,-0.017169,0.039431,0.039431
47.000000,4.900000,4.900000,138.000000,0.000000,40.002682,-0.047181,98.000000,0.000000,0.000000,20.000000,0.000000,138.002682,-0.047181,0.047257,A,0,40,138.002682,-0.047181,138.002682,-0.047181,0.047257,0.047257
48.000000,5.000000,5.000000,140.000000,0.000000,39.995825,-0.012593,100.000000,0.000000,0.000000,20.000000,0.000000,139.995825,-0.012593,0.013267,A,0,40,139.995825,-0.012593,139.995825,-0.012593,0.013267,0.013267
49.000000,5.100000,5.100000,142.000000,0.000000,39.979629,0.018906,102.000000,0.000000,0.000000,20.000000,0.000000,141.979629,0.018906,0.027792,A,0,40,141.979629,0.018906,141.979629,0.018906,0.027792,0.027792
50.000000,5.200000,5.200000,144.000000,0.000000,39.999444,-0.005865,104.000000,0.000000,0.000000,20.000000,0.000000,143.999444,-0.005865,0.005891,A,0,40,143.999444,-0.005865,143.999444,-0.005865,0.005891,0.005891
51.000000,5.300000,5.300000,146.000000,0.000000,39.986653,-0.014650,106.000000,0.000000,0.000000,20.000000,0.000000,145.986653,-0.014650,0.019818,A,0,40,145.986653,-0.014650,145.986653,-0.014650,0.019818,0.019818
52.000000,5.400000,5.400000,148.000000,0.000000,39.984951,0.018340,108.000000,0.000000,0.000000,20.000000,0.000000,147.984951,0.018340,0.023724,A,0,40,147.984951,0.018340,147.984951,0.018340,0.023724,0.023724
53.000000,5.500000,5.500000,150.000000,0.000000,40.021047,-0.033326,110.000000,0.000000,0.000000,20.000000,0.000000,150.021047,-0.033326,0.039416,A,0,40,150.021047,-0.033326,150.021047,-0.033326,0.039416,0.039416
54.000000,5.600000,5.600000,152.000000,0.000000,40.006080,0.022180,112.000000,0.000000,0.000000,20.000000,0.000000,152.006080,0.022180,0.022999,A,0,40,152.006080,0.022180,152.006080,0.022180,0.022999,0.022999
55.000000,5.700000,5.700000,154.000000,0.000000,39.996214,-0.018502,114.000000,0.000000,0.000000,20.000000,0.000000,153.996214,-0.018502,0.018885,A,0,40,153.996214,-0.018502,153.996214,-0.018502,0.018885,0.018885
56.000000,5.800000,5.800000,156.000000,0.000000,40.000996,0.017758,116.000000,0.000000,0.000000,20.000000,0.000000,156.000996,0.017758,0.017786,A,0,40,156.000996,0.017758,156.000996,0.017758,0.017786,0.017786
57.000000,5.900000,5.900000,158.000000,0.000000,39.985568,-0.017258,118.000000,0.000000,0.000000,20.000000,0.000000,157.985568,-0.017258,0.022497,A,0,40,157.985568,-0.017258,157.985568,-0.017258,0.022497,0.022497
58.000000,6.000000,6.000000,160.000000,0.000000,40.022757,-0.002647,120.000000,0.000000,0.000000,20.000000,0.000000,160.022757,-0.002647,0.022910,A,0,40,160.022757,-0.002647,160.022757,-0.002647,0.022910,0.022910
59.000000,6.100000,6.100000,162.000000,0.000000,39.965786,-0.023128,122.000000,0.000000,0.000000,20.000000,0.000000,161.965786,-0.023128,0.041298,A,0,40,161.965786,-0.023128,161.965786,-0.023128,0.041298,0.041298
60.000000,6.200000,6.200000,164.000000,0.000000,39.978815,0.017799,124.000000,0.000000,0.000000,20.000000,0.000000,163.978815,0.017799,0.027670,A,0,40,163.978815,0.017799,163.978815,0.017799,0.027670,0.027670
61.000000,6.300000,6.300000,166.000000,0.000000,40.017994,-0.003855,126.000000,0.000000,0.000000,20.000000,0.000000,166.017994,-0.003855,0.018403,A,0,40,166.017994,-0.003855,166.017994,-0.003855,0.018403,0.018403
62.000000,6.400000,6.400000,168.000000,0.000000,40.016686,-0.007087,128.000000,0.000000,0.000000,20.000000,0.000000,168.016686,-0.007087,0.018128,A,0,40,168.016686,-0.007087,168.016686,-0.007087,0.018128,0.018128
63.000000,6.500000,6.500000,170.000000,0.000000,40.007317,0.032029,130.000000,0.000000,0.000000,20.000000,0.000000,170.007317,0.032029,0.032855,A,0,40,170.007317,0.032029,170.007317,0.032029,0.032855,0.032855
64.000000,6.600000,6.600000,172.000000,0.000000,39.976258,-0.018108,132.000000,0.000000,0.000000,20.000000,0.000000,171.976258,-0.018108,0.029859,A,0,40,171.976258,-0.018108,171.976258,-0.018108,0.029859,0.029859
65.000000,6.700000,6.700000,174.000000,0.000000,40.031095,0.012572,134.000000,0.000000,0.000000,20.000000,0.000000,174.031095,0.012572,0.033540,A,0,40,174.031095,0.012572,174.031095,0.012572,0.033540,0.033540
66.000000,6.800000,6.800000,176.000000,0.000000,40.031042,-0.012845,136.000000,0.000000,0.000000,20.000000,0.000000,176.031042,-0.012845,0.033595,A,0,40,176.031042,-0.012845,176.031042,-0.012845,0.033595,0.033595
67.000000,6.900000,6.900000,178.000000,0.000000,39.968578,0.026975,138.000000,0.000000,0.000000,20.000000,0.000000,177.968578,0.026975,0.041412,A,0,40,177.968578,0.026975,177.968578,0.026975,0.041412,0.041412
68.000000,7.000000,7.000000,180.000000,0.000000,39.992912,-0.022968,140.000000,0.000000,0.000000,20.000000,0.000000,179.992912,-0.022968,0.024037,A,0,40,179.992912,-0.022968,179.992912,-0.022968,0.024037,0.024037
69.000000,7.100000,7.100000,182.000000,0.000000,39.981969,0.032922,142.000000,0.000000,0.000000,20.000000,0.000000,181.981969,0.032922,0.037536,A,0,40,181.981969,0.032922,181.981969,0.032922,0.037536,0.037536
70.000000,7.200000,7.200000,184.000000,0.000000,40.023001,-0.051656,144.000000,0.000000,0.000000,20.000000,0.000000,184.023001,-0.051656,0.056545,A,0,40,184.023001,-0.051656,184.023001,-0.051656,0.056545,0.056545
71.000000,7.300000,7.300000,186.000000,0.000000,40.007767,0.026934,146.000000,0.000000,0.000000,20.000000,0.000000,186.007767,0.026934,0.028031,A,0,40,186.007767,0.026934,186.007767,0.026934,0.028031,0.028031
72.000000,7.400000,7.400000,188.000000,0.000000,40.015627,-0.005735,148.000000,0.000000,0.000000,20.000000,0.000000,188.015627,-0.005735,0.016646,A,0,40,188.015627,-0.005735,188.015627,-0.005735,0.016646,0.016646
73.000000,7.500000,7.500000,190.000000,0.000000,39.985722,0.024944,150.000000,0.000000,0.000000,20.000000,0.000000,189.985722,0.024944,0.028742,A,0,40,189.985722,0.024944,189.985722,0.024944,0.028742,0.028742
74.000000,7.600000,7.600000,192.000000,0.000000,40.027691,-0.020819,152.000000,0.000000,0.000000,20.000000,0.000000,192.027691,-0.020819,0.034644,A,0,40,192.027691,-0.020819,192.027691,-0.020819,0.034644,0.034644
75.000000,7.700000,7.700000,194.000000,0.000000,39.980632,0.020361,154.000000,0.000000,0.000000,20.000000,0.000000,193.980632,0.020361,0.028102,A,0,40,193.980632,0.020361,193.980632,0.020361,0.028102,0.028102
76.000000,7.800000,7.800000,196.000000,0.000000,39.998202,0.024599,156.000000,0.000000,0.000000,20.000000,0.000000,195.998202,0.024599,0.024665,A,0,40,195.998202,0.024599,195.998202,0.024599,0.024665,0.024665
77.000000,7.900000,7.900000,198.000000,0.000000,40.025540,0.001360,158.000000,0.000000,0.000000,20.000000,0.000000,198.025540,0.001360,0.025577,A,0,40,198.025540,0.001360,198.025540,0.001360,0.025577,0.025577
78.000000,8.000000,8.000000,200.000000,0.000000,39.983762,-0.000273,160.000000,0.000000,0.000000,20.000000,0.000000,199.983762,-0.000273,0.016241,A,0,40,199.983762,-0.000273,199.983762,-0.000273,0.016241,0.016241
79.000000,8.100000,8.100000,202.000000,0.000000,39.970051,-0.012227,162.000000,0.000000,0.000000,20.000000,0.000000,201.970051,-0.012227,0.032349,A,0,40,201.970051,-0.012227,201.970051,-0.012227,0.032349,0.032349
80.000000,8.200000,8.200000,204.000000,0.000000,39.990738,-0.002204,164.000000,0.000000,0.000000,20.000000,0.000000,203.990738,-0.002204,0.009521,A,0,40,203.990738,-0.002204,203.990738,-0.002204,0.009521,0.009521
81.000000,8.300000,8.300000,206.000000,0.000000,40.031068,-0.011068,166.000000,0.000000,0.000000,20.000000,0.000000,206.031068,-0.011068,0.032981,A,0,40,206.031068,-0.011068,206.031068,-0.011068,0.032981,0.032981
82.000000,8.400000,8.400000,208.000000,0.000000,39.998336,0.008421,168.000000,0.000000,0.000000,20.000000,0.000000,207.998336,0.008421,0.008583,A,0,40,207.998336,0.008421,207.998336,0.008421,0.008583,0.008583
83.000000,8.500000,8.500000,210.000000,0.000000,40.009801,0.004300,170.000000,0.000000,0.000000,20.000000,0.000000,210.009801,0.004300,0.010703,A,0,40,210.009801,0.004300,210.009801,0.004300,0.010703,0.010703
84.000000,8.600000,8.600000,212.000000,0.000000,39.973114,0.031616,172.000000,0.000000,0.000000,20.000000,0.000000,211.973114,0.031616,0.041502,A,0,40,211.973114,0.031616,211.973114,0.031616,0.041502,0.041502
85.000000,8.700000,8.700000,214.000000,0.000000,39.998407,-0.023976,174.000000,0.000000,0.000000,20.000000,0.000000,213.998407,-0.023976,0.024029,A,0,40,213.998407,-0.023976,213.998407,-0.023976,0.024029,0.024029
86.000000,8.800000,8.800000,216.000000,0.000000,39.983070,-0.011495,176.000000,0.000000,0.000000,20.000000,0.000000,215.983070,-0.011495,0.020464,A,0,40,215.983070,-0.011495,215.983070,-0.011495,0.020464,0.020464
87.000000,8.900000,8.900000,218.000000,0.000000,40.008591,-0.020348,178.000000,0.000000,0.000000,20.000000,0.000000,218.008591,-0.020348,0.022087,A,0,40,218.008591,-0.020348,218.008591,-0.020348,0.022087,0.022087
88.000000,9.000000,9.000000,220.000000,0.000000,40.003713,0.004502,180.000000,0.000000,0.000000,20.000000,0.000000,220.003713,0.004502,0.005835,A,0,40,220.003713,0.004502,220.003713,0.004502,0.005835,0.005835
89.000000,9.100000,9.100000,222.000000,0.000000,40.041604,0.001697,182.000000,0.000000,0.000000,20.000000,0.000000,222.041604,0.001697,0.041638,A,0,40,222.041604,0.001697,222.041604,0.001697,0.041638,0.041638
90.000000,9.200000,9.200000,224.000000,0.000000,39.963781,0.007832,184.000000,0.000000,0.000000,20.000000,0.000000,223.963781,0.007832,0.037056,A,0,40,223.963781,0.007832,223.963781,0.007832,0.037056,0.037056
91.000000,9.300000,9.300000,226.000000,0.000000,39.967183,-0.008216,186.000000,0.000000,0.000000,20.000000,0.000000,225.967183,-0.008216,0.033829,A,0,40,225.967183,-0.008216,225.967183,-0.008216,0.033829,0.033829
92.000000,9.400000,9.400000,228.000000,0.000000,39.994334,0.025645,188.000000,0.000000,0.000000,20.000000,0.000000,227.994334,0.025645,0.026264,A,0,40,227.994334,0.025645,227.994334,0.025645,0.026264,0.026264
93.000000,9.500000,9.500000,230.000000,0.000000,39.978848,-0.039767,190.000000,0.000000,0.000000,20.000000,0.000000,229.978848,-0.039767,0.045043,A,0,40,229.978848,-0.039767,229.978848,-0.039767,0.045043,0.045043
94.000000,9.600000,9.600000,232.000000,0.000000,40.011499,-0.020497,192.000000,0.000000,0.000000,20.000000,0.000000,232.011499,-0.020497,0.023503,A,0,40,232.011499,-0.020497,232.011499,-0.020497,0.023503,0.023503
95.000000,9.700000,9.700000,234.000000,0.000000,40.023736,0.000722,194.000000,0.000000,0.000000,20.000000,0.000000,234.023736,0.000722,0.023747,A,0,40,234.023736,0.000722,234.023736,0.000722,0.023747,0.023747
96.000000,9.800000,9.800000,236.000000,0.000000,40.006666,0.009232,196.000000,0.000000,0.000000,20.000000,0.000000,236.006666,0.009232,0.011387,A,0,40,236.006666,0.009232,236.006666,0.009232,0.011387,0.011387
97.000000,9.900000,9.900000,238.000000,0.000000,40.006019,-0.003019,198.000000,0.000000,0.000000,20.000000,0.000000,238.006019,-0.003019,0.006734,A,0,40,238.006019,-0.003019,238.006019,-0.003019,0.006734,0.006734
98.000000,10.000000,10.000000,240.000000,0.000000,39.995881,0.036564,200.000000,0.000000,0.000000,20.000000,0.000000,239.995881,0.036564,0.036795,A,0,40,239.995881,0.036564,239.995881,0.036564,0.036795,0.036795
99.000000,10.100000,10.100000,242.000000,0.000000,40.024227,-0.012258,202.000000,0.000000,0.000000,20.000000,0.000000,242.024227,-0.012258,0.027151,A,0,40,242.024227,-0.012258,242.024227,-0.012258,0.027151,0.027151
0.000000,0.200000,0.150000,14.000000,0.000000,11.033903,-0.000184,4.000000,0.000000,0.000000,20.000000,0.000000,15.033903,-0.000184,1.033903,A,50,10,14.033903,-0.000184,14.033903,-0.000184,0.033903,0.033903
1.000000,0.300000,0.250000,16.000000,0.000000,11.003295,-0.030571,6.000000,0.000000,0.000000,20.000000,0.000000,17.003295,-0.030571,1.003761,A,50,10,16.003295,-0.030571,16.003295,-0.030571,0.030748,0.030748
2.000000,0.400000,0.350000,18.000000,0.000000,10.989186,0.010719,8.000000,0.000000,0.000000,20.000000,0.000000,18.989186,0.010719,0.989245,A,50,10,17.989186,0.010719,17.989186,0.010719,0.015226,0.015226
3.000000,0.500000,0.450000,20.000000,0.000000,10.999314,-0.011594,10.000000,0.000000,0.000000,20.000000,0.000000,20.999314,-0.011594,0.999382,A,50,10,19.999314,-0.011594,19.999314,-0.011594,0.011614,0.011614
4.000000,0.600000,0.550000,22.000000,0.000000,11.003196,0.034591,12.000000,0.000000,0.000000,20.000000,0.000000,23.003196,0.034591,1.003793,A,50,10,22.003196,0.034591,22.003196,0.034591,0.034739,0.034739
5.000000,0.700000,0.650000,24.000000,0.000000,10.983500,-0.030831,14.000000,0.000000,0.000000,20.000000,0.000000,24.983500,-0.030831,0.983983,A,50,10,23.983500,-0.030831,23.983500,-0.030831,0.034968,0.034968
6.000000,0.800000,0.750000,26.000000,0.000000,10.969319,-0.001069,16.000000,0.000000,0.000000,20.000000,0.000000,26.969319,-0.001069,0.969320,A,50,10,25.969319,-0.001069,25.969319,-0.001069,0.030700,0.030700
7.000000,0.900000,0.850000,28.000000,0.000000,11.007437,-0.018668,18.000000,0.000000,0.000000,20.000000,0.000000,29.007437,-0.018668,1.007610,A,50,10,28.007437,-0.018668,28.007437,-0.018668,0.020095,0.020095
8.000000,1.000000,0.950000,30.000000,0.000000,11.015793,-0.018587,20.000000,0.000000,0.000000,20.000000,0.000000,31.015793,-0.018587,1.015963,A,50,10,30.015793,-0.018587,30.015793,-0.018587,0.024391,0.024391
9.000000,1.100000,1.050000,32.000000,0.000000,10.994877,0.039109,22.000000,0.000000,0.000000,20.000000,0.000000,32.994877,0.039109,0.995645,A,50,10,31.994877,0.039109,31.994877,0.039109,0.039444,0.039444
10.000000,1.200000,1.150000,34.000000,0.000000,10.995895,0.008448,24.000000,0.000000,0.000000,20.000000,0.000000,34.995895,0.008448,0.995931,A,50,10,33.995895,0.008448,33.995895,0.008448,0.009393,0.009393
11.000000,1.300000,1.250000,36.000000,0.000000,10.976071,-0.004948,26.000000,0.000000,0.000000,20.000000,0.000000,36.976071,-0.004948,0.976084,A,50,10,35.976071,-0.004948,35.976071,-0.004948,0.024435,0.024435
12.000000,1.400000,1.350000,38.000000,0.000000,10.974324,-0.029986,28.000000,0.000000,0.000000,20.000000,0.000000,38.974324,-0.029986,0.974785,A,50,10,37.974324,-0.029986,37.974324,-0.029986,0.039477,0.039477
13.000000,1.500000,1.450000,40.000000,0.000000,10.995209,0.021216,30.000000,0.000000,0.000000,20.000000,0.000000,40.995209,0.021216,0.995435,A,50,10,39.995209,0.021216,39.995209,0.021216,0.021750,0.021750
14.000000,1.600000,1.550000,42.000000,0.000000,11.012615,-0.008639,32.000000,0.000000,0.000000,20.000000,0.000000,43.012615,-0.008639,1.012652,A,50,10,42.012615,-0.008639,42.012615,-0.008639,0.015290,0.015290
15.000000,1.700000,1.650000,44.000000,0.000000,11.016318,-0.036299,34.000000,0.000000,0.000000,20.000000,0.000000,45.016318,-0.036299,1.016966,A,50,10,44.016318,-0.036299,44.016318,-0.036299,0.039799,0.039799
16.000000,1.800000,1.750000,46.000000,0.000000,10.987721,0.007850,36.000000,0.000000,0.000000,20.000000,0.000000,46.987721,0.007850,0.987752,A,50,10,45.987721,0.007850,45.987721,0.007850,0.014574,0.014574
17.000000,1.900000,1.850000,48.000000,0.000000,11.015954,0.004493,38.000000,0.000000,0.000000,20.000000,0.000000,49.015954,0.004493,1.015964,A,50,10,48.015954,0.004493,48.015954,0.004493,0.016575,0.016575
18.000000,2.000000,1.950000,50.000000,0.000000,11.030916,0.014652,40.000000,0.000000,0.000000,20.000000,0.000000,51.030916,0.014652,1.031020,A,50,10,50.030916,0.014652,50.030916,0.014652,0.034212,0.034212
19.000000,2.100000,2.050000,52.000000,0.000000,10.985643,-0.003488,42.000000,0.000000,0.000000,20.000000,0.000000,52.985643,-0.003488,0.985650,A,50,10,51.985643,-0.003488,51.985643,-0.003488,0.014774,0.014774
20.000000,2.200000,2.150000,54.000000,0.000000,10.973312,-0.000538,44.000000,0.000000,0.000000,20.000000,0.000000,54.973312,-0.000538,0.973312,A,50,10,53.973312,-0.000538,53.973312,-0.000538,0.026694,0.026694
21.000000,2.300000,2.250000,56.000000,0.000000,10.985592,-0.007605,46.000000,0.000000,0.000000,20.000000,0.000000,56.985592,-0.007605,0.985621,A,50,10,55.985592,-0.007605,55.985592,-0.007605,0.016292,0.016292
22.000000,2.400000,2.350000,58.000000,0.000000,10.986957,-0.022608,48.000000,0.000000,0.000000,20.000000,0.000000,58.986957,-0.022608,0.987216,A,50,10,57.986957,-0.022608,57.986957,-0.022608,0.026100,0.026100
23.000000,2.500000,2.450000,60.000000,0.000000,10.990665,0.028527,50.000000,0.000000,0.000000,20.000000,0.000000,60.990665,0.028527,0.991076,A,50,10,59.990665,0.028527,59.990665,0.028527,0.030016,0.030016
24.000000,2.600000,2.550000,62.000000,0.000000,11.026351,0.037124,52.000000,0.000000,0.000000,20.000000,0.000000,63.026351,0.037124,1.027022,A,50,10,62.026351,0.037124,62.026351,0.037124,0.045525,0.045525
25.000000,2.700000,2.650000,64.000000,0.000000,11.008433,0.018577,54.000000,0.000000,0.000000,20.000000,0.000000,65.008433,0.018577,1.008604,A,50,10,64.008433,0.018577,64.008433,0.018577,0.020402,0.020402
26.000000,2.800000,2.750000,66.000000,0.000000,10.998297,-0.010269,56.000000,0.000000,0.000000,20.000000,0.000000,66.998297,-0.010269,0.998350,A,50,10,65.998297,-0.010269,65.998297,-0.010269,0.010409,0.010409
27.000000,2.900000,2.850000,68.000000,0.000000,11.008045,-0.040654,58.000000,0.000000,0.000000,20.000000,0.000000,69.008045,-0.040654,1.008864,A,50,10,68.008045,-0.040654,68.008045,-0.040654,0.041442,0.041442
28.000000,3.000000,2.950000,70.000000,0.000000,11.009708,-0.000049,60.000000,0.000000,0.000000,20.000000,0.000000,71.009708,-0.000049,1.009708,A,50,10,70.009708,-0.000049,70.009708,-0.000049,0.009708,0.009708
29.000000,3.100000,3.050000,72.000000,0.000000,10.965827,-0.021671,62.000000,0.000000,0.000000,20.000000,0.000000,72.965827,-0.021671,0.966070,A,50,10,71.965827,-0.021671,71.965827,-0.021671,0.040465,0.040465
30.000000,3.200000,3.150000,74.000000,0.000000,11.024322,-0.002639,64.000000,0.000000,0.000000,20.000000,0.000000,75.024322,-0.002639,1.024325,A,50,10,74.024322,-0.002639,74.024322,-0.002639,0.024464,0.024464
31.000000,3.300000,3.250000,76.000000,0.000000,10.979029,-0.015084,66.000000,0.000000,0.000000,20.000000,0.000000,76.979029,-0.015084,0.979145,A,50,10,75.979029,-0.015084,75.979029,-0.015084,0.025833,0.025833
32.000000,3.400000,3.350000,78.000000,0.000000,10.978066,-0.005723,68.000000,0.000000,0.000000,20.000000,0.000000,78.978066,-0.005723,0.978082,A,50,10,77.978066,-0.005723,77.978066,-0.005723,0.022669,0.022669
33.000000,3.500000,3.450000,80.000000,0.000000,11.011357,-0.003236,70.000000,0.000000,0.000000,20.000000,0.000000,81.011357,-0.003236,1.011363,A,50,10,80.011357,-0.003236,80.011357,-0.003236,0.011810,0.011810
34.000000,3.600000,3.550000,82.000000,0.000000,10.995128,-0.008049,72.000000,0.000000,0.000000,20.000000,0.000000,82.995128,-0.008049,0.995161,A,50,10,81.995128,-0.008049,81.995128,-0.008049,0.009409,0.009409
35.000000,3.700000,3.650000,84.000000,0.000000,11.007768,-0.001678,74.000000,0.000000,0.000000,20.000000,0.000000,85.007768,-0.001678,1.007769,A,50,10,84.007768,-0.001678,84.007768,-0.001678,0.007947,0.007947
36.000000,3.800000,3.750000,86.000000,0.000000,11.016962,0.015404,76.000000,0.000000,0.000000,20.000000,0.000000,87.016962,0.015404,1.017078,A,50,10,86.016962,0.015404,86.016962,0.015404,0.022912,0.022912
37.000000,3.900000,3.850000,88.000000,0.000000,11.001126,0.033672,78.000000,0.000000,0.000000,20.000000,0.000000,89.001126,0.033672,1.001692,A,50,10,88.001126,0.033672,88.001126,0.033672,0.033691,0.033691
38.000000,4.000000,3.950000,90.000000,0.000000,11.012447,-0.007058,80.000000,0.000000,0.000000,20.000000,0.000000,91.012447,-0.007058,1.012471,A,50,10,90.012447,-0.007058,90.012447,-0.007058,0.014308,0.014308
39.000000,4.100000,4.050000,92.000000,0.000000,11.021263,-0.049664,82.000000,0.000000,0.000000,20.000000,0.000000,93.021263,-0.049664,1.022470,A,50,10,92.021263,-0.049664,92.021263,-0.049664,0.054025,0.054025
40.000000,4.200000,4.150000,94.000000,0.000000,11.011877,0.009883,84.000000,0.000000,0.000000,20.000000,0.000000,95.011877,0.009883,1.011926,A,50,10,94.011877,0.009883,94.011877,0.009883,0.015452,0.015452
41.000000,4.300000,4.250000,96.000000,0.000000,11.038545,0.009959,86.000000,0.000000,0.000000,20.000000,0.000000,97.038545,0.009959,1.038593,A,50,10,96.038545,0.009959,96.038545,0.009959,0.039811,0.039811
42.000000,4.400000,4.350000,98.000000,0.000000,11.033112,-0.014690,88.000000,0.000000,0.000000,20.000000,0.000000,99.033112,-0.014690,1.033216,A,50,10,98.033112,-0.014690,98.033112,-0.014690,0.036224,0.036224
43.000000,4.500000,4.450000,100.000000,0.000000,10.995054,0.016640,90.000000,0.000000,0.000000,20.000000,0.000000,100.995054,0.016640,0.995194,A,50,10,99.995054,0.016640,99.995054,0.016640,0.017359,0.017359
44.000000,4.600000,4.550000,102.000000,0.000000,11.010563,0.003318,92.000000,0.000000,0.000000,20.000000,0.000000,103.010563,0.003318,1.010569,A,50,10,102.010563,0.003318,102.010563,0.003318,0.011072,0.011072
45.000000,4.700000,4.650000,104.000000,0.000000,10.966226,-0.027714,94.000000,0.000000,0.000000,20.000000,0.000000,104.966226,-0.027714,0.966624,A,50,10,103.966226,-0.027714,103.966226,-0.027714,0.043689,0.043689
46.000000,4.800000,4.750000,106.000000,0.000000,10.996256,-0.019194,96.000000,0.000000,0.000000,20.000000,0.000000,106.996256,-0.019194,0.996441,A,50,10,105.996256,-0.019194,105.996256,-0.019194,0.019556,0.019556
47.000000,4.900000,4.850000,108.000000,0.000000,11.039246,-0.015677,98.000000,0.000000,0.000000,20.000000,0.000000,109.039246,-0.015677,1.039364,A,50,10,108.039246,-0.015677,108.039246,-0.015677,0.042261,0.042261
48.000000,5.000000,4.950000,110.000000,0.000000,10.986487,0.003409,100.000000,0.000000,0.000000,20.000000,0.000000,110.986487,0.003409,0.986493,A,50,10,109.986487,0.003409,109.986487,0.003409,0.013936,0.013936
49.000000,5.100000,5.050000,112.000000,0.000000,10.985905,0.010671,102.000000,0.000000,0.000000,20.000000,0.000000,112.985905,0.010671,0.985963,A,50,10,111.985905,0.010671,111.985905,0.010671,0.017679,0.017679
50.000000,5.200000,5.150000,114.000000,0.000000,11.024620,0.022453,104.000000,0.000000,0.000000,20.000000,0.000000,115.024620,0.022453,1.024866,A,50,10,114.024620,0.022453,114.024620,0.022453,0.033321,0.033321
51.000000,5.300000,5.250000,116.000000,0.000000,10.990090,-0.001520,106.000000,0.000000,0.000000,20.000000,0.000000,116.990090,-0.001520,0.990091,A,50,10,115.990090,-0.001520,115.990090,-0.001520,0.010026,0.010026
52.000000,5.400000,5.350000,118.000000,0.000000,11.008580,-0.026421,108.000000,0.000000,0.000000,20.000000,0.000000,119.008580,-0.026421,1.008926,A,50,10,118.008580,-0.026421,118.008580,-0.026421,0.027779,0.027779
53.000000,5.500000,5.450000,120.000000,0.000000,10.956168,-0.025161,110.000000,0.000000,0.000000,20.000000,0.000000,120.956168,-0.025161,0.956499,A,50,10,119.956168,-0.025161,119.956168,-0.025161,0.050540,0.050540
54.000000,5.600000,5.550000,122.000000,0.000000,10.994462,0.057069,112.000000,0.000000,0.000000,20.000000,0.000000,122.994462,0.057069,0.996098,A,50,10,121.994462,0.057069,121.994462,0.057069,0.057337,0.057337
55.000000,5.700000,5.650000,124.000000,0.000000,10.987396,-0.002913,114.000000,0.000000,0.000000,20.000000,0.000000,124.987396,-0.002913,0.987400,A,50,10,123.987396,-0.002913,123.987396,-0.002913,0.012936,0.012936
56.000000,5.800000,5.750000,126.000000,0.000000,11.017397,0.002991,116.000000,0.000000,0.000000,20.000000,0.000000,127.017397,0.002991,1.017401,A,50,10,126.017397,0.002991,126.017397,0.002991,0.017652,0.017652
57.000000,5.900000,5.850000,128.000000,0.000000,11.003916,0.008297,118.000000,0.000000,0.000000,20.000000,0.000000,129.003916,0.008297,1.003951,A,50,10,128.003916,0.008297,128.003916,0.008297,0.009175,0.009175
58.000000,6.000000,5.950000,130.000000,0.000000,10.992071,0.007432,120.000000,0.000000,0.000000,20.000000,0.000000,130.992071,0.007432,0.992099,A,50,10,129.992071,0.007432,129.992071,0.007432,0.010867,0.010867
59.000000,6.100000,6.050000,132.000000,0.000000,11.011013,0.022308,122.000000,0.000000,0.000000,20.000000,0.000000,133.011013,0.022308,1.011259,A,50,10,132.011013,0.022308,132.011013,0.022308,0.024878,0.024878
60.000000,6.200000,6.150000,134.000000,0.000000,10.969584,-0.006132,124.000000,0.000000,0.000000,20.000000,0.000000,134.969584,-0.006132,0.969603,A,50,10,133.969584,-0.006132,133.969584,-0.006132,0.031028,0.031028
61.000000,6.300000,6.250000,136.000000,0.000000,10.978823,-0.001686,126.000000,0.000000,0.000000,20.000000,0.000000,136.978823,-0.001686,0.978824,A,50,10,135.978823,-0.001686,135.978823,-0.001686,0.021244,0.021244
62.000000,6.400000,6.350000,138.000000,0.000000,10.981753,0.015701,128.000000,0.000000,0.000000,20.000000,0.000000,138.981753,0.015701,0.981878,A,50,10,137.981753,0.015701,137.981753,0.015701,0.024073,0.024073
63.000000,6.500000,6.450000,140.000000,0.000000,11.014153,-0.013078,130.000000,0.000000,0.000000,20.000000,0.000000,141.014153,-0.013078,1.014238,A,50,10,140.014153,-0.013078,140.014153,-0.013078,0.019270,0.019270
64.000000,6.600000,6.550000,142.000000,0.000000,11.019170,0.026711,132.000000,0.000000,0.000000,20.000000,0.000000,143.019170,0.026711,1.019520,A,50,10,142.019170,0.026711,142.019170,0.026711,0.032878,0.032878
65.000000,6.700000,6.650000,144.000000,0.000000,11.003715,-0.045331,134.000000,0.000000,0.000000,20.000000,0.000000,145.003715,-0.045331,1.004738,A,50,10,144.003715,-0.045331,144.003715,-0.045331,0.045483,0.045483
66.000000,6.800000,6.750000,146.000000,0.000000,10.992724,0.017690,136.000000,0.000000,0.000000,20.000000,0.000000,146.992724,0.017690,0.992882,A,50,10,145.992724,0.017690,145.992724,0.017690,0.019128,0.019128
67.000000,6.900000,6.850000,148.000000,0.000000,11.012939,0.014311,138.000000,0.000000,0.000000,20.000000,0.000000,149.012939,0.014311,1.013040,A,50,10,148.012939,0.014311,148.012939,0.014311,0.019293,0.019293
68.000000,7.000000,6.950000,150.000000,0.000000,10.995256,0.010569,140.000000,0.000000,0.000000,20.000000,0.000000,150.995256,0.010569,0.995312,A,50,10,149.995256,0.010569,149.995256,0.010569,0.011585,0.011585
69.000000,7.100000,7.050000,152.000000,0.000000,11.004421,0.014103,142.000000,0.000000,0.000000,20.000000,0.000000,153.004421,0.014103,1.004520,A,50,10,152.004421,0.014103,152.004421,0.014103,0.014780,0.014780
70.000000,7.200000,7.150000,154.000000,0.000000,10.977018,-0.025236,144.000000,0.000000,0.000000,20.000000,0.000000,154.977018,-0.025236,0.977344,A,50,10,153.977018,-0.025236,153.977018,-0.025236,0.034133,0.034133
71.000000,7.300000,7.250000,156.000000,0.000000,10.996824,0.025447,146.000000,0.000000,0.000000,20.000000,0.000000,156.996824,0.025447,0.997149,A,50,10,155.996824,0.025447,155.996824,0.025447,0.025645,0.025645
72.000000,7.400000,7.350000,158.000000,0.000000,10.992462,-0.049614,148.000000,0.000000,0.000000,20.000000,0.000000,158.992462,-0.049614,0.993701,A,50,10,157.992462,-0.049614,157.992462,-0.049614,0.050184,0.050184
73.000000,7.500000,7.450000,160.000000,0.000000,10.998184,-0.008491,150.000000,0.000000,0.000000,20.000000,0.000000,160.998184,-0.008491,0.998220,A,50,10,159.998184,-0.008491,159.998184,-0.008491,0.008683,0.008683
74.000000,7.600000,7.550000,162.000000,0.000000,10.999868,-0.017965,152.000000,0.000000,0.000000,20.000000,0.000000,162.999868,-0.017965,1.000029,A,50,10,161.999868,-0.017965,161.999868,-0.017965,0.017966,0.017966
75.000000,7.700000,7.650000,164.000000,0.000000,10.998660,-0.029422,154.000000,0.000000,0.000000,20.000000,0.000000,164.998660,-0.029422,0.999094,A,50,10,163.998660,-0.029422,163.998660,-0.029422,0.029453,0.029453
76.000000,7.800000,7.750000,166.000000,0.000000,11.005500,-0.006377,156.000000,0.000000,0.000000,20.000000,0.000000,167.005500,-0.006377,1.005520,A,50,10,166.005500,-0.006377,166.005500,-0.006377,0.008421,0.008421
77.000000,7.900000,7.850000,168.000000,0.000000,10.985412,-0.007089,158.000000,0.000000,0.000000,20.000000,0.000000,168.985412,-0.007089,0.985438,A,50,10,167.985412,-0.007089,167.985412,-0.007089,0.016219,0.016219
78.000000,8.000000,7.950000,170.000000,0.000000,11.007959,-0.001493,160.000000,0.000000,0.000000,20.000000,0.000000,171.007959,-0.001493,1.007960,A,50,10,170.007959,-0.001493,170.007959,-0.001493,0.008098,0.008098
79.000000,8.100000,8.050000,172.000000,0.000000,11.000026,-0.006229,162.000000,0.000000,0.000000,20.000000,0.000000,173.000026,-0.006229,1.000046,A,50,10,172.000026,-0.006229,172.000026,-0.006229,0.006229,0.006229
80.000000,8.200000,8.150000,174.000000,0.000000,11.027084,0.013712,164.000000,0.000000,0.000000,20.000000,0.000000,175.027084,0.013712,1.027176,A,50,10,174.027084,0.013712,174.027084,0.013712,0.030357,0.030357
81.000000,8.300000,8.250000,176.000000,0.000000,11.009693,-0.035477,166.000000,0.000000,0.000000,20.000000,0.000000,177.009693,-0.035477,1.010316,A,50,10,176.009693,-0.035477,176.009693,-0.035477,0.036778,0.036778
82.000000,8.400000,8.350000,178.000000,0.000000,10.970303,0.032081,168.000000,0.000000,0.000000,20.000000,0.000000,178.970303,0.032081,0.970833,A,50,10,177.970303,0.032081,177.970303,0.032081,0.043716,0.043716
83.000000,8.500000,8.450000,180.000000,0.000000,10.944394,0.013455,170.000000,0.000000,0.000000,20.000000,0.000000,180.944394,0.013455,0.944490,A,50,10,179.944394,0.013455,179.944394,0.013455,0.057211,0.057211
84.000000,8.600000,8.550000,182.000000,0.000000,10.997136,0.027851,172.000000,0.000000,0.000000,20.000000,0.000000,182.997136,0.027851,0.997525,A,50,10,181.997136,0.027851,181.997136,0.027851,0.027998,0.027998
85.000000,8.700000,8.650000,184.000000,0.000000,11.005348,0.010991,174.000000,0.000000,0.000000,20.000000,0.000000,185.005348,0.010991,1.005408,A,50,10,184.005348,0.010991,184.005348,0.010991,0.012223,0.012223
86.000000,8.800000,8.750000,186.000000,0.000000,11.030350,0.032969,176.000000,0.000000,0.000000,20.000000,0.000000,187.030350,0.032969,1.030877,A,50,10,186.030350,0.032969,186.030350,0.032969,0.044811,0.044811
87.000000,8.900000,8.850000,188.000000,0.000000,10.990758,-0.011394,178.000000,0.000000,0.000000,20.000000,0.000000,188.990758,-0.011394,0.990824,A,50,10,187.990758,-0.011394,187.990758,-0.011394,0.014670,0.014670
88.000000,9.000000,8.950000,190.000000,0.000000,11.007439,0.010614,180.000000,0.000000,0.000000,20.000000,0.000000,191.007439,0.010614,1.007495,A,50,10,190.007439,0.010614,190.007439,0.010614,0.012962,0.012962
89.000000,9.100000,9.050000,192.000000,0.000000,11.022925,0.031485,182.000000,0.000000,0.000000,20.000000,0.000000,193.022925,0.031485,1.023410,A,50,10,192.022925,0.031485,192.022925,0.031485,0.038947,0.038947
90.000000,9.200000,9.150000,194.000000,0.000000,11.016461,-0.052879,184.000000,0.000000,0.000000,20.000000,0.000000,195.016461,-0.052879,1.017835,A,50,10,194.016461,-0.052879,194.016461,-0.052879,0.055382,0.055382
91.000000,9.300000,9.250000,196.000000,0.000000,11.003729,0.010258,186.000000,0.000000,0.000000,20.000000,0.000000,197.003729,0.010258,1.003781,A,50,10,196.003729,0.010258,196.003729,0.010258,0.010915,0.010915
92.000000,9.400000,9.350000,198.000000,0.000000,10.993515,0.035544,188.000000,0.000000,0.000000,20.000000,0.000000,198.993515,0.035544,0.994150,A,50,10,197.993515,0.035544,197.993515,0.035544,0.036131,0.036131
93.000000,9.500000,9.450000,200.000000,0.000000,11.013531,0.003910,190.000000,0.000000,0.000000,20.000000,0.000000,201.013531,0.003910,1.013538,A,50,10,200.013531,0.003910,200.013531,0.003910,0.014084,0.014084
94.000000,9.600000,9.550000,202.000000,0.000000,10.992818,0.037309,192.000000,0.000000,0.000000,20.000000,0.000000,202.992818,0.037309,0.993519,A,50,10,201.992818,0.037309,201.992818,0.037309,0.037994,0.037994
95.000000,9.700000,9.650000,204.000000,0.000000,11.004965,0.006881,194.000000,0.000000,0.000000,20.000000,0.000000,205.004965,0.006881,1.004988,A,50,10,204.004965,0.006881,204.004965,0.006881,0.008485,0.008485
96.000000,9.800000,9.750000,206.000000,0.000000,11.012400,0.027607,196.000000,0.000000,0.000000,20.000000,0.000000,207.012400,0.027607,1.012777,A,50,10,206.012400,0.027607,206.012400,0.027607,0.030264,0.030264
97.000000,9.900000,9.850000,208.000000,0.000000,11.002665,0.014012,198.000000,0.000000,0.000000,20.000000,0.000000,209.002665,0.014012,1.002763,A,50,10,208.002665,0.014012,208.002665,0.014012,0.014263,0.014263
98.000000,10.000000,9.950000,210.000000,0.000000,11.000227,0.005069,200.000000,0.000000,0.000000,20.000000,0.000000,211.000227,0.005069,1.000240,A,50,10,210.000227,0.005069,210.000227,0.005069,0.005074,0.005074
99.000000,10.100000,10.050000,212.000000,0.000000,10.982876,0.020335,202.000000,0.000000,0.000000,20.000000,0.000000,212.982876,0.020335,0.983087,A,50,10,211.982876,0.020335,211.982876,0.020335,0.026584,0.026584
0.000000,0.200000,0.150000,24.000000,0.000000,20.993415,-0.034738,4.000000,0.000000,0.000000,20.000000,0.000000,24.993415,-0.034738,0.994022,A,50,20,23.993415,-0.034738,23.993415,-0.034738,0.035356,0.035356
1.000000,0.300000,0.250000,26.000000,0.000000,21.003034,-0.007198,6.000000,0.000000,0.000000,20.000000,0.000000,27.003034,-0.007198,1.003060,A,50,20,26.003034,-0.007198,26.003034,-0.007198,0.007812,0.007812
2.000000,0.400000,0.350000,28.000000,0.000000,20.998984,-0.029139,8.000000,0.000000,0.000000,20.000000,0.000000,28.998984,-0.029139,0.999409,A,50,20,27.998984,-0.029139,27.998984,-0.029139,0.029157,0.029157
3.000000,0.500000,0.450000,30.000000,0.000000,21.008993,-0.051891,10.000000,0.000000,0.000000,20.000000,0.000000,31.008993,-0.051891,1.010326,A,50,20,30.008993,-0.051891,30.008993,-0.051891,0.052664,0.052664
4.000000,0.600000,0.550000,32.000000,0.000000,20.999820,-0.017814,12.000000,0.000000,0.000000,20.000000,0.000000,32.999820,-0.017814,0.999979,A,50,20,31.999820,-0.017814,31.999820,-0.017814,0.017814,0.017814
5.000000,0.700000,0.650000,34.000000,0.000000,20.999769,0.017840,14.000000,0.000000,0.000000,20.000000,0.000000,34.999769,0.017840,0.999928,A,50,20,33.999769,0.017840,33.999769,0.017840,0.017842,0.017842
6.000000,0.800000,0.750000,36.000000,0.000000,20.989965,-0.001727,16.000000,0.000000,0.000000,20.000000,0.000000,36.989965,-0.001727,0.989966,A,50,20,35.989965,-0.001727,35.989965,-0.001727,0.010183,0.010183
7.000000,0.900000,0.850000,38.000000,0.000000,20.982512,0.008171,18.000000,0.000000,0.000000,20.000000,0.000000,38.982512,0.008171,0.982546,A,50,20,37.982512,0.008171,37.982512,0.008171,0.019302,0.019302
8.000000,1.000000,0.950000,40.000000,0.000000,21.021446,-0.014676,20.000000,0.000000,0.000000,20.000000,0.000000,41.021446,-0.014676,1.021551,A,50,20,40.021446,-0.014676,40.021446,-0.014676,0.025987,0.025987
9.000000,1.100000,1.050000,42.000000,0.000000,21.010754,0.024637,22.000000,0.000000,0.000000,20.000000,0.000000,43.010754,0.024637,1.011054,A,50,20,42.010754,0.024637,42.010754,0.024637,0.026882,0.026882
10.000000,1.200000,1.150000,44.000000,0.000000,21.005266,0.024274,24.000000,0.000000,0.000000,20.000000,0.000000,45.005266,0.024274,1.005559,A,50,20,44.005266,0.024274,44.005266,0.024274,0.024838,0.024838
11.000000,1.300000,1.250000,46.000000,0.000000,20.982995,0.011168,26.000000,0.000000,0.000000,20.000000,0.000000,46.982995,0.011168,0.983059,A,50,20,45.982995,0.011168,45.982995,0.011168,0.020344,0.020344
12.000000,1.400000,1.350000,48.000000,0.000000,20.985924,-0.011597,28.000000,0.000000,0.000000,20.000000,0.000000,48.985924,-0.011597,0.985992,A,50,20,47.985924,-0.011597,47.985924,-0.011597,0.018238,0.018238
13.000000,1.500000,1.450000,50.000000,0.000000,20.983627,0.002804,30.000000,0.000000,0.000000,20.000000,0.000000,50.983627,0.002804,0.983631,A,50,20,49.983627,0.002804,49.983627,0.002804,0.016612,0.016612
14.000000,1.600000,1.550000,52.000000,0.000000,21.051792,0.011042,32.000000,0.000000,0.000000,20.000000,0.000000,53.051792,0.011042,1.051850,A,50,20,52.051792,0.011042,52.051792,0.011042,0.052956,0.052956
15.000000,1.700000,1.650000,54.000000,0.000000,21.009064,-0.012073,34.000000,0.000000,0.000000,20.000000,0.000000,55.009064,-0.012073,1.009136,A,50,20,54.009064,-0.012073,54.009064,-0.012073,0.015097,0.015097
16.000000,1.800000,1.750000,56.000000,0.000000,20.981987,0.015956,36.000000,0.000000,0.000000,20.000000,0.000000,56.981987,0.015956,0.982117,A,50,20,55.981987,0.015956,55.981987,0.015956,0.024063,0.024063
17.000000,1.900000,1.850000,58.000000,0.000000,20.972829,-0.007085,38.000000,0.000000,0.000000,20.000000,0.000000,58.972829,-0.007085,0.972855,A,50,20,57.972829,-0.007085,57.972829,-0.007085,0.028080,0.028080
18.000000,2.000000,1.950000,60.000000,0.000000,20.973079,0.005960,40.000000,0.000000,0.000000,20.000000,0.000000,60.973079,0.005960,0.973097,A,50,20,59.973079,0.005960,59.973079,0.005960,0.027573,0.027573
19.000000,2.100000,2.050000,62.000000,0.000000,20.978187,0.020324,42.000000,0.000000,0.000000,20.000000,0.000000,62.978187,0.020324,0.978398,A,50,20,61.978187,0.020324,61.978187,0.020324,0.029813,0.029813
20.000000,2.200000,2.150000,64.000000,0.000000,21.006889,-0.011542,44.000000,0.000000,0.000000,20.000000,0.000000,65.006889,-0.011542,1.006955,A,50,20,64.006889,-0.011542,64.006889,-0.011542,0.013441,0.013441
21.000000,2.300000,2.250000,66.000000,0.000000,20.991244,-0.002225,46.000000,0.000000,0.000000,20.000000,0.000000,66.991244,-0.002225,0.991246,A,50,20,65.991244,-0.002225,65.991244,-0.002225,0.009034,0.009034
22.000000,2.400000,2.350000,68.000000,0.000000,20.968050,-0.008680,48.000000,0.000000,0.000000,20.000000,0.000000,68.968050,-0.008680,0.968089,A,50,20,67.968050,-0.008680,67.968050,-0.008680,0.033108,0.033108
23.000000,2.500000,2.450000,70.000000,0.000000,21.010863,0.013340,50.000000,0.000000,0.000000,20.000000,0.000000,71.010863,0.013340,1.010951,A,50,20,70.010863,0.013340,70.010863,0.013340,0.017203,0.017203
24.000000,2.600000,2.550000,72.000000,0.000000,21.029230,0.007936,52.000000,0.000000,0.000000,20.000000,0.000000,73.029230,0.007936,1.029261,A,50,20,72.029230,0.007936,72.029230,0.007936,0.030288,0.030288
25.000000,2.700000,2.650000,74.000000,0.000000,20.978589,-0.032376,54.000000,0.000000,0.000000,20.000000,0.000000,74.978589,-0.032376,0.979125,A,50,20,73.978589,-0.032376,73.978589,-0.032376,0.038815,0.038815
26.000000,2.800000,2.750000,76.000000,0.000000,21.020741,0.012880,56.000000,0.000000,0.000000,20.000000,0.000000,77.020741,0.012880,1.020823,A,50,20,76.020741,0.012880,76.020741,0.012880,0.024415,0.024415
27.000000,2.900000,2.850000,78.000000,0.000000,20.985088,0.039461,58.000000,0.000000,0.000000,20.000000,0.000000,78.985088,0.039461,0.985878,A,50,20,77.985088,0.039461,77.985088,0.039461,0.042184,0.042184
28.000000,3.000000,2.950000,80.000000,0.000000,20.996573,-0.004076,60.000000,0.000000,0.000000,20.000000,0.000000,80.996573,-0.004076,0.996581,A,50,20,79.996573,-0.004076,79.996573,-0.004076,0.005326,0.005326
29.000000,3.100000,3.050000,82.000000,0.000000,20.979447,0.023134,62.000000,0.000000,0.000000,20.000000,0.000000,82.979447,0.023134,0.979720,A,50,20,81.979447,0.023134,81.979447,0.023134,0.030945,0.030945
30.000000,3.200000,3.150000,84.000000,0.000000,20.989454,0.008509,64.000000,0.000000,0.000000,20.000000,0.000000,84.989454,0.008509,0.989491,A,50,20,83.989454,0.008509,83.989454,0.008509,0.013551,0.013551
31.000000,3.300000,3.250000,86.000000,0.000000,21.000414,0.020490,66.000000,0.000000,0.000000,20.000000,0.000000,87.000414,0.020490,1.000623,A,50,20,86.000414,0.020490,86.000414,0.020490,0.020494,0.020494
32.000000,3.400000,3.350000,88.000000,0.000000,21.004261,-0.005593,68.000000,0.000000,0.000000,20.000000,0.000000,89.004261,-0.005593,1.004277,A,50,20,88.004261,-0.005593,88.004261,-0.005593,0.007031,0.007031
33.000000,3.500000,3.450000,90.000000,0.000000,21.006890,0.013939,70.000000,0.000000,0.000000,20.000000,0.000000,91.006890,0.013939,1.006986,A,50,20,90.006890,0.013939,90.006890,0.013939,0.015549,0.015549
34.000000,3.600000,3.550000,92.000000,0.000000,21.004323,0.004009,72.000000,0.000000,0.000000,20.000000,0.000000,93.004323,0.004009,1.004331,A,50,20,92.004323,0.004009,92.004323,0.004009,0.005896,0.005896
35.000000,3.700000,3.650000,94.000000,0.000000,20.995088,0.041458,74.000000,0.000000,0.000000,20.000000,0.000000,94.995088,0.041458,0.995951,A,50,20,93.995088,0.041458,93.995088,0.041458,0.041748,0.041748
36.000000,3.800000,3.750000,96.000000,0.000000,21.014311,0.034057,76.000000,0.000000,0.000000,20.000000,0.000000,97.014311,0.034057,1.014883,A,50,20,96.014311,0.034057,96.014311,0.034057,0.036942,0.036942
37.000000,3.900000,3.850000,98.000000,0.000000,21.002861,0.019376,78.000000,0.000000,0.000000,20.000000,0.000000,99.002861,0.019376,1.003048,A,50,20,98.002861,0.019376,98.002861,0.019376,0.019586,0.019586
38.000000,4.000000,3.950000,100.000000,0.000000,20.988637,-0.012928,80.000000,0.000000,0.000000,20.000000,0.000000,100.988637,-0.012928,0.988722,A,50,20,99.988637,-0.012928,99.988637,-0.012928,0.017212,0.017212
39.000000,4.100000,4.050000,102.000000,0.000000,21.000357,-0.006056,82.000000,0.000000,0.000000,20.000000,0.000000,103.000357,-0.006056,1.000376,A,50,20,102.000357,-0.006056,102.000357,-0.006056,0.006066,0.006066
40.000000,4.200000,4.150000,104.000000,0.000000,20.983928,-0.022542,84.000000,0.000000,0.000000,20.000000,0.000000,104.983928,-0.022542,0.984186,A,50,20,103.983928,-0.022542,103.983928,-0.022542,0.027685,0.027685
41.000000,4.300000,4.250000,106.000000,0.000000,21.018412,-0.014008,86.000000,0.000000,0.000000,20.000000,0.000000,107.018412,-0.014008,1.018508,A,50,20,106.018412,-0.014008,106.018412,-0.014008,0.023134,0.023134
42.000000,4.400000,4.350000,108.000000,0.000000,20.996886,-0.003697,88.000000,0.000000,0.000000,20.000000,0.000000,108.996886,-0.003697,0.996893,A,50,20,107.996886,-0.003697,107.996886,-0.003697,0.004834,0.004834
43.000000,4.500000,4.450000,110.000000,0.000000,21.000015,0.002952,90.000000,0.000000,0.000000,20.000000,0.000000,111.000015,0.002952,1.000020,A,50,20,110.000015,0.002952,110.000015,0.002952,0.002952,0.002952
44.000000,4.600000,4.550000,112.000000,0.000000,21.002774,0.019235,92.000000,0.000000,0.000000,20.000000,0.000000,113.002774,0.019235,1.002958,A,50,20,112.002774,0.019235,112.002774,0.019235,0.019434,0.019434
45.000000,4.700000,4.650000,114.000000,0.000000,21.013401,0.009919,94.000000,0.000000,0.000000,20.000000,0.000000,115.013401,0.009919,1.013449,A,50,20,114.013401,0.009919,114.013401,0.009919,0.016673,0.016673
46.000000,4.800000,4.750000,116.000000,0.000000,20.991320,0.028893,96.000000,0.000000,0.000000,20.000000,0.000000,116.991320,0.028893,0.991741,A,50,20,115.991320,0.028893,115.991320,0.028893,0.030169,0.030169
47.000000,4.900000,4.850000,118.000000,0.000000,21.011949,-0.004976,98.000000,0.000000,0.000000,20.000000,0.000000,119.011949,-0.004976,1.011961,A,50,20,118.011949,-0.004976,118.011949,-0.004976,0.012943,0.012943
48.000000,5.000000,4.950000,120.000000,0.000000,21.002170,-0.015284,100.000000,0.000000,0.000000,20.000000,0.000000,121.002170,-0.015284,1.002287,A,50,20,120.002170,-0.015284,120.002170,-0.015284,0.015437,0.015437
49.000000,5.100000,5.050000,122.000000,0.000000,20.993423,-0.019421,102.000000,0.000000,0.000000,20.000000,0.000000,122.993423,-0.019421,0.993612,A,50,20,121.993423,-0.019421,121.993423,-0.019421,0.020505,0.020505
50.000000,5.200000,5.150000,124.000000,0.000000,21.020130,0.005640,104.000000,0.000000,0.000000,20.000000,0.000000,125.020130,0.005640,1.020145,A,50,20,124.020130,0.005640,124.020130,0.005640,0.020905,0.020905
51.000000,5.300000,5.250000,126.000000,0.000000,20.976053,-0.029802,106.000000,0.000000,0.000000,20.000000,0.000000,126.976053,-0.029802,0.976508,A,50,20,125.976053,-0.029802,125.976053,-0.029802,0.038231,0.038231
52.000000,5.400000,5.350000,128.000000,0.000000,20.995865,0.001560,108.000000,0.000000,0.000000,20.000000,0.000000,128.995865,0.001560,0.995866,A,50,20,127.995865,0.001560,127.995865,0.001560,0.004420,0.004420
53.000000,5.500000,5.450000,130.000000,0.000000,20.989106,-0.014762,110.000000,0.000000,0.000000,20.000000,0.000000,130.989106,-0.014762,0.989216,A,50,20,129.989106,-0.014762,129.989106,-0.014762,0.018347,0.018347
54.000000,5.600000,5.550000,132.000000,0.000000,21.008332,0.000402,112.000000,0.000000,0.000000,20.000000,0.000000,133.008332,0.000402,1.008332,A,50,20,132.008332,0.000402,132.008332,0.000402,0.008342,0.008342
55.000000,5.700000,5.650000,134.000000,0.000000,21.039199,0.032407,114.000000,0.000000,0.000000,20.000000,0.000000,135.039199,0.032407,1.039704,A,50,20,134.039199,0.032407,134.039199,0.032407,0.050860,0.050860
56.000000,5.800000,5.750000,136.000000,0.000000,21.028406,-0.013122,116.000000,0.000000,0.000000,20.000000,0.000000,137.028406,-0.013122,1.028490,A,50,20,136.028406,-0.013122,136.028406,-0.013122,0.031290,0.031290
57.000000,5.900000,5.850000,138.000000,0.000000,21.015926,-0.008973,118.000000,0.000000,0.000000,20.000000,0.000000,139.015926,-0.008973,1.015965,A,50,20,138.015926,-0.008973,138.015926,-0.008973,0.018279,0.018279
58.000000,6.000000,5.950000,140.000000,0.000000,20.994577,0.014053,120.000000,0.000000,0.000000,20.000000,0.000000,140.994577,0.014053,0.994677,A,50,20,139.994577,0.014053,139.994577,0.014053,0.015063,0.015063
59.000000,6.100000,6.050000,142.000000,0.000000,20.995709,0.019774,122.000000,0.000000,0.000000,20.000000,0.000000,142.995709,0.019774,0.995905,A,50,20,141.995709,0.019774,141.995709,0.019774,0.020234,0.020234
60.000000,6.200000,6.150000,144.000000,0.000000,21.009115,-0.022647,124.000000,0.000000,0.000000,20.000000,0.000000,145.009115,-0.022647,1.009369,A,50,20,144.009115,-0.022647,144.009115,-0.022647,0.024412,0.024412
61.000000,6.300000,6.250000,146.000000,0.000000,21.018336,0.011238,126.000000,0.000000,0.000000,20.000000,0.000000,147.018336,0.011238,1.018398,A,50,20,146.018336,0.011238,146.018336,0.011238,0.021506,0.021506
62.000000,6.400000,6.350000,148.000000,0.000000,20.997433,0.022070,128.000000,0.000000,0.000000,20.000000,0.000000,148.997433,0.022070,0.997677,A,50,20,147.997433,0.022070,147.997433,0.022070,0.022219,0.022219
63.000000,6.500000,6.450000,150.000000,0.000000,21.019581,0.011632,130.000000,0.000000,0.000000,20.000000,0.000000,151.019581,0.011632,1.019647,A,50,20,150.019581,0.011632,150.019581,0.011632,0.022775,0.022775
64.000000,6.600000,6.550000,152.000000,0.000000,20.983028,-0.006800,132.000000,0.000000,0.000000,20.000000,0.000000,152.983028,-0.006800,0.983052,A,50,20,151.983028,-0.006800,151.983028,-0.006800,0.018284,0.018284
65.000000,6.700000,6.650000,154.000000,0.000000,20.999047,-0.007369,134.000000,0.000000,0.000000,20.000000,0.000000,154.999047,-0.007369,0.999074,A,50,20,153.999047,-0.007369,153.999047,-0.007369,0.007431,0.007431
66.000000,6.800000,6.750000,156.000000,0.000000,20.974610,0.041002,136.000000,0.000000,0.000000,20.000000,0.000000,156.974610,0.041002,0.975472,A,50,20,155.974610,0.041002,155.974610,0.041002,0.048226,0.048226
67.000000,6.900000,6.850000,158.000000,0.000000,21.016560,0.010978,138.000000,0.000000,0.000000,20.000000,0.000000,159.016560,0.010978,1.016619,A,50,20,158.016560,0.010978,158.016560,0.010978,0.019868,0.019868
68.000000,7.000000,6.950000,160.000000,0.000000,21.000655,-0.006624,140.000000,0.000000,0.000000,20.000000,0.000000,161.000655,-0.006624,1.000677,A,50,20,160.000655,-0.006624,160.000655,-0.006624,0.006656,0.006656
69.000000,7.100000,7.050000,162.000000,0.000000,21.016510,0.029407,142.000000,0.000000,0.000000,20.000000,0.000000,163.016510,0.029407,1.016935,A,50,20,162.016510,0.029407,162.016510,0.029407,0.033725,0.033725
70.000000,7.200000,7.150000,164.000000,0.000000,21.021737,0.034058,144.000000,0.000000,0.000000,20.000000,0.000000,165.021737,0.034058,1.022305,A,50,20,164.021737,0.034058,164.021737,0.034058,0.040404,0.040404
71.000000,7.300000,7.250000,166.000000,0.000000,20.990396,0.007484,146.000000,0.000000,0.000000,20.000000,0.000000,166.990396,0.007484,0.990424,A,50,20,165.990396,0.007484,165.990396,0.007484,0.012176,0.012176
72.000000,7.400000,7.350000,168.000000,0.000000,21.004335,0.015042,148.000000,0.000000,0.000000,20.000000,0.000000,169.004335,0.015042,1.004447,A,50,20,168.004335,0.015042,168.004335,0.015042,0.015654,0.015654
73.000000,7.500000,7.450000,170.000000,0.000000,20.970108,-0.013725,150.000000,0.000000,0.000000,20.000000,0.000000,170.970108,-0.013725,0.970205,A,50,20,169.970108,-0.013725,169.970108,-0.013725,0.032892,0.032892
74.000000,7.600000,7.550000,172.000000,0.000000,21.008512,-0.003424,152.000000,0.000000,0.000000,20.000000,0.000000,173.008512,-0.003424,1.008518,A,50,20,172.008512,-0.003424,172.008512,-0.003424,0.009175,0.009175
75.000000,7.700000,7.650000,174.000000,0.000000,20.978511,-0.012422,154.000000,0.000000,0.000000,20.000000,0.000000,174.978511,-0.012422,0.978590,A,50,20,173.978511,-0.012422,173.978511,-0.012422,0.024821,0.024821
76.000000,7.800000,7.750000,176.000000,0.000000,20.998930,0.000945,156.000000,0.000000,0.000000,20.000000,0.000000,176.998930,0.000945,0.998930,A,50,20,175.998930,0.000945,175.998930,0.000945,0.001428,0.001428
77.000000,7.900000,7.850000,178.000000,0.000000,20.985677,0.010891,158.000000,0.000000,0.000000,20.000000,0.000000,178.985677,0.010891,0.985737,A,50,20,177.985677,0.010891,177.985677,0.010891,0.017994,0.017994
78.000000,8.000000,7.950000,180.000000,0.000000,21.041953,-0.014688,160.000000,0.000000,0.000000,20.000000,0.000000,181.041953,-0.014688,1.042056,A,50,20,180.041953,-0.014688,180.041953,-0.014688,0.044450,0.044450
79.000000,8.100000,8.050000,182.000000,0.000000,20.995477,0.007772,162.000000,0.000000,0.000000,20.000000,0.000000,182.995477,0.007772,0.995507,A,50,20,181.995477,0.007772,181.995477,0.007772,0.008993,0.008993
80.000000,8.200000,8.150000,184.000000,0.000000,21.005857,-0.028949,164.000000,0.000000,0.000000,20.000000,0.000000,185.005857,-0.028949,1.006274,A,50,20,184.005857,-0.028949,184.005857,-0.028949,0.029536,0.029536
81.000000,8.300000,8.250000,186.000000,0.000000,20.981390,0.014306,166.000000,0.000000,0.000000,20.000000,0.000000,186.981390,0.014306,0.981494,A,50,20,185.981390,0.014306,185.981390,0.014306,0.023473,0.023473
82.000000,8.400000,8.350000,188.000000,0.000000,21.012189,0.016990,168.000000,0.000000,0.000000,20.000000,0.000000,189.012189,0.016990,1.012332,A,50,20,188.012189,0.016990,188.012189,0.016990,0.020910,0.020910
83.000000,8.500000,8.450000,190.000000,0.000000,20.979488,-0.004468,170.000000,0.000000,0.000000,20.000000,0.000000,190.979488,-0.004468,0.979498,A,50,20,189.979488,-0.004468,189.979488,-0.004468,0.020993,0.020993
84.000000,8.600000,8.550000,192.000000,0.000000,20.992097,-0.034179,172.000000,0.000000,0.000000,20.000000,0.000000,192.992097,-0.034179,0.992685,A,50,20,191.992097,-0.034179,191.992097,-0.034179,0.035081,0.035081
85.000000,8.700000,8.650000,194.000000,0.000000,20.976575,0.022583,174.000000,0.000000,0.000000,20.000000,0.000000,194.976575,0.022583,0.976836,A,50,20,193.976575,0.022583,193.976575,0.022583,0.032538,0.032538
86.000000,8.800000,8.750000,196.000000,0.000000,20.994879,-0.025153,176.000000,0.000000,0.000000,20.000000,0.000000,196.994879,-0.025153,0.995197,A,50,20,195.994879,-0.025153,195.994879,-0.025153,0.025669,0.025669
87.000000,8.900000,8.850000,198.000000,0.000000,20.998134,0.000057,178.000000,0.000000,0.000000,20.000000,0.000000,198.998134,0.000057,0.998134,A,50,20,197.998134,0.000057,197.998134,0.000057,0.001867,0.001867
88.000000,9.000000,8.950000,200.000000,0.000000,21.008252,0.012104,180.000000,0.000000,0.000000,20.000000,0.000000,201.008252,0.012104,1.008324,A,50,20,200.008252,0.012104,200.008252,0.012104,0.014649,0.014649
89.000000,9.100000,9.050000,202.000000,0.000000,20.994215,0.016978,182.000000,0.000000,0.000000,20.000000,0.000000,202.994215,0.016978,0.994360,A,50,20,201.994215,0.016978,201.994215,0.016978,0.017936,0.017936
90.000000,9.200000,9.150000,204.000000,0.000000,20.970022,0.021342,184.000000,0.000000,0.000000,20.000000,0.000000,204.970022,0.021342,0.970257,A,50,20,203.970022,0.021342,203.970022,0.021342,0.036799,0.036799
91.000000,9.300000,9.250000,206.000000,0.000000,21.009593,0.033420,186.000000,0.000000,0.000000,20.000000,0.000000,207.009593,0.033420,1.010146,A,50,20,206.009593,0.033420,206.009593,0.033420,0.034770,0.034770
92.000000,9.400000,9.350000,208.000000,0.000000,21.007611,0.013677,188.000000,0.000000,0.000000,20.000000,0.000000,209.007611,0.013677,1.007703,A,50,20,208.007611,0.013677,208.007611,0.013677,0.015652,0.015652
93.000000,9.500000,9.450000,210.000000,0.000000,21.007654,0.010419,190.000000,0.000000,0.000000,20.000000,0.000000,211.007654,0.010419,1.007708,A,50,20,210.007654,0.010419,210.007654,0.010419,0.012929,0.012929
94.000000,9.600000,9.550000,212.000000,0.000000,21.005621,-0.011290,192.000000,0.000000,0.000000,20.000000,0.000000,213.005621,-0.011290,1.005684,A,50,20,212.005621,-0.011290,212.005621,-0.011290,0.012612,0.012612
95.000000,9.700000,9.650000,214.000000,0.000000,20.996523,0.022464,194.000000,0.000000,0.000000,20.000000,0.000000,214.996523,0.022464,0.996777,A,50,20,213.996523,0.022464,213.996523,0.022464,0.022732,0.022732
96.000000,9.800000,9.750000,216.000000,0.000000,20.960168,0.000729,196.000000,0.000000,0.000000,20.000000,0.000000,216.960168,0.000729,0.960168,A,50,20,215.960168,0.000729,215.960168,0.000729,0.039839,0.039839
97.000000,9.900000,9.850000,218.000000,0.000000,21.005623,-0.026219,198.000000,0.000000,0.000000,20.000000,0.000000,219.005623,-0.026219,1.005965,A,50,20,218.005623,-0.026219,218.005623,-0.026219,0.026816,0.026816
98.000000,10.000000,9.950000,220.000000,0.000000,20.986382,-0.029212,200.000000,0.000000,0.000000,20.000000,0.000000,220.986382,-0.029212,0.986815,A,50,20,219.986382,-0.029212,219.986382,-0.029212,0.032230,0.032230
99.000000,10.100000,10.050000,222.000000,0.000000,21.001866,0.015141,202.000000,0.000000,0.000000,20.000000,0.000000,223.001866,0.015141,1.001980,A,50,20,222.001866,0.015141,222.001866,0.015141,0.015256,0.015256
0.000000,0.200000,0.150000,44.000000,0.000000,40.982288,-0.006452,4.000000,0.000000,0.000000,20.000000,0.000000,44.982288,-0.006452,0.982309,A,50,40,43.982288,-0.006452,43.982288,-0.006452,0.018851,0.018851
1.000000,0.300000,0.250000,46.000000,0.000000,40.991133,0.000645,6.000000,0.000000,0.000000,20.000000,0.000000,46.991133,0.000645,0.991133,A,50,40,45.991133,0.000645,45.991133,0.000645,0.008890,0.008890
2.000000,0.400000,0.350000,48.000000,0.000000,41.022065,-0.006683,8.000000,0.000000,0.000000,20.000000,0.000000,49.022065,-0.006683,1.022087,A,50,40,48.022065,-0.006683,48.022065,-0.006683,0.023055,0.023055
3.000000,0.500000,0.450000,50.000000,0.000000,41.008000,-0.022178,10.000000,0.000000,0.000000,20.000000,0.000000,51.008000,-0.022178,1.008244,A,50,40,50.008000,-0.022178,50.008000,-0.022178,0.023577,0.023577
4.000000,0.600000,0.550000,52.000000,0.000000,40.999607,0.020919,12.000000,0.000000,0.000000,20.000000,0.000000,52.999607,0.020919,0.999826,A,50,40,51.999607,0.020919,51.999607,0.020919,0.020922,0.020922
5.000000,0.700000,0.650000,54.000000,0.000000,41.017975,-0.031303,14.000000,0.000000,0.000000,20.000000,0.000000,55.017975,-0.031303,1.018456,A,50,40,54.017975,-0.031303,54.017975,-0.031303,0.036097,0.036097
6.000000,0.800000,0.750000,56.000000,0.000000,40.999273,0.037134,16.000000,0.000000,0.000000,20.000000,0.000000,56.999273,0.037134,0.999963,A,50,40,55.999273,0.037134,55.999273,0.037134,0.037141,0.037141
7.000000,0.900000,0.850000,58.000000,0.000000,40.995039,-0.023047,18.000000,0.000000,0.000000,20.000000,0.000000,58.995039,-0.023047,0.995305,A,50,40,57.995039,-0.023047,57.995039,-0.023047,0.023575,0.023575
8.000000,1.000000,0.950000,60.000000,0.000000,40.983592,0.011850,20.000000,0.000000,0.000000,20.000000,0.000000,60.983592,0.011850,0.983663,A,50,40,59.983592,0.011850,59.983592,0.011850,0.020240,0.020240
9.000000,1.100000,1.050000,62.000000,0.000000,40.963760,-0.012370,22.000000,0.000000,0.000000,20.000000,0.000000,62.963760,-0.012370,0.963839,A,50,40,61.963760,-0.012370,61.963760,-0.012370,0.038293,0.038293
10.000000,1.200000,1.150000,64.000000,0.000000,40.983877,-0.000443,24.000000,0.000000,0.000000,20.000000,0.000000,64.983877,-0.000443,0.983877,A,50,40,63.983877,-0.000443,63.983877,-0.000443,0.016129,0.016129
11.000000,1.300000,1.250000,66.000000,0.000000,40.966301,0.005715,26.000000,0.000000,0.000000,20.000000,0.000000,66.966301,0.005715,0.966318,A,50,40,65.966301,0.005715,65.966301,0.005715,0.034180,0.034180
12.000000,1.400000,1.350000,68.000000,0.000000,40.963093,0.026583,28.000000,0.000000,0.000000,20.000000,0.000000,68.963093,0.026583,0.963459,A,50,40,67.963093,0.026583,67.963093,0.026583,0.045484,0.045484
13.000000,1.500000,1.450000,70.000000,0.000000,41.013379,-0.031077,30.000000,0.000000,0.000000,20.000000,0.000000,71.013379,-0.031077,1.013856,A,50,40,70.013379,-0.031077,70.013379,-0.031077,0.033835,0.033835
14.000000,1.600000,1.550000,72.000000,0.000000,41.009493,0.014761,32.000000,0.000000,0.000000,20.000000,0.000000,73.009493,0.014761,1.009601,A,50,40,72.009493,0.014761,72.009493,0.014761,0.017550,0.017550
15.000000,1.700000,1.650000,74.000000,0.000000,41.030014,-0.023286,34.000000,0.000000,0.000000,20.000000,0.000000,75.030014,-0.023286,1.030278,A,50,40,74.030014,-0.023286,74.030014,-0.023286,0.037988,0.037988
16.000000,1.800000,1.750000,76.000000,0.000000,40.960426,0.026506,36.000000,0.000000,0.000000,20.000000,0.000000,76.960426,0.026506,0.960792,A,50,40,75.960426,0.026506,75.960426,0.026506,0.047631,0.047631
17.000000,1.900000,1.850000,78.000000,0.000000,41.006848,-0.031322,38.000000,0.000000,0.000000,20.000000,0.000000,79.006848,-0.031322,1.007335,A,50,40,78.006848,-0.031322,78.006848,-0.031322,0.032062,0.032062
18.000000,2.000000,1.950000,80.000000,0.000000,40.996008,-0.012792,40.000000,0.000000,0.000000,20.000000,0.000000,80.996008,-0.012792,0.996090,A,50,40,79.996008,-0.012792,79.996008,-0.012792,0.013400,0.013400
19.000000,2.100000,2.050000,82.000000,0.000000,40.975036,0.003182,42.000000,0.000000,0.000000,20.000000,0.000000,82.975036,0.003182,0.975041,A,50,40,81.975036,0.003182,81.975036,0.003182,0.025166,0.025166
20.000000,2.200000,2.150000,84.000000,0.000000,40.993491,0.015760,44.000000,0.000000,0.000000,20.000000,0.000000,84.993491,0.015760,0.993616,A,50,40,83.993491,0.015760,83.993491,0.015760,0.017051,0.017051
21.000000,2.300000,2.250000,86.000000,0.000000,41.019729,0.024898,46.000000,0.000000,0.000000,20.000000,0.000000,87.019729,0.024898,1.020033,A,50,40,86.019729,0.024898,86.019729,0.024898,0.031767,0.031767
22.000000,2.400000,2.350000,88.000000,0.000000,40.997728,0.021939,48.000000,0.000000,0.000000,20.000000,0.000000,88.997728,0.021939,0.997969,A,50,40,87.997728,0.021939,87.997728,0.021939,0.022056,0.022056
23.000000,2.500000,2.450000,90.000000,0.000000,41.000741,0.014682,50.000000,0.000000,0.000000,20.000000,0.000000,91.000741,0.014682,1.000849,A,50,40,90.000741,0.014682,90.000741,0.014682,0.014700,0.014700
24.000000,2.600000,2.550000,92.000000,0.000000,41.023123,0.026983,52.000000,0.000000,0.000000,20.000000,0.000000,93.023123,0.026983,1.023479,A,50,40,92.023123,0.026983,92.023123,0.026983,0.035535,0.035535
25.000000,2.700000,2.650000,94.000000,0.000000,41.012038,-0.010812,54.000000,0.000000,0.000000,20.000000,0.000000,95.012038,-0.010812,1.012096,A,50,40,94.012038,-0.010812,94.012038,-0.010812,0.016181,0.016181
26.000000,2.800000,2.750000,96.000000,0.000000,40.969245,0.030042,56.000000,0.000000,0.000000,20.000000,0.000000,96.969245,0.030042,0.969710,A,50,40,95.969245,0.030042,95.969245,0.030042,0.042993,0.042993
27.000000,2.900000,2.850000,98.000000,0.000000,40.982422,-0.030180,58.000000,0.000000,0.000000,20.000000,0.000000,98.982422,-0.030180,0.982886,A,50,40,97.982422,-0.030180,97.982422,-0.030180,0.034926,0.034926
28.000000,3.000000,2.950000,100.000000,0.000000,40.990124,-0.043055,60.000000,0.000000,0.000000,20.000000,0.000000,100.990124,-0.043055,0.991060,A,50,40,99.990124,-0.043055,99.990124,-0.043055,0.044173,0.044173
29.000000,3.100000,3.050000,102.000000,0.000000,41.024654,0.003900,62.000000,0.000000,0.000000,20.000000,0.000000,103.024654,0.003900,1.024662,A,50,40,102.024654,0.003900,102.024654,0.003900,0.024961,0.024961
30.000000,3.200000,3.150000,104.000000,0.000000,41.000408,-0.029286,64.000000,0.000000,0.000000,20.000000,0.000000,105.000408,-0.029286,1.000836,A,50,40,104.000408,-0.029286,104.000408,-0.029286,0.029289,0.029289
31.000000,3.300000,3.250000,106.000000,0.000000,41.025330,-0.029757,66.000000,0.000000,0.000000,20.000000,0.000000,107.025330,-0.029757,1.025761,A,50,40,106.025330,-0.029757,106.025330,-0.029757,0.039078,0.039078
32.000000,3.400000,3.350000,108.000000,0.000000,41.003797,-0.018725,68.000000,0.000000,0.000000,20.000000,0.000000,109.003797,-0.018725,1.003972,A,50,40,108.003797,-0.018725,108.003797,-0.018725,0.019107,0.019107
33.000000,3.500000,3.450000,110.000000,0.000000,41.027904,0.013190,70.000000,0.000000,0.000000,20.000000,0.000000,111.027904,0.013190,1.027989,A,50,40,110.027904,0.013190,110.027904,0.013190,0.030865,0.030865
34.000000,3.600000,3.550000,112.000000,0.000000,40.986397,-0.010577,72.000000,0.000000,0.000000,20.000000,0.000000,112.986397,-0.010577,0.986453,A,50,40,111.986397,-0.010577,111.986397,-0.010577,0.017231,0.017231
35.000000,3.700000,3.650000,114.000000,0.000000,41.021338,-0.001989,74.000000,0.000000,0.000000,20.000000,0.000000,115.021338,-0.001989,1.021339,A,50,40,114.021338,-0.001989,114.021338,-0.001989,0.021430,0.021430
36.000000,3.800000,3.750000,116.000000,0.000000,41.001270,-0.003044,76.000000,0.000000,0.000000,20.000000,0.000000,117.001270,-0.003044,1.001275,A,50,40,116.001270,-0.003044,116.001270,-0.003044,0.003299,0.003299
37.000000,3.900000,3.850000,118.000000,0.000000,41.007458,0.040400,78.000000,0.000000,0.000000,20.000000,0.000000,119.007458,0.040400,1.008268,A,50,40,118.007458,0.040400,118.007458,0.040400,0.041083,0.041083
38.000000,4.000000,3.950000,120.000000,0.000000,40.995412,-0.010080,80.000000,0.000000,0.000000,20.000000,0.000000,120.995412,-0.010080,0.995463,A,50,40,119.995412,-0.010080,119.995412,-0.010080,0.011076,0.011076
39.000000,4.100000,4.050000,122.000000,0.000000,41.022327,0.015000,82.000000,0.000000,0.000000,20.000000,0.000000,123.022327,0.015000,1.022437,A,50,40,122.022327,0.015000,122.022327,0.015000,0.026898,0.026898
40.000000,4.200000,4.150000,124.000000,0.000000,41.004251,0.010826,84.000000,0.000000,0.000000,20.000000,0.000000,125.004251,0.010826,1.004310,A,50,40,124.004251,0.010826,124.004251,0.010826,0.011631,0.011631
41.000000,4.300000,4.250000,126.000000,0.000000,41.008927,-0.008433,86.000000,0.000000,0.000000,20.000000,0.000000,127.008927,-0.008433,1.008962,A,50,40,126.008927,-0.008433,126.008927,-0.008433,0.012280,0.012280
42.000000,4.400000,4.350000,128.000000,0.000000,40.991079,0.019973,88.000000,0.000000,0.000000,20.000000,0.000000,128.991079,0.019973,0.991281,A,50,40,127.991079,0.019973,127.991079,0.019973,0.021875,0.021875
43.000000,4.500000,4.450000,130.000000,0.000000,41.041445,-0.019537,90.000000,0.000000,0.000000,20.000000,0.000000,131.041445,-0.019537,1.041628,A,50,40,130.041445,-0.019537,130.041445,-0.019537,0.045819,0.045819
44.000000,4.600000,4.550000,132.000000,0.000000,40.987910,0.003944,92.000000,0.000000,0.000000,20.000000,0.000000,132.987910,0.003944,0.987918,A,50,40,131.987910,0.003944,131.987910,0.003944,0.012717,0.012717
45.000000,4.700000,4.650000,134.000000,0.000000,41.022406,-0.022518,94.000000,0.000000,0.000000,20.000000,0.000000,135.022406,-0.022518,1.022654,A,50,40,134.022406,-0.022518,134.022406,-0.022518,0.031766,0.031766
46.000000,4.800000,4.750000,136.000000,0.000000,41.016982,-0.025291,96.000000,0.000000,0.000000,20.000000,0.000000,137.016982,-0.025291,1.017297,A,50,40,136.016982,-0.025291,136.016982,-0.025291,0.030463,0.030463
47.000000,4.900000,4.850000,138.000000,0.000000,40.996297,-0.018512,98.000000,0.000000,0.000000,20.000000,0.000000,138.996297,-0.018512,0.996469,A,50,40,137.996297,-0.018512,137.996297,-0.018512,0.018879,0.018879
48.000000,5.000000,4.950000,140.000000,0.000000,41.047390,0.013873,100.000000,0.000000,0.000000,20.000000,0.000000,141.047390,0.013873,1.047482,A,50,40,140.047390,0.013873,140.047390,0.013873,0.049379,0.049379
49.000000,5.100000,5.050000,142.000000,0.000000,40.968992,-0.004110,102.000000,0.000000,0.000000,20.000000,0.000000,142.968992,-0.004110,0.969001,A,50,40,141.968992,-0.004110,141.968992,-0.004110,0.031279,0.031279
50.000000,5.200000,5.150000,144.000000,0.000000,40.981635,0.021737,104.000000,0.000000,0.000000,20.000000,0.000000,144.981635,0.021737,0.981876,A,50,40,143.981635,0.021737,143.981635,0.021737,0.028456,0.028456
51.000000,5.300000,5.250000,146.000000,0.000000,41.018527,-0.015731,106.000000,0.000000,0.000000,20.000000,0.000000,147.018527,-0.015731,1.018649,A,50,40,146.018527,-0.015731,146.018527,-0.015731,0.024305,0.024305
52.000000,5.400000,5.350000,148.000000,0.000000,41.025463,0.010403,108.000000,0.000000,0.000000,20.000000,0.000000,149.025463,0.010403,1.025516,A,50,40,148.025463,0.010403,148.025463,0.010403,0.027506,0.027506
53.000000,5.500000,5.450000,150.000000,0.000000,41.010614,0.030394,110.000000,0.000000,0.000000,20.000000,0.000000,151.010614,0.030394,1.011071,A,50,40,150.010614,0.030394,150.010614,0.030394,0.032194,0.032194
54.000000,5.600000,5.550000,152.000000,0.000000,41.023798,-0.001310,112.000000,0.000000,0.000000,20.000000,0.000000,153.023798,-0.001310,1.023799,A,50,40,152.023798,-0.001310,152.023798,-0.001310,0.023834,0.023834
55.000000,5.700000,5.650000,154.000000,0.000000,40.993249,0.033348,114.000000,0.000000,0.000000,20.000000,0.000000,154.993249,0.033348,0.993809,A,50,40,153.993249,0.033348,153.993249,0.033348,0.034025,0.034025
56.000000,5.800000,5.750000,156.000000,0.000000,40.987299,-0.012677,116.000000,0.000000,0.000000,20.000000,0.000000,156.987299,-0.012677,0.987380,A,50,40,155.987299,-0.012677,155.987299,-0.012677,0.017945,0.017945
57.000000,5.900000,5.850000,158.000000,0.000000,41.003635,0.005524,118.000000,0.000000,0.000000,20.000000,0.000000,159.003635,0.005524,1.003650,A,50,40,158.003635,0.005524,158.003635,0.005524,0.006612,0.006612
58.000000,6.000000,5.950000,160.000000,0.000000,41.027795,-0.035607,120.000000,0.000000,0.000000,20.000000,0.000000,161.027795,-0.035607,1.028412,A,50,40,160.027795,-0.035607,160.027795,-0.035607,0.045171,0.045171
59.000000,6.100000,6.050000,162.000000,0.000000,41.040287,0.008931,122.000000,0.000000,0.000000,20.000000,0.000000,163.040287,0.008931,1.040325,A,50,40,162.040287,0.008931,162.040287,0.008931,0.041265,0.041265
60.000000,6.200000,6.150000,164.000000,0.000000,40.992935,0.010986,124.000000,0.000000,0.000000,20.000000,0.000000,164.992935,0.010986,0.992995,A,50,40,163.992935,0.010986,163.992935,0.010986,0.013062,0.013062
61.000000,6.300000,6.250000,166.000000,0.000000,41.008215,0.009099,126.000000,0.000000,0.000000,20.000000,0.000000,167.008215,0.009099,1.008256,A,50,40,166.008215,0.009099,166.008215,0.009099,0.012259,0.012259
62.000000,6.400000,6.350000,168.000000,0.000000,41.012726,0.028684,128.000000,0.000000,0.000000,20.000000,0.000000,169.012726,0.028684,1.013132,A,50,40,168.012726,0.028684,168.012726,0.028684,0.031380,0.031380
63.000000,6.500000,6.450000,170.000000,0.000000,41.029694,0.012451,130.000000,0.000000,0.000000,20.000000,0.000000,171.029694,0.012451,1.029769,A,50,40,170.029694,0.012451,170.029694,0.012451,0.032199,0.032199
64.000000,6.600000,6.550000,172.000000,0.000000,40.979099,0.008147,132.000000,0.000000,0.000000,20.000000,0.000000,172.979099,0.008147,0.979133,A,50,40,171.979099,0.008147,171.979099,0.008147,0.022433,0.022433
65.000000,6.700000,6.650000,174.000000,0.000000,40.979994,-0.004676,134.000000,0.000000,0.000000,20.000000,0.000000,174.979994,-0.004676,0.980005,A,50,40,173.979994,-0.004676,173.979994,-0.004676,0.020545,0.020545
66.000000,6.800000,6.750000,176.000000,0.000000,41.020125,0.008506,136.000000,0.000000,0.000000,20.000000,0.000000,177.020125,0.008506,1.020160,A,50,40,176.020125,0.008506,176.020125,0.008506,0.021849,0.021849
67.000000,6.900000,6.850000,178.000000,0.000000,41.043626,0.007732,138.000000,0.000000,0.000000,20.000000,0.000000,179.043626,0.007732,1.043655,A,50,40,178.043626,0.007732,178.043626,0.007732,0.044306,0.044306
68.000000,7.000000,6.950000,180.000000,0.000000,41.007112,0.023413,140.000000,0.000000,0.000000,20.000000,0.000000,181.007112,0.023413,1.007384,A,50,40,180.007112,0.023413,180.007112,0.023413,0.024469,0.024469
69.000000,7.100000,7.050000,182.000000,0.000000,40.975643,0.032272,142.000000,0.000000,0.000000,20.000000,0.000000,182.975643,0.032272,0.976177,A,50,40,181.975643,0.032272,181.975643,0.032272,0.040432,0.040432
70.000000,7.200000,7.150000,184.000000,0.000000,41.012607,0.003308,144.000000,0.000000,0.000000,20.000000,0.000000,185.012607,0.003308,1.012613,A,50,40,184.012607,0.003308,184.012607,0.003308,0.013034,0.013034
71.000000,7.300000,7.250000,186.000000,0.000000,40.999165,-0.025918,146.000000,0.000000,0.000000,20.000000,0.000000,186.999165,-0.025918,0.999501,A,50,40,185.999165,-0.025918,185.999165,-0.025918,0.025931,0.025931
72.000000,7.400000,7.350000,188.000000,0.000000,41.010743,-0.039750,148.000000,0.000000,0.000000,20.000000,0.000000,189.010743,-0.039750,1.011524,A,50,40,188.010743,-0.039750,188.010743,-0.039750,0.041176,0.041176
73.000000,7.500000,7.450000,190.000000,0.000000,41.036470,-0.014963,150.000000,0.000000,0.000000,20.000000,0.000000,191.036470,-0.014963,1.036578,A,50,40,190.036470,-0.014963,190.036470,-0.014963,0.039420,0.039420
74.000000,7.600000,7.550000,192.000000,0.000000,41.019872,0.006489,152.000000,0.000000,0.000000,20.000000,0.000000,193.019872,0.006489,1.019893,A,50,40,192.019872,0.006489,192.019872,0.006489,0.020905,0.020905
75.000000,7.700000,7.650000,194.000000,0.000000,41.040601,-0.002959,154.000000,0.000000,0.000000,20.000000,0.000000,195.040601,-0.002959,1.040605,A,50,40,194.040601,-0.002959,194.040601,-0.002959,0.040709,0.040709
76.000000,7.800000,7.750000,196.000000,0.000000,40.969389,-0.032398,156.000000,0.000000,0.000000,20.000000,0.000000,196.969389,-0.032398,0.969930,A,50,40,195.969389,-0.032398,195.969389,-0.032398,0.044572,0.044572
77.000000,7.900000,7.850000,198.000000,0.000000,40.985770,-0.027400,158.000000,0.000000,0.000000,20.000000,0.000000,198.985770,-0.027400,0.986151,A,50,40,197.985770,-0.027400,197.985770,-0.027400,0.030875,0.030875
78.000000,8.000000,7.950000,200.000000,0.000000,40.987685,-0.015739,160.000000,0.000000,0.000000,20.000000,0.000000,200.987685,-0.015739,0.987811,A,50,40,199.987685,-0.015739,199.987685,-0.015739,0.019984,0.019984
79.000000,8.100000,8.050000,202.000000,0.000000,40.998376,-0.026266,162.000000,0.000000,0.000000,20.000000,0.000000,202.998376,-0.026266,0.998721,A,50,40,201.998376,-0.026266,201.998376,-0.026266,0.026316,0.026316
80.000000,8.200000,8.150000,204.000000,0.000000,41.044781,0.008503,164.000000,0.000000,0.000000,20.000000,0.000000,205.044781,0.008503,1.044815,A,50,40,204.044781,0.008503,204.044781,0.008503,0.045581,0.045581
81.000000,8.300000,8.250000,206.000000,0.000000,41.005591,0.030877,166.000000,0.000000,0.000000,20.000000,0.000000,207.005591,0.030877,1.006065,A,50,40,206.005591,0.030877,206.005591,0.030877,0.031379,0.031379
82.000000,8.400000,8.350000,208.000000,0.000000,41.008704,-0.004698,168.000000,0.000000,0.000000,20.000000,0.000000,209.008704,-0.004698,1.008715,A,50,40,208.008704,-0.004698,208.008704,-0.004698,0.009891,0.009891
83.000000,8.500000,8.450000,210.000000,0.000000,41.000341,0.024810,170.000000,0.000000,0.000000,20.000000,0.000000,211.000341,0.024810,1.000648,A,50,40,210.000341,0.024810,210.000341,0.024810,0.024812,0.024812
84.000000,8.600000,8.550000,212.000000,0.000000,40.988624,0.010924,172.000000,0.000000,0.000000,20.000000,0.000000,212.988624,0.010924,0.988684,A,50,40,211.988624,0.010924,211.988624,0.010924,0.015772,0.015772
85.000000,8.700000,8.650000,214.000000,0.000000,40.984243,0.023455,174.000000,0.000000,0.000000,20.000000,0.000000,214.984243,0.023455,0.984522,A,50,40,213.984243,0.023455,213.984243,0.023455,0.028256,0.028256
86.000000,8.800000,8.750000,216.000000,0.000000,40.962465,-0.002878,176.000000,0.000000,0.000000,20.000000,0.000000,216.962465,-0.002878,0.962469,A,50,40,215.962465,-0.002878,215.962465,-0.002878,0.037646,0.037646
87.000000,8.900000,8.850000,218.000000,0.000000,41.012274,-0.023216,178.000000,0.000000,0.000000,20.000000,0.000000,219.012274,-0.023216,1.012540,A,50,40,218.012274,-0.023216,218.012274,-0.023216,0.026261,0.026261
88.000000,9.000000,8.950000,220.000000,0.000000,41.024070,0.000644,180.000000,0.000000,0.000000,20.000000,0.000000,221.024070,0.000644,1.024070,A,50,40,220.024070,0.000644,220.024070,0.000644,0.024078,0.024078
89.000000,9.100000,9.050000,222.000000,0.000000,40.984270,-0.009226,182.000000,0.000000,0.000000,20.000000,0.000000,222.984270,-0.009226,0.984313,A,50,40,221.984270,-0.009226,221.984270,-0.009226,0.018236,0.018236
90.000000,9.200000,9.150000,224.000000,0.000000,40.991006,0.017254,184.000000,0.000000,0.000000,20.000000,0.000000,224.991006,0.017254,0.991156,A,50,40,223.991006,0.017254,223.991006,0.017254,0.019457,0.019457
91.000000,9.300000,9.250000,226.000000,0.000000,40.987933,-0.010837,186.000000,0.000000,0.000000,20.000000,0.000000,226.987933,-0.010837,0.987993,A,50,40,225.987933,-0.010837,225.987933,-0.010837,0.016219,0.016219
92.000000,9.400000,9.350000,228.000000,0.000000,40.974927,-0.004390,188.000000,0.000000,0.000000,20.000000,0.000000,228.974927,-0.004390,0.974937,A,50,40,227.974927,-0.004390,227.974927,-0.004390,0.025455,0.025455
93.000000,9.500000,9.450000,230.000000,0.000000,40.996089,0.000984,190.000000,0.000000,0.000000,20.000000,0.000000,230.996089,0.000984,0.996089,A,50,40,229.996089,0.000984,229.996089,0.000984,0.004033,0.004033
94.000000,9.600000,9.550000,232.000000,0.000000,41.026374,-0.010354,192.000000,0.000000,0.000000,20.000000,0.000000,233.026374,-0.010354,1.026426,A,50,40,232.026374,-0.010354,232.026374,-0.010354,0.028334,0.028334
95.000000,9.700000,9.650000,234.000000,0.000000,41.012509,0.029845,194.000000,0.000000,0.000000,20.000000,0.000000,235.012509,0.029845,1.012948,A,50,40,234.012509,0.029845,234.012509,0.029845,0.032360,0.032360
96.000000,9.800000,9.750000,236.000000,0.000000,41.022203,-0.016690,196.000000,0.000000,0.000000,20.000000,0.000000,237.022203,-0.016690,1.022340,A,50,40,236.022203,-0.016690,236.022203,-0.016690,0.027776,0.027776
97.000000,9.900000,9.850000,238.000000,0.000000,41.022238,-0.015328,198.000000,0.000000,0.000000,20.000000,0.000000,239.022238,-0.015328,1.022353,A,50,40,238.022238,-0.015328,238.022238,-0.015328,0.027009,0.027009
98.000000,10.000000,9.950000,240.000000,0.000000,40.995709,-0.006157,200.000000,0.000000,0.000000,20.000000,0.000000,240.995709,-0.006157,0.995728,A,50,40,239.995709,-0.006157,239.995709,-0.006157,0.007505,0.007505
99.000000,10.100000,10.050000,242.000000,0.000000,40.964272,-0.022746,202.000000,0.000000,0.000000,20.000000,0.000000,242.964272,-0.022746,0.964540,A,50,40,241.964272,-0.022746,241.964272,-0.022746,0.042354,0.042354
0.000000,0.200000,0.100000,14.000000,0.000000,12.003678,-0.009981,4.000000,0.000000,0.000000,20.000000,0.000000,16.003678,-0.009981,2.003703,A,100,10,14.003678,-0.009981,14.003678,-0.009981,0.010637,0.010637
1.000000,0.300000,0.200000,16.000000,0.000000,12.005180,-0.006541,6.000000,0.000000,0.000000,20.000000,0.000000,18.005180,-0.006541,2.005190,A,100,10,16.005180,-0.006541,16.005180,-0.006541,0.008343,0.008343
2.000000,0.400000,0.300000,18.000000,0.000000,11.994745,-0.006632,8.000000,0.000000,0.000000,20.000000,0.000000,19.994745,-0.006632,1.994756,A,100,10,17.994745,-0.006632,17.994745,-0.006632,0.008461,0.008461
3.000000,0.500000,0.400000,20.000000,0.000000,11.996024,-0.000287,10.000000,0.000000,0.000000,20.000000,0.000000,21.996024,-0.000287,1.996024,A,100,10,19.996024,-0.000287,19.996024,-0.000287,0.003987,0.003987
4.000000,0.600000,0.500000,22.000000,0.000000,11.994231,-0.035328,12.000000,0.000000,0.000000,20.000000,0.000000,23.994231,-0.035328,1.994544,A,100,10,21.994231,-0.035328,21.994231,-0.035328,0.035796,0.035796
5.000000,0.700000,0.600000,24.000000,0.000000,12.006976,0.008122,14.000000,0.000000,0.000000,20.000000,0.000000,26.006976,0.008122,2.006992,A,100,10,24.006976,0.008122,24.006976,0.008122,0.010706,0.010706
6.000000,0.800000,0.700000,26.000000,0.000000,11.965914,-0.001228,16.000000,0.000000,0.000000,20.000000,0.000000,27.965914,-0.001228,1.965914,A,100,10,25.965914,-0.001228,25.965914,-0.001228,0.034108,0.034108
7.000000,0.900000,0.800000,28.000000,0.000000,12.009211,-0.006075,18.000000,0.000000,0.000000,20.000000,0.000000,30.009211,-0.006075,2.009220,A,100,10,28.009211,-0.006075,28.009211,-0.006075,0.011034,0.011034
8.000000,1.000000,0.900000,30.000000,0.000000,11.980590,0.003088,20.000000,0.000000,0.000000,20.000000,0.000000,31.980590,0.003088,1.980593,A,100,10,29.980590,0.003088,29.980590,0.003088,0.019654,0.019654
9.000000,1.100000,1.000000,32.000000,0.000000,11.980518,-0.028205,22.000000,0.000000,0.000000,20.000000,0.000000,33.980518,-0.028205,1.980719,A,100,10,31.980518,-0.028205,31.980518,-0.028205,0.034280,0.034280
10.000000,1.200000,1.100000,34.000000,0.000000,12.011831,-0.032111,24.000000,0.000000,0.000000,20.000000,0.000000,36.011831,-0.032111,2.012088,A,100,10,34.011831,-0.032111,34.011831,-0.032111,0.034222,0.034222
11.000000,1.300000,1.200000,36.000000,0.000000,12.019912,-0.005121,26.000000,0.000000,0.000000,20.000000,0.000000,38.019912,-0.005121,2.019919,A,100,10,36.019912,-0.005121,36.019912,-0.005121,0.020560,0.020560
12.000000,1.400000,1.300000,38.000000,0.000000,11.968076,-0.002059,28.000000,0.000000,0.000000,20.000000,0.000000,39.968076,-0.002059,1.968077,A,100,10,37.968076,-0.002059,37.968076,-0.002059,0.031990,0.031990
13.000000,1.500000,1.400000,40.000000,0.000000,12.012547,0.010111,30.000000,0.000000,0.000000,20.000000,0.000000,42.012547,0.010111,2.012572,A,100,10,40.012547,0.010111,40.012547,0.010111,0.016114,0.016114
14.000000,1.600000,1.500000,42.000000,0.000000,12.025342,0.021018,32.000000,0.000000,0.000000,20.000000,0.000000,44.025342,0.021018,2.025451,A,100,10,42.025342,0.021018,42.025342,0.021018,0.032923,0.032923
15.000000,1.700000,1.600000,44.000000,0.000000,11.980494,0.058439,34.000000,0.000000,0.000000,20.000000,0.000000,45.980494,0.058439,1.981356,A,100,10,43.980494,0.058439,43.980494,0.058439,0.061608,0.061608
16.000000,1.800000,1.700000,46.000000,0.000000,11.986670,-0.015742,36.000000,0.000000,0.000000,20.000000,0.000000,47.986670,-0.015742,1.986732,A,100,10,45.986670,-0.015742,45.986670,-0.015742,0.020628,0.020628
17.000000,1.900000,1.800000,48.000000,0.000000,12.004049,-0.008357,38.000000,0.000000,0.000000,20.000000,0.000000,50.004049,-0.008357,2.004066,A,100,10,48.004049,-0.008357,48.004049,-0.008357,0.009286,0.009286
18.000000,2.000000,1.900000,50.000000,0.000000,12.000677,-0.038436,40.000000,0.000000,0.000000,20.000000,0.000000,52.000677,-0.038436,2.001046,A,100,10,50.000677,-0.038436,50.000677,-0.038436,0.038442,0.038442
19.000000,2.100000,2.000000,52.000000,0.000000,12.014753,-0.011683,42.000000,0.000000,0.000000,20.000000,0.000000,54.014753,-0.011683,2.014787,A,100,10,52.014753,-0.011683,52.014753,-0.011683,0.018819,0.018819
20.000000,2.200000,2.100000,54.000000,0.000000,12.024353,0.023157,44.000000,0.000000,0.000000,20.000000,0.000000,56.024353,0.023157,2.024485,A,100,10,54.024353,0.023157,54.024353,0.023157,0.033605,0.033605
21.000000,2.300000,2.200000,56.000000,0.000000,12.000869,-0.012533,46.000000,0.000000,0.000000,20.000000,0.000000,58.000869,-0.012533,2.000908,A,100,10,56.000869,-0.012533,56.000869,-0.012533,0.012563,0.012563
22.000000,2.400000,2.300000,58.000000,0.000000,11.981481,-0.004450,48.000000,0.000000,0.000000,20.000000,0.000000,59.981481,-0.004450,1.981486,A,100,10,57.981481,-0.004450,57.981481,-0.004450,0.019047,0.019047
23.000000,2.500000,2.400000,60.000000,0.000000,12.010877,-0.000358,50.000000,0.000000,0.000000,20.000000,0.000000,62.010877,-0.000358,2.010877,A,100,10,60.010877,-0.000358,60.010877,-0.000358,0.010883,0.010883
24.000000,2.600000,2.500000,62.000000,0.000000,11.989082,-0.025393,52.000000,0.000000,0.000000,20.000000,0.000000,63.989082,-0.025393,1.989244,A,100,10,61.989082,-0.025393,61.989082,-0.025393,0.027641,0.027641
25.000000,2.700000,2.600000,64.000000,0.000000,12.002471,-0.027760,54.000000,0.000000,0.000000,20.000000,0.000000,66.002471,-0.027760,2.002664,A,100,10,64.002471,-0.027760,64.002471,-0.027760,0.027870,0.027870
26.000000,2.800000,2.700000,66.000000,0.000000,12.015278,-0.017134,56.000000,0.000000,0.000000,20.000000,0.000000,68.015278,-0.017134,2.015351,A,100,10,66.015278,-0.017134,66.015278,-0.017134,0.022956,0.022956
27.000000,2.900000,2.800000,68.000000,0.000000,12.005498,0.009079,58.000000,0.000000,0.000000,20.000000,0.000000,70.005498,0.009079,2.005518,A,100,10,68.005498,0.009079,68.005498,0.009079,0.010614,0.010614
28.000000,3.000000,2.900000,70.000000,0.000000,12.005070,-0.014490,60.000000,0.000000,0.000000,20.000000,0.000000,72.005070,-0.014490,2.005122,A,100,10,70.005070,-0.014490,70.005070,-0.014490,0.015352,0.015352
29.000000,3.100000,3.000000,72.000000,0.000000,11.981506,0.013462,62.000000,0.000000,0.000000,20.000000,0.000000,73.981506,0.013462,1.981551,A,100,10,71.981506,0.013462,71.981506,0.013462,0.022875,0.022875
30.000000,3.200000,3.100000,74.000000,0.000000,12.031984,0.001732,64.000000,0.000000,0.000000,20.000000,0.000000,76.031984,0.001732,2.031985,A,100,10,74.031984,0.001732,74.031984,0.001732,0.032031,0.032031
31.000000,3.300000,3.200000,76.000000,0.000000,11.986764,0.015142,66.000000,0.000000,0.000000,20.000000,0.000000,77.986764,0.015142,1.986822,A,100,10,75.986764,0.015142,75.986764,0.015142,0.020111,0.020111
32.000000,3.400000,3.300000,78.000000,0.000000,12.008388,-0.025012,68.000000,0.000000,0.000000,20.000000,0.000000,80.008388,-0.025012,2.008544,A,100,10,78.008388,-0.025012,78.008388,-0.025012,0.026381,0.026381
33.000000,3.500000,3.400000,80.000000,0.000000,12.008051,-0.024850,70.000000,0.000000,0.000000,20.000000,0.000000,82.008051,-0.024850,2.008204,A,100,10,80.008051,-0.024850,80.008051,-0.024850,0.026122,0.026122
34.000000,3.600000,3.500000,82.000000,0.000000,12.023608,-0.008564,72.000000,0.000000,0.000000,20.000000,0.000000,84.023608,-0.008564,2.023626,A,100,10,82.023608,-0.008564,82.023608,-0.008564,0.025114,0.025114
35.000000,3.700000,3.600000,84.000000,0.000000,11.960784,0.008453,74.000000,0.000000,0.000000,20.000000,0.000000,85.960784,0.008453,1.960802,A,100,10,83.960784,0.008453,83.960784,0.008453,0.040116,0.040116
36.000000,3.800000,3.700000,86.000000,0.000000,12.019483,0.042065,76.000000,0.000000,0.000000,20.000000,0.000000,88.019483,0.042065,2.019921,A,100,10,86.019483,0.042065,86.019483,0.042065,0.046358,0.046358
37.000000,3.900000,3.800000,88.000000,0.000000,11.992380,-0.000370,78.000000,0.000000,0.000000,20.000000,0.000000,89.992380,-0.000370,1.992380,A,100,10,87.992380,-0.000370,87.992380,-0.000370,0.007629,0.007629
38.000000,4.000000,3.900000,90.000000,0.000000,12.000867,-0.033294,80.000000,0.000000,0.000000,20.000000,0.000000,92.000867,-0.033294,2.001144,A,100,10,90.000867,-0.033294,90.000867,-0.033294,0.033305,0.033305
39.000000,4.100000,4.000000,92.000000,0.000000,11.995095,0.012988,82.000000,0.000000,0.000000,20.000000,0.000000,93.995095,0.012988,1.995137,A,100,10,91.995095,0.012988,91.995095,0.012988,0.013883,0.013883
40.000000,4.200000,4.100000,94.000000,0.000000,12.008686,-0.014922,84.000000,0.000000,0.000000,20.000000,0.000000,96.008686,-0.014922,2.008742,A,100,10,94.008686,-0.014922,94.008686,-0.014922,0.017266,0.017266
41.000000,4.300000,4.200000,96.000000,0.000000,11.968239,0.045268,86.000000,0.000000,0.000000,20.000000,0.000000,97.968239,0.045268,1.968759,A,100,10,95.968239,0.045268,95.968239,0.045268,0.055299,0.055299
42.000000,4.400000,4.300000,98.000000,0.000000,12.042893,0.004511,88.000000,0.000000,0.000000,20.000000,0.000000,100.042893,0.004511,2.042898,A,100,10,98.042893,0.004511,98.042893,0.004511,0.043129,0.043129
43.000000,4.500000,4.400000,100.000000,0.000000,12.016008,0.014158,90.000000,0.000000,0.000000,20.000000,0.000000,102.016008,0.014158,2.016058,A,100,10,100.016008,0.014158,100.016008,0.014158,0.021371,0.021371
44.000000,4.600000,4.500000,102.000000,0.000000,11.991382,0.005910,92.000000,0.000000,0.000000,20.000000,0.000000,103.991382,0.005910,1.991390,A,100,10,101.991382,0.005910,101.991382,0.005910,0.010450,0.010450
45.000000,4.700000,4.600000,104.000000,0.000000,12.033111,-0.001840,94.000000,0.000000,0.000000,20.000000,0.000000,106.033111,-0.001840,2.033112,A,100,10,104.033111,-0.001840,104.033111,-0.001840,0.033163,0.033163
46.000000,4.800000,4.700000,106.000000,0.000000,12.021913,0.023460,96.000000,0.000000,0.000000,20.000000,0.000000,108.021913,0.023460,2.022049,A,100,10,106.021913,0.023460,106.021913,0.023460,0.032102,0.032102
47.000000,4.900000,4.800000,108.000000,0.000000,12.037661,0.050766,98.000000,0.000000,0.000000,20.000000,0.000000,110.037661,0.050766,2.038294,A,100,10,108.037661,0.050766,108.037661,0.050766,0.063211,0.063211
48.000000,5.000000,4.900000,110.000000,0.000000,11.999849,0.015496,100.000000,0.000000,0.000000,20.000000,0.000000,111.999849,0.015496,1.999909,A,100,10,109.999849,0.015496,109.999849,0.015496,0.015497,0.015497
49.000000,5.100000,5.000000,112.000000,0.000000,11.975894,0.034451,102.000000,0.000000,0.000000,20.000000,0.000000,113.975894,0.034451,1.976194,A,100,10,111.975894,0.034451,111.975894,0.034451,0.042047,0.042047
50.000000,5.200000,5.100000,114.000000,0.000000,11.989707,0.000175,104.000000,0.000000,0.000000,20.000000,0.000000,115.989707,0.000175,1.989707,A,100,10,113.989707,0.000175,113.989707,0.000175,0.010295,0.010295
51.000000,5.300000,5.200000,116.000000,0.000000,11.987059,0.003100,106.000000,0.000000,0.000000,20.000000,0.000000,117.987059,0.003100,1.987061,A,100,10,115.987059,0.003100,115.987059,0.003100,0.013307,0.013307
52.000000,5.400000,5.300000,118.000000,0.000000,11.990228,-0.020554,108.000000,0.000000,0.000000,20.000000,0.000000,119.990228,-0.020554,1.990334,A,100,10,117.990228,-0.020554,117.990228,-0.020554,0.022759,0.022759
53.000000,5.500000,5.400000,120.000000,0.000000,12.001325,-0.018021,110.000000,0.000000,0.000000,20.000000,0.000000,122.001325,-0.018021,2.001406,A,100,10,120.001325,-0.018021,120.001325,-0.018021,0.018069,0.018069
54.000000,5.600000,5.500000,122.000000,0.000000,12.024141,-0.024886,112.000000,0.000000,0.000000,20.000000,0.000000,124.024141,-0.024886,2.024294,A,100,10,122.024141,-0.024886,122.024141,-0.024886,0.034671,0.034671
55.000000,5.700000,5.600000,124.000000,0.000000,11.993664,0.010697,114.000000,0.000000,0.000000,20.000000,0.000000,125.993664,0.010697,1.993692,A,100,10,123.993664,0.010697,123.993664,0.010697,0.012433,0.012433
56.000000,5.800000,5.700000,126.000000,0.000000,12.026934,-0.014860,116.000000,0.000000,0.000000,20.000000,0.000000,128.026934,-0.014860,2.026988,A,100,10,126.026934,-0.014860,126.026934,-0.014860,0.030761,0.030761
57.000000,5.900000,5.800000,128.000000,0.000000,11.991768,-0.004322,118.000000,0.000000,0.000000,20.000000,0.000000,129.991768,-0.004322,1.991773,A,100,10,127.991768,-0.004322,127.991768,-0.004322,0.009298,0.009298
58.000000,6.000000,5.900000,130.000000,0.000000,11.984969,-0.033840,120.000000,0.000000,0.000000,20.000000,0.000000,131.984969,-0.033840,1.985258,A,100,10,129.984969,-0.033840,129.984969,-0.033840,0.037028,0.037028
59.000000,6.100000,6.000000,132.000000,0.000000,11.992597,-0.004070,122.000000,0.000000,0.000000,20.000000,0.000000,133.992597,-0.004070,1.992601,A,100,10,131.992597,-0.004070,131.992597,-0.004070,0.008448,0.008448
60.000000,6.200000,6.100000,134.000000,0.000000,12.037473,0.001696,124.000000,0.000000,0.000000,20.000000,0.000000,136.037473,0.001696,2.037474,A,100,10,134.037473,0.001696,134.037473,0.001696,0.037511,0.037511
61.000000,6.300000,6.200000,136.000000,0.000000,12.001223,-0.025836,126.000000,0.000000,0.000000,20.000000,0.000000,138.001223,-0.025836,2.001390,A,100,10,136.001223,-0.025836,136.001223,-0.025836,0.025865,0.025865
62.000000,6.400000,6.300000,138.000000,0.000000,11.963522,0.020267,128.000000,0.000000,0.000000,20.000000,0.000000,139.963522,0.020267,1.963627,A,100,10,137.963522,0.020267,137.963522,0.020267,0.041730,0.041730
63.000000,6.500000,6.400000,140.000000,0.000000,11.986412,-0.017359,130.000000,0.000000,0.000000,20.000000,0.000000,141.986412,-0.017359,1.986488,A,100,10,139.986412,-0.017359,139.986412,-0.017359,0.022045,0.022045
64.000000,6.600000,6.500000,142.000000,0.000000,12.002315,0.012125,132.000000,0.000000,0.000000,20.000000,0.000000,144.002315,0.012125,2.002352,A,100,10,142.002315,0.012125,142.002315,0.012125,0.012344,0.012344
65.000000,6.700000,6.600000,144.000000,0.000000,11.968114,0.003472,134.000000,0.000000,0.000000,20.000000,0.000000,145.968114,0.003472,1.968117,A,100,10,143.968114,0.003472,143.968114,0.003472,0.032075,0.032075
66.000000,6.800000,6.700000,146.000000,0.000000,11.994115,-0.022810,136.000000,0.000000,0.000000,20.000000,0.000000,147.994115,-0.022810,1.994246,A,100,10,145.994115,-0.022810,145.994115,-0.022810,0.023557,0.023557
67.000000,6.900000,6.800000,148.000000,0.000000,11.964067,-0.003305,138.000000,0.000000,0.000000,20.000000,0.000000,149.964067,-0.003305,1.964069,A,100,10,147.964067,-0.003305,147.964067,-0.003305,0.036085,0.036085
68.000000,7.000000,6.900000,150.000000,0.000000,12.025921,-0.012110,140.000000,0.000000,0.000000,20.000000,0.000000,152.025921,-0.012110,2.025958,A,100,10,150.025921,-0.012110,150.025921,-0.012110,0.028611,0.028611
69.000000,7.100000,7.000000,152.000000,0.000000,11.977985,0.001776,142.000000,0.000000,0.000000,20.000000,0.000000,153.977985,0.001776,1.977986,A,100,10,151.977985,0.001776,151.977985,0.001776,0.022087,0.022087
70.000000,7.200000,7.100000,154.000000,0.000000,11.998496,0.010118,144.000000,0.000000,0.000000,20.000000,0.000000,155.998496,0.010118,1.998521,A,100,10,153.998496,0.010118,153.998496,0.010118,0.010230,0.010230
71.000000,7.300000,7.200000,156.000000,0.000000,11.984907,-0.025499,146.000000,0.000000,0.000000,20.000000,0.000000,157.984907,-0.025499,1.985071,A,100,10,155.984907,-0.025499,155.984907,-0.025499,0.029631,0.029631
72.000000,7.400000,7.300000,158.000000,0.000000,12.028418,0.021252,148.000000,0.000000,0.000000,20.000000,0.000000,160.028418,0.021252,2.028529,A,100,10,158.028418,0.021252,158.028418,0.021252,0.035486,0.035486
73.000000,7.500000,7.400000,160.000000,0.000000,12.003553,-0.013883,150.000000,0.000000,0.000000,20.000000,0.000000,162.003553,-0.013883,2.003601,A,100,10,160.003553,-0.013883,160.003553,-0.013883,0.014331,0.014331
74.000000,7.600000,7.500000,162.000000,0.000000,12.011759,0.007292,152.000000,0.000000,0.000000,20.000000,0.000000,164.011759,0.007292,2.011772,A,100,10,162.011759,0.007292,162.011759,0.007292,0.013837,0.013837
75.000000,7.700000,7.600000,164.000000,0.000000,11.990689,-0.000243,154.000000,0.000000,0.000000,20.000000,0.000000,165.990689,-0.000243,1.990689,A,100,10,163.990689,-0.000243,163.990689,-0.000243,0.009314,0.009314
76.000000,7.800000,7.700000,166.000000,0.000000,11.981395,0.033415,156.000000,0.000000,0.000000,20.000000,0.000000,167.981395,0.033415,1.981676,A,100,10,165.981395,0.033415,165.981395,0.033415,0.038245,0.038245
77.000000,7.900000,7.800000,168.000000,0.000000,11.997625,-0.005521,158.000000,0.000000,0.000000,20.000000,0.000000,169.997625,-0.005521,1.997632,A,100,10,167.997625,-0.005521,167.997625,-0.005521,0.006010,0.006010
78.000000,8.000000,7.900000,170.000000,0.000000,12.014651,0.059054,160.000000,0.000000,0.000000,20.000000,0.000000,172.014651,0.059054,2.015516,A,100,10,170.014651,0.059054,170.014651,0.059054,0.060844,0.060844
79.000000,8.100000,8.000000,172.000000,0.000000,12.009198,0.019845,162.000000,0.000000,0.000000,20.000000,0.000000,174.009198,0.019845,2.009296,A,100,10,172.009198,0.019845,172.009198,0.019845,0.021873,0.021873
80.000000,8.200000,8.100000,174.000000,0.000000,11.992978,0.024145,164.000000,0.000000,0.000000,20.000000,0.000000,175.992978,0.024145,1.993124,A,100,10,173.992978,0.024145,173.992978,0.024145,0.025145,0.025145
81.000000,8.300000,8.200000,176.000000,0.000000,11.983949,-0.029202,166.000000,0.000000,0.000000,20.000000,0.000000,177.983949,-0.029202,1.984164,A,100,10,175.983949,-0.029202,175.983949,-0.029202,0.033322,0.033322
82.000000,8.400000,8.300000,178.000000,0.000000,11.990006,0.029123,168.000000,0.000000,0.000000,20.000000,0.000000,179.990006,0.029123,1.990219,A,100,10,177.990006,0.029123,177.990006,0.029123,0.030790,0.030790
83.000000,8.500000,8.400000,180.000000,0.000000,12.001959,0.037617,170.000000,0.000000,0.000000,20.000000,0.000000,182.001959,0.037617,2.002313,A,100,10,180.001959,0.037617,180.001959,0.037617,0.037668,0.037668
84.000000,8.600000,8.500000,182.000000,0.000000,11.986399,0.017513,172.000000,0.000000,0.000000,20.000000,0.000000,183.986399,0.017513,1.986476,A,100,10,181.986399,0.017513,181.986399,0.017513,0.022174,0.022174
85.000000,8.700000,8.600000,184.000000,0.000000,11.981252,0.000629,174.000000,0.000000,0.000000,20.000000,0.000000,185.981252,0.000629,1.981252,A,100,10,183.981252,0.000629,183.981252,0.000629,0.018759,0.018759
86.000000,8.800000,8.700000,186.000000,0.000000,11.985252,-0.008545,176.000000,0.000000,0.000000,20.000000,0.000000,187.985252,-0.008545,1.985270,A,100,10,185.985252,-0.008545,185.985252,-0.008545,0.017045,0.017045
87.000000,8.900000,8.800000,188.000000,0.000000,12.003357,0.010574,178.000000,0.000000,0.000000,20.000000,0.000000,190.003357,0.010574,2.003385,A,100,10,188.003357,0.010574,188.003357,0.010574,0.011094,0.011094
88.000000,9.000000,8.900000,190.000000,0.000000,11.990723,-0.002454,180.000000,0.000000,0.000000,20.000000,0.000000,191.990723,-0.002454,1.990724,A,100,10,189.990723,-0.002454,189.990723,-0.002454,0.009596,0.009596
89.000000,9.100000,9.000000,192.000000,0.000000,11.996308,-0.014461,182.000000,0.000000,0.000000,20.000000,0.000000,193.996308,-0.014461,1.996360,A,100,10,191.996308,-0.014461,191.996308,-0.014461,0.014925,0.014925
90.000000,9.200000,9.100000,194.000000,0.000000,11.969078,-0.035904,184.000000,0.000000,0.000000,20.000000,0.000000,195.969078,-0.035904,1.969405,A,100,10,193.969078,-0.035904,193.969078,-0.035904,0.047384,0.047384
91.000000,9.300000,9.200000,196.000000,0.000000,11.992541,0.000270,186.000000,0.000000,0.000000,20.000000,0.000000,197.992541,0.000270,1.992541,A,100,10,195.992541,0.000270,195.992541,0.000270,0.007464,0.007464
92.000000,9.400000,9.300000,198.000000,0.000000,12.003555,-0.019595,188.000000,0.000000,0.000000,20.000000,0.000000,200.003555,-0.019595,2.003651,A,100,10,198.003555,-0.019595,198.003555,-0.019595,0.019915,0.019915
93.000000,9.500000,9.400000,200.000000,0.000000,11.994341,0.015290,190.000000,0.000000,0.000000,20.000000,0.000000,201.994341,0.015290,1.994400,A,100,10,199.994341,0.015290,199.994341,0.015290,0.016304,0.016304
94.000000,9.600000,9.500000,202.000000,0.000000,11.998732,0.001027,192.000000,0.000000,0.000000,20.000000,0.000000,203.998732,0.001027,1.998732,A,100,10,201.998732,0.001027,201.998732,0.001027,0.001632,0.001632
95.000000,9.700000,9.600000,204.000000,0.000000,11.978178,-0.019828,194.000000,0.000000,0.000000,20.000000,0.000000,205.978178,-0.019828,1.978277,A,100,10,203.978178,-0.019828,203.978178,-0.019828,0.029485,0.029485
96.000000,9.800000,9.700000,206.000000,0.000000,11.996701,-0.012608,196.000000,0.000000,0.000000,20.000000,0.000000,207.996701,-0.012608,1.996741,A,100,10,205.996701,-0.012608,205.996701,-0.012608,0.013032,0.013032
97.000000,9.900000,9.800000,208.000000,0.000000,12.004921,0.042376,198.000000,0.000000,0.000000,20.000000,0.000000,210.004921,0.042376,2.005369,A,100,10,208.004921,0.042376,208.004921,0.042376,0.042661,0.042661
98.000000,10.000000,9.900000,210.000000,0.000000,11.984547,0.046687,200.000000,0.000000,0.000000,20.000000,0.000000,211.984547,0.046687,1.985096,A,100,10,209.984547,0.046687,209.984547,0.046687,0.049177,0.049177
99.000000,10.100000,10.000000,212.000000,0.000000,11.995123,0.026890,202.000000,0.000000,0.000000,20.000000,0.000000,213.995123,0.026890,1.995304,A,100,10,211.995123,0.026890,211.995123,0.026890,0.027329,0.027329
0.000000,0.200000,0.100000,24.000000,0.000000,22.008980,0.016842,4.000000,0.000000,0.000000,20.000000,0.000000,26.008980,0.016842,2.009050,A,100,20,24.008980,0.016842,24.008980,0.016842,0.019087,0.019087
1.000000,0.300000,0.200000,26.000000,0.000000,21.997328,-0.043609,6.000000,0.000000,0.000000,20.000000,0.000000,27.997328,-0.043609,1.997804,A,100,20,25.997328,-0.043609,25.997328,-0.043609,0.043691,0.043691
2.000000,0.400000,0.300000,28.000000,0.000000,22.013033,0.006897,8.000000,0.000000,0.000000,20.000000,0.000000,30.013033,0.006897,2.013045,A,100,20,28.013033,0.006897,28.013033,0.006897,0.014745,0.014745
3.000000,0.500000,0.400000,30.000000,0.000000,21.978971,-0.022560,10.000000,0.000000,0.000000,20.000000,0.000000,31.978971,-0.022560,1.979100,A,100,20,29.978971,-0.022560,29.978971,-0.022560,0.030841,0.030841
4.000000,0.600000,0.500000,32.000000,0.000000,22.005157,-0.009118,12.000000,0.000000,0.000000,20.000000,0.000000,34.005157,-0.009118,2.005178,A,100,20,32.005157,-0.009118,32.005157,-0.009118,0.010476,0.010476
5.000000,0.700000,0.600000,34.000000,0.000000,21.990513,0.001557,14.000000,0.000000,0.000000,20.000000,0.000000,35.990513,0.001557,1.990514,A,100,20,33.990513,0.001557,33.990513,0.001557,0.009614,0.009614
6.000000,0.800000,0.700000,36.000000,0.000000,22.018266,0.003725,16.000000,0.000000,0.000000,20.000000,0.000000,38.018266,0.003725,2.018269,A,100,20,36.018266,0.003725,36.018266,0.003725,0.018642,0.018642
7.000000,0.900000,0.800000,38.000000,0.000000,22.015643,-0.016783,18.000000,0.000000,0.000000,20.000000,0.000000,40.015643,-0.016783,2.015713,A,100,20,38.015643,-0.016783,38.015643,-0.016783,0.022943,0.022943
8.000000,1.000000,0.900000,40.000000,0.000000,21.985462,-0.005384,20.000000,0.000000,0.000000,20.000000,0.000000,41.985462,-0.005384,1.985469,A,100,20,39.985462,-0.005384,39.985462,-0.005384,0.015503,0.015503
9.000000,1.100000,1.000000,42.000000,0.000000,22.010680,0.005792,22.000000,0.000000,0.000000,20.000000,0.000000,44.010680,0.005792,2.010688,A,100,20,42.010680,0.005792,42.010680,0.005792,0.012149,0.012149
10.000000,1.200000,1.100000,44.000000,0.000000,21.998600,-0.019682,24.000000,0.000000,0.000000,20.000000,0.000000,45.998600,-0.019682,1.998697,A,100,20,43.998600,-0.019682,43.998600,-0.019682,0.019731,0.019731
11.000000,1.300000,1.200000,46.000000,0.000000,21.997149,-0.002284,26.000000,0.000000,0.000000,20.000000,0.000000,47.997149,-0.002284,1.997151,A,100,20,45.997149,-0.002284,45.997149,-0.002284,0.003653,0.003653
12.000000,1.400000,1.300000,48.000000,0.000000,21.983541,-0.042529,28.000000,0.000000,0.000000,20.000000,0.000000,49.983541,-0.042529,1.983997,A,100,20,47.983541,-0.042529,47.983541,-0.042529,0.045603,0.045603
13.000000,1.500000,1.400000,50.000000,0.000000,22.031226,-0.011899,30.000000,0.000000,0.000000,20.000000,0.000000,52.031226,-0.011899,2.031261,A,100,20,50.031226,-0.011899,50.031226,-0.011899,0.033416,0.033416
14.000000,1.600000,1.500000,52.000000,0.000000,22.052916,0.008087,32.000000,0.000000,0.000000,20.000000,0.000000,54.052916,0.008087,2.052932,A,100,20,52.052916,0.008087,52.052916,0.008087,0.053530,0.053530
15.000000,1.700000,1.600000,54.000000,0.000000,21.987648,0.010028,34.000000,0.000000,0.000000,20.000000,0.000000,55.987648,0.010028,1.987673,A,100,20,53.987648,0.010028,53.987648,0.010028,0.015910,0.015910
16.000000,1.800000,1.700000,56.000000,0.000000,21.991396,-0.024801,36.000000,0.000000,0.000000,20.000000,0.000000,57.991396,-0.024801,1.991551,A,100,20,55.991396,-0.024801,55.991396,-0.024801,0.026251,0.026251
17.000000,1.900000,1.800000,58.000000,0.000000,21.970559,-0.011322,38.000000,0.000000,0.000000,20.000000,0.000000,59.970559,-0.011322,1.970592,A,100,20,57.970559,-0.011322,57.970559,-0.011322,0.031543,0.031543
18.000000,2.000000,1.900000,60.000000,0.000000,21.978985,0.029400,40.000000,0.000000,0.000000,20.000000,0.000000,61.978985,0.029400,1.979203,A,100,20,59.978985,0.029400,59.978985,0.029400,0.036139,0.036139
19.000000,2.100000,2.000000,62.000000,0.000000,21.996492,0.010330,42.000000,0.000000,0.000000,20.000000,0.000000,63.996492,0.010330,1.996519,A,100,20,61.996492,0.010330,61.996492,0.010330,0.010909,0.010909
20.000000,2.200000,2.100000,64.000000,0.000000,21.992201,0.026518,44.000000,0.000000,0.000000,20.000000,0.000000,65.992201,0.026518,1.992377,A,100,20,63.992201,0.026518,63.992201,0.026518,0.027641,0.027641
21.000000,2.300000,2.200000,66.000000,0.000000,21.993043,-0.031736,46.000000,0.000000,0.000000,20.000000,0.000000,67.993043,-0.031736,1.993296,A,100,20,65.993043,-0.031736,65.993043,-0.031736,0.032490,0.032490
22.000000,2.400000,2.300000,68.000000,0.000000,22.049864,0.031571,48.000000,0.000000,0.000000,20.000000,0.000000,70.049864,0.031571,2.050107,A,100,20,68.049864,0.031571,68.049864,0.031571,0.059019,0.059019
23.000000,2.500000,2.400000,70.000000,0.000000,21.991874,0.004692,50.000000,0.000000,0.000000,20.000000,0.000000,71.991874,0.004692,1.991880,A,100,20,69.991874,0.004692,69.991874,0.004692,0.009383,0.009383
24.000000,2.600000,2.500000,72.000000,0.000000,21.981288,-0.003203,52.000000,0.000000,0.000000,20.000000,0.000000,73.981288,-0.003203,1.981291,A,100,20,71.981288,-0.003203,71.981288,-0.003203,0.018984,0.018984
25.000000,2.700000,2.600000,74.000000,0.000000,21.985979,0.018432,54.000000,0.000000,0.000000,20.000000,0.000000,75.985979,0.018432,1.986065,A,100,20,73.985979,0.018432,73.985979,0.018432,0.023159,0.023159
26.000000,2.800000,2.700000,76.000000,0.000000,21.993246,-0.029840,56.000000,0.000000,0.000000,20.000000,0.000000,77.993246,-0.029840,1.993470,A,100,20,75.993246,-0.029840,75.993246,-0.029840,0.030595,0.030595
27.000000,2.900000,2.800000,78.000000,0.000000,22.071100,0.012511,58.000000,0.000000,0.000000,20.000000,0.000000,80.071100,0.012511,2.071137,A,100,20,78.071100,0.012511,78.071100,0.012511,0.072192,0.072192
28.000000,3.000000,2.900000,80.000000,0.000000,22.018698,0.005754,60.000000,0.000000,0.000000,20.000000,0.000000,82.018698,0.005754,2.018706,A,100,20,80.018698,0.005754,80.018698,0.005754,0.019563,0.019563
29.000000,3.100000,3.000000,82.000000,0.000000,21.991265,-0.008912,62.000000,0.000000,0.000000,20.000000,0.000000,83.991265,-0.008912,1.991285,A,100,20,81.991265,-0.008912,81.991265,-0.008912,0.012479,0.012479
30.000000,3.200000,3.100000,84.000000,0.000000,22.011209,0.006787,64.000000,0.000000,0.000000,20.000000,0.000000,86.011209,0.006787,2.011220,A,100,20,84.011209,0.006787,84.011209,0.006787,0.013103,0.013103
31.000000,3.300000,3.200000,86.000000,0.000000,21.981095,-0.008511,66.000000,0.000000,0.000000,20.000000,0.000000,87.981095,-0.008511,1.981113,A,100,20,85.981095,-0.008511,85.981095,-0.008511,0.020732,0.020732
32.000000,3.400000,3.300000,88.000000,0.000000,21.985092,-0.016033,68.000000,0.000000,0.000000,20.000000,0.000000,89.985092,-0.016033,1.985157,A,100,20,87.985092,-0.016033,87.985092,-0.016033,0.021893,0.021893
33.000000,3.500000,3.400000,90.000000,0.000000,22.018038,-0.011806,70.000000,0.000000,0.000000,20.000000,0.000000,92.018038,-0.011806,2.018072,A,100,20,90.018038,-0.011806,90.018038,-0.011806,0.021558,0.021558
34.000000,3.600000,3.500000,92.000000,0.000000,22.036426,-0.021371,72.000000,0.000000,0.000000,20.000000,0.000000,94.036426,-0.021371,2.036538,A,100,20,92.036426,-0.021371,92.036426,-0.021371,0.042232,0.042232
35.000000,3.700000,3.600000,94.000000,0.000000,21.999399,-0.006005,74.000000,0.000000,0.000000,20.000000,0.000000,95.999399,-0.006005,1.999408,A,100,20,93.999399,-0.006005,93.999399,-0.006005,0.006035,0.006035
36.000000,3.800000,3.700000,96.000000,0.000000,22.010858,-0.000759,76.000000,0.000000,0.000000,20.000000,0.000000,98.010858,-0.000759,2.010858,A,100,20,96.010858,-0.000759,96.010858,-0.000759,0.010884,0.010884
37.000000,3.900000,3.800000,98.000000,0.000000,21.966871,0.000598,78.000000,0.000000,0.000000,20.000000,0.000000,99.966871,0.000598,1.966871,A,100,20,97.966871,0.000598,97.966871,0.000598,0.033134,0.033134
38.000000,4.000000,3.900000,100.000000,0.000000,21.969528,0.035074,80.000000,0.000000,0.000000,20.000000,0.000000,101.969528,0.035074,1.969841,A,100,20,99.969528,0.035074,99.969528,0.035074,0.046462,0.046462
39.000000,4.100000,4.000000,102.000000,0.000000,22.002996,-0.002504,82.000000,0.000000,0.000000,20.000000,0.000000,104.002996,-0.002504,2.002997,A,100,20,102.002996,-0.002504,102.002996,-0.002504,0.003904,0.003904
40.000000,4.200000,4.100000,104.000000,0.000000,22.009193,-0.030562,84.000000,0.000000,0.000000,20.000000,0.000000,106.009193,-0.030562,2.009425,A,100,20,104.009193,-0.030562,104.009193,-0.030562,0.031915,0.031915
41.000000,4.300000,4.200000,106.000000,0.000000,22.023800,0.000853,86.000000,0.000000,0.000000,20.000000,0.000000,108.023800,0.000853,2.023800,A,100,20,106.023800,0.000853,106.023800,0.000853,0.023815,0.023815
42.000000,4.400000,4.300000,108.000000,0.000000,21.962815,0.006124,88.000000,0.000000,0.000000,20.000000,0.000000,109.962815,0.006124,1.962825,A,100,20,107.962815,0.006124,107.962815,0.006124,0.037686,0.037686
43.000000,4.500000,4.400000,110.000000,0.000000,21.978958,-0.004851,90.000000,0.000000,0.000000,20.000000,0.000000,111.978958,-0.004851,1.978964,A,100,20,109.978958,-0.004851,109.978958,-0.004851,0.021594,0.021594
44.000000,4.600000,4.500000,112.000000,0.000000,22.013292,-0.007109,92.000000,0.000000,0.000000,20.000000,0.000000,114.013292,-0.007109,2.013305,A,100,20,112.013292,-0.007109,112.013292,-0.007109,0.015074,0.015074
45.000000,4.700000,4.600000,114.000000,0.000000,21.962848,0.000037,94.000000,0.000000,0.000000,20.000000,0.000000,115.962848,0.000037,1.962848,A,100,20,113.962848,0.000037,113.962848,0.000037,0.037152,0.037152
46.000000,4.800000,4.700000,116.000000,0.000000,22.033964,-0.011753,96.000000,0.000000,0.000000,20.000000,0.000000,118.033964,-0.011753,2.033998,A,100,20,116.033964,-0.011753,116.033964,-0.011753,0.035940,0.035940
47.000000,4.900000,4.800000,118.000000,0.000000,22.002968,0.014107,98.000000,0.000000,0.000000,20.000000,0.000000,120.002968,0.014107,2.003018,A,100,20,118.002968,0.014107,118.002968,0.014107,0.014416,0.014416
48.000000,5.000000,4.900000,120.000000,0.000000,21.967481,0.025826,100.000000,0.000000,0.000000,20.000000,0.000000,121.967481,0.025826,1.967650,A,100,20,119.967481,0.025826,119.967481,0.025826,0.041527,0.041527
49.000000,5.100000,5.000000,122.000000,0.000000,21.989033,0.019620,102.000000,0.000000,0.000000,20.000000,0.000000,123.989033,0.019620,1.989130,A,100,20,121.989033,0.019620,121.989033,0.019620,0.022477,0.022477
50.000000,5.200000,5.100000,124.000000,0.000000,22.009338,-0.019190,104.000000,0.000000,0.000000,20.000000,0.000000,126.009338,-0.019190,2.009430,A,100,20,124.009338,-0.019190,124.009338,-0.019190,0.021342,0.021342
51.000000,5.300000,5.200000,126.000000,0.000000,22.010708,-0.031259,106.000000,0.000000,0.000000,20.000000,0.000000,128.010708,-0.031259,2.010951,A,100,20,126.010708,-0.031259,126.010708,-0.031259,0.033042,0.033042
52.000000,5.400000,5.300000,128.000000,0.000000,21.986638,0.000145,108.000000,0.000000,0.000000,20.000000,0.000000,129.986638,0.000145,1.986638,A,100,20,127.986638,0.000145,127.986638,0.000145,0.013363,0.013363
53.000000,5.500000,5.400000,130.000000,0.000000,21.991429,0.017380,110.000000,0.000000,0.000000,20.000000,0.000000,131.991429,0.017380,1.991505,A,100,20,129.991429,0.017380,129.991429,0.017380,0.019378,0.019378
54.000000,5.600000,5.500000,132.000000,0.000000,21.988437,0.014669,112.000000,0.000000,0.000000,20.000000,0.000000,133.988437,0.014669,1.988491,A,100,20,131.988437,0.014669,131.988437,0.014669,0.018678,0.018678
55.000000,5.700000,5.600000,134.000000,0.000000,21.992857,-0.034346,114.000000,0.000000,0.000000,20.000000,0.000000,135.992857,-0.034346,1.993153,A,100,20,133.992857,-0.034346,133.992857,-0.034346,0.035081,0.035081
56.000000,5.800000,5.700000,136.000000,0.000000,21.983400,-0.020039,116.000000,0.000000,0.000000,20.000000,0.000000,137.983400,-0.020039,1.983501,A,100,20,135.983400,-0.020039,135.983400,-0.020039,0.026022,0.026022
57.000000,5.900000,5.800000,138.000000,0.000000,21.970072,-0.013877,118.000000,0.000000,0.000000,20.000000,0.000000,139.970072,-0.013877,1.970121,A,100,20,137.970072,-0.013877,137.970072,-0.013877,0.032989,0.032989
58.000000,6.000000,5.900000,140.000000,0.000000,22.020855,0.003928,120.000000,0.000000,0.000000,20.000000,0.000000,142.020855,0.003928,2.020859,A,100,20,140.020855,0.003928,140.020855,0.003928,0.021221,0.021221
59.000000,6.100000,6.000000,142.000000,0.000000,21.960322,0.018066,122.000000,0.000000,0.000000,20.000000,0.000000,143.960322,0.018066,1.960405,A,100,20,141.960322,0.018066,141.960322,0.018066,0.043597,0.043597
60.000000,6.200000,6.100000,144.000000,0.000000,22.015583,0.001116,124.000000,0.000000,0.000000,20.000000,0.000000,146.015583,0.001116,2.015583,A,100,20,144.015583,0.001116,144.015583,0.001116,0.015623,0.015623
61.000000,6.300000,6.200000,146.000000,0.000000,22.007084,-0.036878,126.000000,0.000000,0.000000,20.000000,0.000000,148.007084,-0.036878,2.007422,A,100,20,146.007084,-0.036878,146.007084,-0.036878,0.037552,0.037552
62.000000,6.400000,6.300000,148.000000,0.000000,21.989822,-0.004570,128.000000,0.000000,0.000000,20.000000,0.000000,149.989822,-0.004570,1.989828,A,100,20,147.989822,-0.004570,147.989822,-0.004570,0.011157,0.011157
63.000000,6.500000,6.400000,150.000000,0.000000,21.987814,-0.011424,130.000000,0.000000,0.000000,20.000000,0.000000,151.987814,-0.011424,1.987846,A,100,20,149.987814,-0.011424,149.987814,-0.011424,0.016704,0.016704
64.000000,6.600000,6.500000,152.000000,0.000000,22.002020,0.002819,132.000000,0.000000,0.000000,20.000000,0.000000,154.002020,0.002819,2.002022,A,100,20,152.002020,0.002819,152.002020,0.002819,0.003468,0.003468
65.000000,6.700000,6.600000,154.000000,0.000000,21.999898,0.009903,134.000000,0.000000,0.000000,20.000000,0.000000,155.999898,0.009903,1.999922,A,100,20,153.999898,0.009903,153.999898,0.009903,0.009904,0.009904
66.000000,6.800000,6.700000,156.000000,0.000000,21.992552,-0.018379,136.000000,0.000000,0.000000,20.000000,0.000000,157.992552,-0.018379,1.992637,A,100,20,155.992552,-0.018379,155.992552,-0.018379,0.019831,0.019831
67.000000,6.900000,6.800000,158.000000,0.000000,22.010327,-0.000042,138.000000,0.000000,0.000000,20.000000,0.000000,160.010327,-0.000042,2.010327,A,100,20,158.010327,-0.000042,158.010327,-0.000042,0.010327,0.010327
68.000000,7.000000,6.900000,160.000000,0.000000,22.016948,-0.014209,140.000000,0.000000,0.000000,20.000000,0.000000,162.016948,-0.014209,2.016998,A,100,20,160.016948,-0.014209,160.016948,-0.014209,0.022116,0.022116
69.000000,7.100000,7.000000,162.000000,0.000000,22.035387,0.017516,142.000000,0.000000,0.000000,20.000000,0.000000,164.035387,0.017516,2.035462,A,100,20,162.035387,0.017516,162.035387,0.017516,0.039485,0.039485
70.000000,7.200000,7.100000,164.000000,0.000000,22.030950,0.022170,144.000000,0.000000,0.000000,20.000000,0.000000,166.030950,0.022170,2.031071,A,100,20,164.030950,0.022170,164.030950,0.022170,0.038071,0.038071
71.000000,7.300000,7.200000,166.000000,0.000000,21.962025,0.011911,146.000000,0.000000,0.000000,20.000000,0.000000,167.962025,0.011911,1.962062,A,100,20,165.962025,0.011911,165.962025,0.011911,0.039799,0.039799
72.000000,7.400000,7.300000,168.000000,0.000000,21.979555,-0.023328,148.000000,0.000000,0.000000,20.000000,0.000000,169.979555,-0.023328,1.979693,A,100,20,167.979555,-0.023328,167.979555,-0.023328,0.031019,0.031019
73.000000,7.500000,7.400000,170.000000,0.000000,21.999458,-0.030428,150.000000,0.000000,0.000000,20.000000,0.000000,171.999458,-0.030428,1.999689,A,100,20,169.999458,-0.030428,169.999458,-0.030428,0.030433,0.030433
74.000000,7.600000,7.500000,172.000000,0.000000,22.026182,-0.030187,152.000000,0.000000,0.000000,20.000000,0.000000,174.026182,-0.030187,2.026407,A,100,20,172.026182,-0.030187,172.026182,-0.030187,0.039959,0.039959
75.000000,7.700000,7.600000,174.000000,0.000000,22.011957,0.017836,154.000000,0.000000,0.000000,20.000000,0.000000,176.011957,0.017836,2.012036,A,100,20,174.011957,0.017836,174.011957,0.017836,0.021473,0.021473
76.000000,7.800000,7.700000,176.000000,0.000000,22.020235,-0.003222,156.000000,0.000000,0.000000,20.000000,0.000000,178.020235,-0.003222,2.020237,A,100,20,176.020235,-0.003222,176.020235,-0.003222,0.020490,0.020490
77.000000,7.900000,7.800000,178.000000,0.000000,21.991477,0.020641,158.000000,0.000000,0.000000,20.000000,0.000000,179.991477,0.020641,1.991584,A,100,20,177.991477,0.020641,177.991477,0.020641,0.022331,0.022331
78.000000,8.000000,7.900000,180.000000,0.000000,22.017117,-0.000721,160.000000,0.000000,0.000000,20.000000,0.000000,182.017117,-0.000721,2.017117,A,100,20,180.017117,-0.000721,180.017117,-0.000721,0.017132,0.017132
79.000000,8.100000,8.000000,182.000000,0.000000,22.031875,-0.004682,162.000000,0.000000,0.000000,20.000000,0.000000,184.031875,-0.004682,2.031881,A,100,20,182.031875,-0.004682,182.031875,-0.004682,0.032217,0.032217
80.000000,8.200000,8.100000,184.000000,0.000000,21.989849,-0.014248,164.000000,0.000000,0.000000,20.000000,0.000000,185.989849,-0.014248,1.989900,A,100,20,183.989849,-0.014248,183.989849,-0.014248,0.017494,0.017494
81.000000,8.300000,8.200000,186.000000,0.000000,21.966247,0.041791,166.000000,0.000000,0.000000,20.000000,0.000000,187.966247,0.041791,1.966691,A,100,20,185.966247,0.041791,185.966247,0.041791,0.053719,0.053719
82.000000,8.400000,8.300000,188.000000,0.000000,21.994832,-0.017158,168.000000,0.000000,0.000000,20.000000,0.000000,189.994832,-0.017158,1.994906,A,100,20,187.994832,-0.017158,187.994832,-0.017158,0.017920,0.017920
83.000000,8.500000,8.400000,190.000000,0.000000,21.988952,-0.027948,170.000000,0.000000,0.000000,20.000000,0.000000,191.988952,-0.027948,1.989148,A,100,20,189.988952,-0.027948,189.988952,-0.027948,0.030052,0.030052
84.000000,8.600000,8.500000,192.000000,0.000000,22.012000,-0.010439,172.000000,0.000000,0.000000,20.000000,0.000000,194.012000,-0.010439,2.012028,A,100,20,192.012000,-0.010439,192.012000,-0.010439,0.015905,0.015905
85.000000,8.700000,8.600000,194.000000,0.000000,22.023040,-0.003912,174.000000,0.000000,0.000000,20.000000,0.000000,196.023040,-0.003912,2.023044,A,100,20,194.023040,-0.003912,194.023040,-0.003912,0.023370,0.023370
86.000000,8.800000,8.700000,196.000000,0.000000,22.029098,0.015132,176.000000,0.000000,0.000000,20.000000,0.000000,198.029098,0.015132,2.029154,A,100,20,196.029098,0.015132,196.029098,0.015132,0.032797,0.032797
87.000000,8.900000,8.800000,198.000000,0.000000,22.006255,-0.007431,178.000000,0.000000,0.000000,20.000000,0.000000,200.006255,-0.007431,2.006269,A,100,20,198.006255,-0.007431,198.006255,-0.007431,0.009713,0.009713
88.000000,9.000000,8.900000,200.000000,0.000000,21.969303,0.002416,180.000000,0.000000,0.000000,20.000000,0.000000,201.969303,0.002416,1.969304,A,100,20,199.969303,0.002416,199.969303,0.002416,0.030792,0.030792
89.000000,9.100000,9.000000,202.000000,0.000000,22.012054,-0.012390,182.000000,0.000000,0.000000,20.000000,0.000000,204.012054,-0.012390,2.012092,A,100,20,202.012054,-0.012390,202.012054,-0.012390,0.017287,0.017287
90.000000,9.200000,9.100000,204.000000,0.000000,21.986492,-0.018141,184.000000,0.000000,0.000000,20.000000,0.000000,205.986492,-0.018141,1.986575,A,100,20,203.986492,-0.018141,203.986492,-0.018141,0.022618,0.022618
91.000000,9.300000,9.200000,206.000000,0.000000,21.994636,0.024815,186.000000,0.000000,0.000000,20.000000,0.000000,207.994636,0.024815,1.994790,A,100,20,205.994636,0.024815,205.994636,0.024815,0.025388,0.025388
92.000000,9.400000,9.300000,208.000000,0.000000,21.994201,0.039127,188.000000,0.000000,0.000000,20.000000,0.000000,209.994201,0.039127,1.994585,A,100,20,207.994201,0.039127,207.994201,0.039127,0.039554,0.039554
93.000000,9.500000,9.400000,210.000000,0.000000,22.022625,-0.035926,190.000000,0.000000,0.000000,20.000000,0.000000,212.022625,-0.035926,2.022944,A,100,20,210.022625,-0.035926,210.022625,-0.035926,0.042456,0.042456
94.000000,9.600000,9.500000,212.000000,0.000000,22.002651,0.055390,192.000000,0.000000,0.000000,20.000000,0.000000,214.002651,0.055390,2.003417,A,100,20,212.002651,0.055390,212.002651,0.055390,0.055454,0.055454
95.000000,9.700000,9.600000,214.000000,0.000000,22.005712,0.012521,194.000000,0.000000,0.000000,20.000000,0.000000,216.005712,0.012521,2.005751,A,100,20,214.005712,0.012521,214.005712,0.012521,0.013762,0.013762
96.000000,9.800000,9.700000,216.000000,0.000000,22.009907,-0.005669,196.000000,0.000000,0.000000,20.000000,0.000000,218.009907,-0.005669,2.009915,A,100,20,216.009907,-0.005669,216.009907,-0.005669,0.011414,0.011414
97.000000,9.900000,9.800000,218.000000,0.000000,22.013860,-0.029313,198.000000,0.000000,0.000000,20.000000,0.000000,220.013860,-0.029313,2.014073,A,100,20,218.013860,-0.029313,218.013860,-0.029313,0.032424,0.032424
98.000000,10.000000,9.900000,220.000000,0.000000,21.996881,-0.004328,200.000000,0.000000,0.000000,20.000000,0.000000,221.996881,-0.004328,1.996886,A,100,20,219.996881,-0.004328,219.996881,-0.004328,0.005335,0.005335
99.000000,10.100000,10.000000,222.000000,0.000000,22.032642,0.013579,202.000000,0.000000,0.000000,20.000000,0.000000,224.032642,0.013579,2.032687,A,100,20,222.032642,0.013579,222.032642,0.013579,0.035354,0.035354
0.000000,0.200000,0.100000,44.000000,0.000000,42.015003,-0.015881,4.000000,0.000000,0.000000,20.000000,0.000000,46.015003,-0.015881,2.015066,A,100,40,44.015003,-0.015881,44.015003,-0.015881,0.021847,0.021847
1.000000,0.300000,0.200000,46.000000,0.000000,41.968931,-0.005274,6.000000,0.000000,0.000000,20.000000,0.000000,47.968931,-0.005274,1.968938,A,100,40,45.968931,-0.005274,45.968931,-0.005274,0.031514,0.031514
2.000000,0.400000,0.300000,48.000000,0.000000,41.962196,-0.027868,8.000000,0.000000,0.000000,20.000000,0.000000,49.962196,-0.027868,1.962394,A,100,40,47.962196,-0.027868,47.962196,-0.027868,0.046966,0.046966
3.000000,0.500000,0.400000,50.000000,0.000000,42.015002,0.008796,10.000000,0.000000,0.000000,20.000000,0.000000,52.015002,0.008796,2.015021,A,100,40,50.015002,0.008796,50.015002,0.008796,0.017390,0.017390
4.000000,0.600000,0.500000,52.000000,0.000000,41.989007,-0.015205,12.000000,0.000000,0.000000,20.000000,0.000000,53.989007,-0.015205,1.989065,A,100,40,51.989007,-0.015205,51.989007,-0.015205,0.018763,0.018763
5.000000,0.700000,0.600000,54.000000,0.000000,42.040561,-0.004290,14.000000,0.000000,0.000000,20.000000,0.000000,56.040561,-0.004290,2.040565,A,100,40,54.040561,-0.004290,54.040561,-0.004290,0.040787,0.040787
6.000000,0.800000,0.700000,56.000000,0.000000,42.008120,-0.023315,16.000000,0.000000,0.000000,20.000000,0.000000,58.008120,-0.023315,2.008255,A,100,40,56.008120,-0.023315,56.008120,-0.023315,0.024689,0.024689
7.000000,0.900000,0.800000,58.000000,0.000000,42.012630,-0.020512,18.000000,0.000000,0.000000,20.000000,0.000000,60.012630,-0.020512,2.012735,A,100,40,58.012630,-0.020512,58.012630,-0.020512,0.024089,0.024089
8.000000,1.000000,0.900000,60.000000,0.000000,42.010240,-0.019439,20.000000,0.000000,0.000000,20.000000,0.000000,62.010240,-0.019439,2.010334,A,100,40,60.010240,-0.019439,60.010240,-0.019439,0.021971,0.021971
9.000000,1.100000,1.000000,62.000000,0.000000,42.005628,-0.004747,22.000000,0.000000,0.000000,20.000000,0.000000,64.005628,-0.004747,2.005634,A,100,40,62.005628,-0.004747,62.005628,-0.004747,0.007363,0.007363
10.000000,1.200000,1.100000,64.000000,0.000000,41.978116,0.008917,24.000000,0.000000,0.000000,20.000000,0.000000,65.978116,0.008917,1.978136,A,100,40,63.978116,0.008917,63.978116,0.008917,0.023631,0.023631
11.000000,1.300000,1.200000,66.000000,0.000000,41.996209,0.041886,26.000000,0.000000,0.000000,20.000000,0.000000,67.996209,0.041886,1.996648,A,100,40,65.996209,0.041886,65.996209,0.041886,0.042057,0.042057
12.000000,1.400000,1.300000,68.000000,0.000000,42.011702,0.022674,28.000000,0.000000,0.000000,20.000000,0.000000,70.011702,0.022674,2.011830,A,100,40,68.011702,0.022674,68.011702,0.022674,0.025516,0.025516
13.000000,1.500000,1.400000,70.000000,0.000000,41.988208,0.002529,30.000000,0.000000,0.000000,20.000000,0.000000,71.988208,0.002529,1.988210,A,100,40,69.988208,0.002529,69.988208,0.002529,0.012060,0.012060
14.000000,1.600000,1.500000,72.000000,0.000000,42.004177,-0.000122,32.000000,0.000000,0.000000,20.000000,0.000000,74.004177,-0.000122,2.004177,A,100,40,72.004177,-0.000122,72.004177,-0.000122,0.004179,0.004179
15.000000,1.700000,1.600000,74.000000,0.000000,42.041462,-0.022816,34.000000,0.000000,0.000000,20.000000,0.000000,76.041462,-0.022816,2.041590,A,100,40,74.041462,-0.022816,74.041462,-0.022816,0.047325,0.047325
16.000000,1.800000,1.700000,76.000000,0.000000,41.986367,0.028257,36.000000,0.000000,0.000000,20.000000,0.000000,77.986367,0.028257,1.986568,A,100,40,75.986367,0.028257,75.986367,0.028257,0.031374,0.031374
17.000000,1.900000,1.800000,78.000000,0.000000,42.020232,0.027561,38.000000,0.000000,0.000000,20.000000,0.000000,80.020232,0.027561,2.020420,A,100,40,78.020232,0.027561,78.020232,0.027561,0.034190,0.034190
18.000000,2.000000,1.900000,80.000000,0.000000,41.980134,-0.005562,40.000000,0.000000,0.000000,20.000000,0.000000,81.980134,-0.005562,1.980142,A,100,40,79.980134,-0.005562,79.980134,-0.005562,0.020629,0.020629
19.000000,2.100000,2.000000,82.000000,0.000000,41.971375,-0.018075,42.000000,0.000000,0.000000,20.000000,0.000000,83.971375,-0.018075,1.971458,A,100,40,81.971375,-0.018075,81.971375,-0.018075,0.033854,0.033854
20.000000,2.200000,2.100000,84.000000,0.000000,41.962034,0.001400,44.000000,0.000000,0.000000,20.000000,0.000000,85.962034,0.001400,1.962034,A,100,40,83.962034,0.001400,83.962034,0.001400,0.037992,0.037992
21.000000,2.300000,2.200000,86.000000,0.000000,41.983302,-0.006696,46.000000,0.000000,0.000000,20.000000,0.000000,87.983302,-0.006696,1.983313,A,100,40,85.983302,-0.006696,85.983302,-0.006696,0.017991,0.017991
22.000000,2.400000,2.300000,88.000000,0.000000,42.026086,0.043959,48.000000,0.000000,0.000000,20.000000,0.000000,90.026086,0.043959,2.026562,A,100,40,88.026086,0.043959,88.026086,0.043959,0.051116,0.051116
23.000000,2.500000,2.400000,90.000000,0.000000,42.021073,0.004999,50.000000,0.000000,0.000000,20.000000,0.000000,92.021073,0.004999,2.021079,A,100,40,90.021073,0.004999,90.021073,0.004999,0.021658,0.021658
24.000000,2.600000,2.500000,92.000000,0.000000,42.007347,-0.004992,52.000000,0.000000,0.000000,20.000000,0.000000,94.007347,-0.004992,2.007353,A,100,40,92.007347,-0.004992,92.007347,-0.004992,0.008883,0.008883
25.000000,2.700000,2.600000,94.000000,0.000000,41.966135,0.016444,54.000000,0.000000,0.000000,20.000000,0.000000,95.966135,0.016444,1.966204,A,100,40,93.966135,0.016444,93.966135,0.016444,0.037646,0.037646
26.000000,2.800000,2.700000,96.000000,0.000000,42.007261,0.004220,56.000000,0.000000,0.000000,20.000000,0.000000,98.007261,0.004220,2.007265,A,100,40,96.007261,0.004220,96.007261,0.004220,0.008398,0.008398
27.000000,2.900000,2.800000,98.000000,0.000000,41.988017,-0.000085,58.000000,0.000000,0.000000,20.000000,0.000000,99.988017,-0.000085,1.988017,A,100,40,97.988017,-0.000085,97.988017,-0.000085,0.011983,0.011983
28.000000,3.000000,2.900000,100.000000,0.000000,42.051046,-0.003614,60.000000,0.000000,0.000000,20.000000,0.000000,102.051046,-0.003614,2.051049,A,100,40,100.051046,-0.003614,100.051046,-0.003614,0.051174,0.051174
29.000000,3.100000,3.000000,102.000000,0.000000,41.990296,0.013616,62.000000,0.000000,0.000000,20.000000,0.000000,103.990296,0.013616,1.990342,A,100,40,101.990296,0.013616,101.990296,0.013616,0.016720,0.016720
30.000000,3.200000,3.100000,104.000000,0.000000,41.980111,0.017268,64.000000,0.000000,0.000000,20.000000,0.000000,105.980111,0.017268,1.980187,A,100,40,103.980111,0.017268,103.980111,0.017268,0.026339,0.026339
31.000000,3.300000,3.200000,106.000000,0.000000,41.986752,-0.014930,66.000000,0.000000,0.000000,20.000000,0.000000,107.986752,-0.014930,1.986808,A,100,40,105.986752,-0.014930,105.986752,-0.014930,0.019961,0.019961
32.000000,3.400000,3.300000,108.000000,0.000000,41.970704,-0.030736,68.000000,0.000000,0.000000,20.000000,0.000000,109.970704,-0.030736,1.970943,A,100,40,107.970704,-0.030736,107.970704,-0.030736,0.042462,0.042462
33.000000,3.500000,3.400000,110.000000,0.000000,41.984161,-0.015134,70.000000,0.000000,0.000000,20.000000,0.000000,111.984161,-0.015134,1.984219,A,100,40,109.984161,-0.015134,109.984161,-0.015134,0.021907,0.021907
34.000000,3.600000,3.500000,112.000000,0.000000,41.995378,0.034088,72.000000,0.000000,0.000000,20.000000,0.000000,113.995378,0.034088,1.995669,A,100,40,111.995378,0.034088,111.995378,0.034088,0.034400,0.034400
35.000000,3.700000,3.600000,114.000000,0.000000,41.968338,0.027084,74.000000,0.000000,0.000000,20.000000,0.000000,115.968338,0.027084,1.968524,A,100,40,113.968338,0.027084,113.968338,0.027084,0.041666,0.041666
36.000000,3.800000,3.700000,116.000000,0.000000,42.014856,0.002704,76.000000,0.000000,0.000000,20.000000,0.000000,118.014856,0.002704,2.014857,A,100,40,116.014856,0.002704,116.014856,0.002704,0.015100,0.015100
37.000000,3.900000,3.800000,118.000000,0.000000,41.980675,0.008304,78.000000,0.000000,0.000000,20.000000,0.000000,119.980675,0.008304,1.980693,A,100,40,117.980675,0.008304,117.980675,0.008304,0.021033,0.021033
38.000000,4.000000,3.900000,120.000000,0.000000,42.009389,-0.004622,80.000000,0.000000,0.000000,20.000000,0.000000,122.009389,-0.004622,2.009395,A,100,40,120.009389,-0.004622,120.009389,-0.004622,0.010466,0.010466
39.000000,4.100000,4.000000,122.000000,0.000000,42.010906,0.002228,82.000000,0.000000,0.000000,20.000000,0.000000,124.010906,0.002228,2.010908,A,100,40,122.010906,0.002228,122.010906,0.002228,0.011132,0.011132
40.000000,4.200000,4.100000,124.000000,0.000000,41.987228,-0.011992,84.000000,0.000000,0.000000,20.000000,0.000000,125.987228,-0.011992,1.987264,A,100,40,123.987228,-0.011992,123.987228,-0.011992,0.017520,0.017520
41.000000,4.300000,4.200000,126.000000,0.000000,42.026152,-0.006390,86.000000,0.000000,0.000000,20.000000,0.000000,128.026152,-0.006390,2.026162,A,100,40,126.026152,-0.006390,126.026152,-0.006390,0.026921,0.026921
42.000000,4.400000,4.300000,128.000000,0.000000,42.015736,-0.000471,88.000000,0.000000,0.000000,20.000000,0.000000,130.015736,-0.000471,2.015736,A,100,40,128.015736,-0.000471,128.015736,-0.000471,0.015743,0.015743
43.000000,4.500000,4.400000,130.000000,0.000000,42.008946,-0.015235,90.000000,0.000000,0.000000,20.000000,0.000000,132.008946,-0.015235,2.009004,A,100,40,130.008946,-0.015235,130.008946,-0.015235,0.017667,0.017667
44.000000,4.600000,4.500000,132.000000,0.000000,41.973819,-0.010928,92.000000,0.000000,0.000000,20.000000,0.000000,133.973819,-0.010928,1.973850,A,100,40,131.973819,-0.010928,131.973819,-0.010928,0.028370,0.028370
45.000000,4.700000,4.600000,134.000000,0.000000,42.020487,0.013262,94.000000,0.000000,0.000000,20.000000,0.000000,136.020487,0.013262,2.020530,A,100,40,134.020487,0.013262,134.020487,0.013262,0.024405,0.024405
46.000000,4.800000,4.700000,136.000000,0.000000,42.019886,0.005554,96.000000,0.000000,0.000000,20.000000,0.000000,138.019886,0.005554,2.019894,A,100,40,136.019886,0.005554,136.019886,0.005554,0.020647,0.020647
47.000000,4.900000,4.800000,138.000000,0.000000,42.008865,0.019785,98.000000,0.000000,0.000000,20.000000,0.000000,140.008865,0.019785,2.008962,A,100,40,138.008865,0.019785,138.008865,0.019785,0.021680,0.021680
48.000000,5.000000,4.900000,140.000000,0.000000,41.998775,0.028228,100.000000,0.000000,0.000000,20.000000,0.000000,141.998775,0.028228,1.998974,A,100,40,139.998775,0.028228,139.998775,0.028228,0.028255,0.028255
49.000000,5.100000,5.000000,142.000000,0.000000,41.971059,-0.019061,102.000000,0.000000,0.000000,20.000000,0.000000,143.971059,-0.019061,1.971151,A,100,40,141.971059,-0.019061,141.971059,-0.019061,0.034654,0.034654
50.000000,5.200000,5.100000,144.000000,0.000000,41.996001,-0.042467,104.000000,0.000000,0.000000,20.000000,0.000000,145.996001,-0.042467,1.996453,A,100,40,143.996001,-0.042467,143.996001,-0.042467,0.042655,0.042655
51.000000,5.300000,5.200000,146.000000,0.000000,42.030910,0.002357,106.000000,0.000000,0.000000,20.000000,0.000000,148.030910,0.002357,2.030911,A,100,40,146.030910,0.002357,146.030910,0.002357,0.030999,0.030999
52.000000,5.400000,5.300000,148.000000,0.000000,42.015731,-0.002579,108.000000,0.000000,0.000000,20.000000,0.000000,150.015731,-0.002579,2.015733,A,100,40,148.015731,-0.002579,148.015731,-0.002579,0.015941,0.015941
53.000000,5.500000,5.400000,150.000000,0.000000,41.976814,0.009087,110.000000,0.000000,0.000000,20.000000,0.000000,151.976814,0.009087,1.976835,A,100,40,149.976814,0.009087,149.976814,0.009087,0.024903,0.024903
54.000000,5.600000,5.500000,152.000000,0.000000,41.992996,0.007432,112.000000,0.000000,0.000000,20.000000,0.000000,153.992996,0.007432,1.993010,A,100,40,151.992996,0.007432,151.992996,0.007432,0.010212,0.010212
55.000000,5.700000,5.600000,154.000000,0.000000,42.007928,-0.033817,114.000000,0.000000,0.000000,20.000000,0.000000,156.007928,-0.033817,2.008213,A,100,40,154.007928,-0.033817,154.007928,-0.033817,0.034734,0.034734
56.000000,5.800000,5.700000,156.000000,0.000000,41.999765,0.027156,116.000000,0.000000,0.000000,20.000000,0.000000,157.999765,0.027156,1.999949,A,100,40,155.999765,0.027156,155.999765,0.027156,0.027157,0.027157
57.000000,5.900000,5.800000,158.000000,0.000000,41.992452,0.033805,118.000000,0.000000,0.000000,20.000000,0.000000,159.992452,0.033805,1.992738,A,100,40,157.992452,0.033805,157.992452,0.033805,0.034637,0.034637
58.000000,6.000000,5.900000,160.000000,0.000000,42.009006,-0.004583,120.000000,0.000000,0.000000,20.000000,0.000000,162.009006,-0.004583,2.009011,A,100,40,160.009006,-0.004583,160.009006,-0.004583,0.010105,0.010105
59.000000,6.100000,6.000000,162.000000,0.000000,41.984656,-0.011337,122.000000,0.000000,0.000000,20.000000,0.000000,163.984656,-0.011337,1.984689,A,100,40,161.984656,-0.011337,161.984656,-0.011337,0.019078,0.019078
60.000000,6.200000,6.100000,164.000000,0.000000,41.976722,-0.028713,124.000000,0.000000,0.000000,20.000000,0.000000,165.976722,-0.028713,1.976931,A,100,40,163.976722,-0.028713,163.976722,-0.028713,0.036963,0.036963
61.000000,6.300000,6.200000,166.000000,0.000000,41.980719,0.007008,126.000000,0.000000,0.000000,20.000000,0.000000,167.980719,0.007008,1.980732,A,100,40,165.980719,0.007008,165.980719,0.007008,0.020515,0.020515
62.000000,6.400000,6.300000,168.000000,0.000000,41.995431,-0.006585,128.000000,0.000000,0.000000,20.000000,0.000000,169.995431,-0.006585,1.995442,A,100,40,167.995431,-0.006585,167.995431,-0.006585,0.008015,0.008015
63.000000,6.500000,6.400000,170.000000,0.000000,41.967255,-0.027680,130.000000,0.000000,0.000000,20.000000,0.000000,171.967255,-0.027680,1.967449,A,100,40,169.967255,-0.027680,169.967255,-0.027680,0.042877,0.042877
64.000000,6.600000,6.500000,172.000000,0.000000,41.983516,0.008702,132.000000,0.000000,0.000000,20.000000,0.000000,173.983516,0.008702,1.983535,A,100,40,171.983516,0.008702,171.983516,0.008702,0.018640,0.018640
65.000000,6.700000,6.600000,174.000000,0.000000,42.024093,-0.009332,134.000000,0.000000,0.000000,20.000000,0.000000,176.024093,-0.009332,2.024115,A,100,40,174.024093,-0.009332,174.024093,-0.009332,0.025838,0.025838
66.000000,6.800000,6.700000,176.000000,0.000000,41.991688,-0.008873,136.000000,0.000000,0.000000,20.000000,0.000000,177.991688,-0.008873,1.991707,A,100,40,175.991688,-0.008873,175.991688,-0.008873,0.012158,0.012158
67.000000,6.900000,6.800000,178.000000,0.000000,41.997566,-0.000221,138.000000,0.000000,0.000000,20.000000,0.000000,179.997566,-0.000221,1.997566,A,100,40,177.997566,-0.000221,177.997566,-0.000221,0.002444,0.002444
68.000000,7.000000,6.900000,180.000000,0.000000,41.972147,0.018173,140.000000,0.000000,0.000000,20.000000,0.000000,181.972147,0.018173,1.972231,A,100,40,179.972147,0.018173,179.972147,0.018173,0.033257,0.033257
69.000000,7.100000,7.000000,182.000000,0.000000,42.000056,0.015220,142.000000,0.000000,0.000000,20.000000,0.000000,184.000056,0.015220,2.000114,A,100,40,182.000056,0.015220,182.000056,0.015220,0.015220,0.015220
70.000000,7.200000,7.100000,184.000000,0.000000,41.999259,-0.000714,144.000000,0.000000,0.000000,20.000000,0.000000,185.999259,-0.000714,1.999259,A,100,40,183.999259,-0.000714,183.999259,-0.000714,0.001029,0.001029
71.000000,7.300000,7.200000,186.000000,0.000000,42.009311,-0.010574,146.000000,0.000000,0.000000,20.000000,0.000000,188.009311,-0.010574,2.009339,A,100,40,186.009311,-0.010574,186.009311,-0.010574,0.014089,0.014089
72.000000,7.400000,7.300000,188.000000,0.000000,41.972334,-0.039499,148.000000,0.000000,0.000000,20.000000,0.000000,189.972334,-0.039499,1.972730,A,100,40,187.972334,-0.039499,187.972334,-0.039499,0.048224,0.048224
73.000000,7.500000,7.400000,190.000000,0.000000,42.026962,0.032358,150.000000,0.000000,0.000000,20.000000,0.000000,192.026962,0.032358,2.027220,A,100,40,190.026962,0.032358,190.026962,0.032358,0.042118,0.042118
74.000000,7.600000,7.500000,192.000000,0.000000,41.987541,0.001115,152.000000,0.000000,0.000000,20.000000,0.000000,193.987541,0.001115,1.987542,A,100,40,191.987541,0.001115,191.987541,0.001115,0.012508,0.012508
75.000000,7.700000,7.600000,194.000000,0.000000,41.987087,-0.019757,154.000000,0.000000,0.000000,20.000000,0.000000,195.987087,-0.019757,1.987185,A,100,40,193.987087,-0.019757,193.987087,-0.019757,0.023603,0.023603
76.000000,7.800000,7.700000,196.000000,0.000000,41.969908,-0.007182,156.000000,0.000000,0.000000,20.000000,0.000000,197.969908,-0.007182,1.969922,A,100,40,195.969908,-0.007182,195.969908,-0.007182,0.030937,0.030937
77.000000,7.900000,7.800000,198.000000,0.000000,42.036007,0.016618,158.000000,0.000000,0.000000,20.000000,0.000000,200.036007,0.016618,2.036075,A,100,40,198.036007,0.016618,198.036007,0.016618,0.039656,0.039656
78.000000,8.000000,7.900000,200.000000,0.000000,41.989648,-0.022244,160.000000,0.000000,0.000000,20.000000,0.000000,201.989648,-0.022244,1.989773,A,100,40,199.989648,-0.022244,199.989648,-0.022244,0.024535,0.024535
79.000000,8.100000,8.000000,202.000000,0.000000,42.011108,-0.029976,162.000000,0.000000,0.000000,20.000000,0.000000,204.011108,-0.029976,2.011332,A,100,40,202.011108,-0.029976,202.011108,-0.029976,0.031968,0.031968
80.000000,8.200000,8.100000,204.000000,0.000000,41.976905,-0.004681,164.000000,0.000000,0.000000,20.000000,0.000000,205.976905,-0.004681,1.976911,A,100,40,203.976905,-0.004681,203.976905,-0.004681,0.023564,0.023564
81.000000,8.300000,8.200000,206.000000,0.000000,42.006124,-0.005195,166.000000,0.000000,0.000000,20.000000,0.000000,208.006124,-0.005195,2.006130,A,100,40,206.006124,-0.005195,206.006124,-0.005195,0.008030,0.008030
82.000000,8.400000,8.300000,208.000000,0.000000,42.029183,-0.008357,168.000000,0.000000,0.000000,20.000000,0.000000,210.029183,-0.008357,2.029200,A,100,40,208.029183,-0.008357,208.029183,-0.008357,0.030356,0.030356
83.000000,8.500000,8.400000,210.000000,0.000000,41.989675,0.014766,170.000000,0.000000,0.000000,20.000000,0.000000,211.989675,0.014766,1.989730,A,100,40,209.989675,0.014766,209.989675,0.014766,0.018018,0.018018
84.000000,8.600000,8.500000,212.000000,0.000000,42.019536,0.016673,172.000000,0.000000,0.000000,20.000000,0.000000,214.019536,0.016673,2.019605,A,100,40,212.019536,0.016673,212.019536,0.016673,0.025684,0.025684
85.000000,8.700000,8.600000,214.000000,0.000000,42.037920,0.004885,174.000000,0.000000,0.000000,20.000000,0.000000,216.037920,0.004885,2.037926,A,100,40,214.037920,0.004885,214.037920,0.004885,0.038233,0.038233
86.000000,8.800000,8.700000,216.000000,0.000000,41.981004,-0.036560,176.000000,0.000000,0.000000,20.000000,0.000000,217.981004,-0.036560,1.981341,A,100,40,215.981004,-0.036560,215.981004,-0.036560,0.041200,0.041200
87.000000,8.900000,8.800000,218.000000,0.000000,42.003465,-0.017125,178.000000,0.000000,0.000000,20.000000,0.000000,220.003465,-0.017125,2.003538,A,100,40,218.003465,-0.017125,218.003465,-0.017125,0.017472,0.017472
88.000000,9.000000,8.900000,220.000000,0.000000,42.002305,-0.002574,180.000000,0.000000,0.000000,20.000000,0.000000,222.002305,-0.002574,2.002306,A,100,40,220.002305,-0.002574,220.002305,-0.002574,0.003455,0.003455
89.000000,9.100000,9.000000,222.000000,0.000000,41.980078,-0.026023,182.000000,0.000000,0.000000,20.000000,0.000000,223.980078,-0.026023,1.980249,A,100,40,221.980078,-0.026023,221.980078,-0.026023,0.032773,0.032773
90.000000,9.200000,9.100000,224.000000,0.000000,42.019141,0.020057,184.000000,0.000000,0.000000,20.000000,0.000000,226.019141,0.020057,2.019241,A,100,40,224.019141,0.020057,224.019141,0.020057,0.027725,0.027725
91.000000,9.300000,9.200000,226.000000,0.000000,42.012135,-0.002789,186.000000,0.000000,0.000000,20.000000,0.000000,228.012135,-0.002789,2.012137,A,100,40,226.012135,-0.002789,226.012135,-0.002789,0.012452,0.012452
92.000000,9.400000,9.300000,228.000000,0.000000,42.015021,0.004519,188.000000,0.000000,0.000000,20.000000,0.000000,230.015021,0.004519,2.015026,A,100,40,228.015021,0.004519,228.015021,0.004519,0.015686,0.015686
93.000000,9.500000,9.400000,230.000000,0.000000,41.988720,0.000009,190.000000,0.000000,0.000000,20.000000,0.000000,231.988720,0.000009,1.988720,A,100,40,229.988720,0.000009,229.988720,0.000009,0.011280,0.011280
94.000000,9.600000,9.500000,232.000000,0.000000,42.019971,-0.019283,192.000000,0.000000,0.000000,20.000000,0.000000,234.019971,-0.019283,2.020063,A,100,40,232.019971,-0.019283,232.019971,-0.019283,0.027760,0.027760
95.000000,9.700000,9.600000,234.000000,0.000000,41.993015,0.004641,194.000000,0.000000,0.000000,20.000000,0.000000,235.993015,0.004641,1.993020,A,100,40,233.993015,0.004641,233.993015,0.004641,0.008387,0.008387
96.000000,9.800000,9.700000,236.000000,0.000000,41.998261,0.020248,196.000000,0.000000,0.000000,20.000000,0.000000,237.998261,0.020248,1.998364,A,100,40,235.998261,0.020248,235.998261,0.020248,0.020322,0.020322
97.000000,9.900000,9.800000,238.000000,0.000000,42.000268,0.007979,198.000000,0.000000,0.000000,20.000000,0.000000,240.000268,0.007979,2.000284,A,100,40,238.000268,0.007979,238.000268,0.007979,0.007984,0.007984
98.000000,10.000000,9.900000,240.000000,0.000000,42.009001,-0.017284,200.000000,0.000000,0.000000,20.000000,0.000000,242.009001,-0.017284,2.009075,A,100,40,240.009001,-0.017284,240.009001,-0.017284,0.019487,0.019487
99.000000,10.100000,10.000000,242.000000,0.000000,42.008180,-0.012980,202.000000,0.000000,0.000000,20.000000,0.000000,244.008180,-0.012980,2.008222,A,100,40,242.008180,-0.012980,242.008180,-0.012980,0.015343,0.015343
0.000000,0.200000,0.050000,14.000000,0.000000,13.023249,-0.015448,4.000000,0.000000,0.000000,20.000000,0.000000,17.023249,-0.015448,3.023289,A,150,10,14.023249,-0.015448,14.023249,-0.015448,0.027913,0.027913
1.000000,0.300000,0.150000,16.000000,0.000000,12.975705,-0.014387,6.000000,0.000000,0.000000,20.000000,0.000000,18.975705,-0.014387,2.975739,A,150,10,15.975705,-0.014387,15.975705,-0.014387,0.028236,0.028236
2.000000,0.400000,0.250000,18.000000,0.000000,12.980199,-0.007187,8.000000,0.000000,0.000000,20.000000,0.000000,20.980199,-0.007187,2.980208,A,150,10,17.980199,-0.007187,17.980199,-0.007187,0.021065,0.021065
3.000000,0.500000,0.350000,20.000000,0.000000,12.997921,0.013654,10.000000,0.000000,0.000000,20.000000,0.000000,22.997921,0.013654,2.997952,A,150,10,19.997921,0.013654,19.997921,0.013654,0.013812,0.013812
4.000000,0.600000,0.450000,22.000000,0.000000,13.015219,-0.012669,12.000000,0.000000,0.000000,20.000000,0.000000,25.015219,-0.012669,3.015245,A,150,10,22.015219,-0.012669,22.015219,-0.012669,0.019802,0.019802
5.000000,0.700000,0.550000,24.000000,0.000000,13.016910,0.009001,14.000000,0.000000,0.000000,20.000000,0.000000,27.016910,0.009001,3.016924,A,150,10,24.016910,0.009001,24.016910,0.009001,0.019157,0.019157
6.000000,0.800000,0.650000,26.000000,0.000000,13.017059,0.001473,16.000000,0.000000,0.000000,20.000000,0.000000,29.017059,0.001473,3.017059,A,150,10,26.017059,0.001473,26.017059,0.001473,0.017122,0.017122
7.000000,0.900000,0.750000,28.000000,0.000000,12.992973,-0.029457,18.000000,0.000000,0.000000,20.000000,0.000000,30.992973,-0.029457,2.993117,A,150,10,27.992973,-0.029457,27.992973,-0.029457,0.030284,0.030284
8.000000,1.000000,0.850000,30.000000,0.000000,12.992554,0.002273,20.000000,0.000000,0.000000,20.000000,0.000000,32.992554,0.002273,2.992555,A,150,10,29.992554,0.002273,29.992554,0.002273,0.007785,0.007785
9.000000,1.100000,0.950000,32.000000,0.000000,13.007592,0.023911,22.000000,0.000000,0.000000,20.000000,0.000000,35.007592,0.023911,3.007687,A,150,10,32.007592,0.023911,32.007592,0.023911,0.025088,0.025088
10.000000,1.200000,1.050000,34.000000,0.000000,12.997334,-0.016220,24.000000,0.000000,0.000000,20.000000,0.000000,36.997334,-0.016220,2.997378,A,150,10,33.997334,-0.016220,33.997334,-0.016220,0.016437,0.016437
11.000000,1.300000,1.150000,36.000000,0.000000,12.983487,-0.013607,26.000000,0.000000,0.000000,20.000000,0.000000,38.983487,-0.013607,2.983518,A,150,10,35.983487,-0.013607,35.983487,-0.013607,0.021397,0.021397
12.000000,1.400000,1.250000,38.000000,0.000000,13.026714,-0.003999,28.000000,0.000000,0.000000,20.000000,0.000000,41.026714,-0.003999,3.026716,A,150,10,38.026714,-0.003999,38.026714,-0.003999,0.027011,0.027011
13.000000,1.500000,1.350000,40.000000,0.000000,13.007434,0.006987,30.000000,0.000000,0.000000,20.000000,0.000000,43.007434,0.006987,3.007443,A,150,10,40.007434,0.006987,40.007434,0.006987,0.010202,0.010202
14.000000,1.600000,1.450000,42.000000,0.000000,12.970248,0.012955,32.000000,0.000000,0.000000,20.000000,0.000000,44.970248,0.012955,2.970276,A,150,10,41.970248,0.012955,41.970248,0.012955,0.032450,0.032450
15.000000,1.700000,1.550000,44.000000,0.000000,13.002583,-0.023406,34.000000,0.000000,0.000000,20.000000,0.000000,47.002583,-0.023406,3.002674,A,150,10,44.002583,-0.023406,44.002583,-0.023406,0.023548,0.023548
16.000000,1.800000,1.650000,46.000000,0.000000,13.009118,0.019295,36.000000,0.000000,0.000000,20.000000,0.000000,49.009118,0.019295,3.009180,A,150,10,46.009118,0.019295,46.009118,0.019295,0.021341,0.021341
17.000000,1.900000,1.750000,48.000000,0.000000,13.010221,-0.011218,38.000000,0.000000,0.000000,20.000000,0.000000,51.010221,-0.011218,3.010242,A,150,10,48.010221,-0.011218,48.010221,-0.011218,0.015176,0.015176
18.000000,2.000000,1.850000,50.000000,0.000000,13.020593,0.016295,40.000000,0.000000,0.000000,20.000000,0.000000,53.020593,0.016295,3.020637,A,150,10,50.020593,0.016295,50.020593,0.016295,0.026260,0.026260
19.000000,2.100000,1.950000,52.000000,0.000000,13.026604,-0.016983,42.000000,0.000000,0.000000,20.000000,0.000000,55.026604,-0.016983,3.026651,A,150,10,52.026604,-0.016983,52.026604,-0.016983,0.031562,0.031562
20.000000,2.200000,2.050000,54.000000,0.000000,13.004967,-0.001139,44.000000,0.000000,0.000000,20.000000,0.000000,57.004967,-0.001139,3.004967,A,150,10,54.004967,-0.001139,54.004967,-0.001139,0.005096,0.005096
21.000000,2.300000,2.150000,56.000000,0.000000,12.971261,-0.013473,46.000000,0.000000,0.000000,20.000000,0.000000,58.971261,-0.013473,2.971292,A,150,10,55.971261,-0.013473,55.971261,-0.013473,0.031740,0.031740
22.000000,2.400000,2.250000,58.000000,0.000000,12.952942,-0.030416,48.000000,0.000000,0.000000,20.000000,0.000000,60.952942,-0.030416,2.953098,A,150,10,57.952942,-0.030416,57.952942,-0.030416,0.056032,0.056032
23.000000,2.500000,2.350000,60.000000,0.000000,12.993499,-0.016292,50.000000,0.000000,0.000000,20.000000,0.000000,62.993499,-0.016292,2.993544,A,150,10,59.993499,-0.016292,59.993499,-0.016292,0.017541,0.017541
24.000000,2.600000,2.450000,62.000000,0.000000,13.028588,-0.041393,52.000000,0.000000,0.000000,20.000000,0.000000,65.028588,-0.041393,3.028871,A,150,10,62.028588,-0.041393,62.028588,-0.041393,0.050305,0.050305
25.000000,2.700000,2.550000,64.000000,0.000000,12.978118,-0.012952,54.000000,0.000000,0.000000,20.000000,0.000000,66.978118,-0.012952,2.978146,A,150,10,63.978118,-0.012952,63.978118,-0.012952,0.025428,0.025428
26.000000,2.800000,2.650000,66.000000,0.000000,12.983671,0.042324,56.000000,0.000000,0.000000,20.000000,0.000000,68.983671,0.042324,2.983971,A,150,10,65.983671,0.042324,65.983671,0.042324,0.045365,0.045365
27.000000,2.900000,2.750000,68.000000,0.000000,12.995451,-0.036209,58.000000,0.000000,0.000000,20.000000,0.000000,70.995451,-0.036209,2.995670,A,150,10,67.995451,-0.036209,67.995451,-0.036209,0.036493,0.036493
28.000000,3.000000,2.850000,70.000000,0.000000,12.965663,0.017326,60.000000,0.000000,0.000000,20.000000,0.000000,72.965663,0.017326,2.965714,A,150,10,69.965663,0.017326,69.965663,0.017326,0.038460,0.038460
29.000000,3.100000,2.950000,72.000000,0.000000,13.016341,-0.020552,62.000000,0.000000,0.000000,20.000000,0.000000,75.016341,-0.020552,3.016411,A,150,10,72.016341,-0.020552,72.016341,-0.020552,0.026256,0.026256
30.000000,3.200000,3.050000,74.000000,0.000000,13.015998,-0.010991,64.000000,0.000000,0.000000,20.000000,0.000000,77.015998,-0.010991,3.016018,A,150,10,74.015998,-0.010991,74.015998,-0.010991,0.019409,0.019409
31.000000,3.300000,3.150000,76.000000,0.000000,12.981191,0.027589,66.000000,0.000000,0.000000,20.000000,0.000000,78.981191,0.027589,2.981319,A,150,10,75.981191,0.027589,75.981191,0.027589,0.033391,0.033391
32.000000,3.400000,3.250000,78.000000,0.000000,12.989635,0.055298,68.000000,0.000000,0.000000,20.000000,0.000000,80.989635,0.055298,2.990147,A,150,10,77.989635,0.055298,77.989635,0.055298,0.056261,0.056261
33.000000,3.500000,3.350000,80.000000,0.000000,12.981156,-0.023798,70.000000,0.000000,0.000000,20.000000,0.000000,82.981156,-0.023798,2.981251,A,150,10,79.981156,-0.023798,79.981156,-0.023798,0.030356,0.030356
34.000000,3.600000,3.450000,82.000000,0.000000,13.003907,-0.006957,72.000000,0.000000,0.000000,20.000000,0.000000,85.003907,-0.006957,3.003915,A,150,10,82.003907,-0.006957,82.003907,-0.006957,0.007979,0.007979
35.000000,3.700000,3.550000,84.000000,0.000000,12.956349,-0.014720,74.000000,0.000000,0.000000,20.000000,0.000000,86.956349,-0.014720,2.956386,A,150,10,83.956349,-0.014720,83.956349,-0.014720,0.046066,0.046066
36.000000,3.800000,3.650000,86.000000,0.000000,13.017104,0.001833,76.000000,0.000000,0.000000,20.000000,0.000000,89.017104,0.001833,3.017104,A,150,10,86.017104,0.001833,86.017104,0.001833,0.017202,0.017202
37.000000,3.900000,3.750000,88.000000,0.000000,13.010638,0.027831,78.000000,0.000000,0.000000,20.000000,0.000000,91.010638,0.027831,3.010767,A,150,10,88.010638,0.027831,88.010638,0.027831,0.029795,0.029795
38.000000,4.000000,3.850000,90.000000,0.000000,13.001975,0.020221,80.000000,0.000000,0.000000,20.000000,0.000000,93.001975,0.020221,3.002043,A,150,10,90.001975,0.020221,90.001975,0.020221,0.020318,0.020318
39.000000,4.100000,3.950000,92.000000,0.000000,12.968385,0.021986,82.000000,0.000000,0.000000,20.000000,0.000000,94.968385,0.021986,2.968467,A,150,10,91.968385,0.021986,91.968385,0.021986,0.038508,0.038508
40.000000,4.200000,4.050000,94.000000,0.000000,13.022317,0.031434,84.000000,0.000000,0.000000,20.000000,0.000000,97.022317,0.031434,3.022481,A,150,10,94.022317,0.031434,94.022317,0.031434,0.038551,0.038551
41.000000,4.300000,4.150000,96.000000,0.000000,12.962386,-0.031618,86.000000,0.000000,0.000000,20.000000,0.000000,98.962386,-0.031618,2.962555,A,150,10,95.962386,-0.031618,95.962386,-0.031618,0.049138,0.049138
42.000000,4.400000,4.250000,98.000000,0.000000,12.985985,0.032613,88.000000,0.000000,0.000000,20.000000,0.000000,100.985985,0.032613,2.986163,A,150,10,97.985985,0.032613,97.985985,0.032613,0.035497,0.035497
43.000000,4.500000,4.350000,100.000000,0.000000,12.986552,0.034271,90.000000,0.000000,0.000000,20.000000,0.000000,102.986552,0.034271,2.986749,A,150,10,99.986552,0.034271,99.986552,0.034271,0.036815,0.036815
44.000000,4.600000,4.450000,102.000000,0.000000,12.992878,-0.019508,92.000000,0.000000,0.000000,20.000000,0.000000,104.992878,-0.019508,2.992942,A,150,10,101.992878,-0.019508,101.992878,-0.019508,0.020767,0.020767
45.000000,4.700000,4.550000,104.000000,0.000000,12.984743,0.020183,94.000000,0.000000,0.000000,20.000000,0.000000,106.984743,0.020183,2.984811,A,150,10,103.984743,0.020183,103.984743,0.020183,0.025301,0.025301
46.000000,4.800000,4.650000,106.000000,0.000000,12.993510,-0.008479,96.000000,0.000000,0.000000,20.000000,0.000000,108.993510,-0.008479,2.993522,A,150,10,105.993510,-0.008479,105.993510,-0.008479,0.010677,0.010677
47.000000,4.900000,4.750000,108.000000,0.000000,13.000958,0.004893,98.000000,0.000000,0.000000,20.000000,0.000000,111.000958,0.004893,3.000962,A,150,10,108.000958,0.004893,108.000958,0.004893,0.004986,0.004986
48.000000,5.000000,4.850000,110.000000,0.000000,13.017071,-0.025357,100.000000,0.000000,0.000000,20.000000,0.000000,113.017071,-0.025357,3.017178,A,150,10,110.017071,-0.025357,110.017071,-0.025357,0.030568,0.030568
49.000000,5.100000,4.950000,112.000000,0.000000,12.957728,0.000674,102.000000,0.000000,0.000000,20.000000,0.000000,114.957728,0.000674,2.957728,A,150,10,111.957728,0.000674,111.957728,0.000674,0.042277,0.042277
50.000000,5.200000,5.050000,114.000000,0.000000,13.002342,0.018771,104.000000,0.000000,0.000000,20.000000,0.000000,117.002342,0.018771,3.002400,A,150,10,114.002342,0.018771,114.002342,0.018771,0.018916,0.018916
51.000000,5.300000,5.150000,116.000000,0.000000,12.998963,0.000130,106.000000,0.000000,0.000000,20.000000,0.000000,118.998963,0.000130,2.998963,A,150,10,115.998963,0.000130,115.998963,0.000130,0.001045,0.001045
52.000000,5.400000,5.250000,118.000000,0.000000,13.022524,0.002140,108.000000,0.000000,0.000000,20.000000,0.000000,121.022524,0.002140,3.022524,A,150,10,118.022524,0.002140,118.022524,0.002140,0.022625,0.022625
53.000000,5.500000,5.350000,120.000000,0.000000,13.005239,0.009125,110.000000,0.000000,0.000000,20.000000,0.000000,123.005239,0.009125,3.005253,A,150,10,120.005239,0.009125,120.005239,0.009125,0.010522,0.010522
54.000000,5.600000,5.450000,122.000000,0.000000,13.025770,0.025005,112.000000,0.000000,0.000000,20.000000,0.000000,125.025770,0.025005,3.025874,A,150,10,122.025770,0.025005,122.025770,0.025005,0.035908,0.035908
55.000000,5.700000,5.550000,124.000000,0.000000,13.021464,0.014449,114.000000,0.000000,0.000000,20.000000,0.000000,127.021464,0.014449,3.021499,A,150,10,124.021464,0.014449,124.021464,0.014449,0.025875,0.025875
56.000000,5.800000,5.650000,126.000000,0.000000,13.019269,0.020639,116.000000,0.000000,0.000000,20.000000,0.000000,129.019269,0.020639,3.019340,A,150,10,126.019269,0.020639,126.019269,0.020639,0.028236,0.028236
57.000000,5.900000,5.750000,128.000000,0.000000,13.007824,-0.005162,118.000000,0.000000,0.000000,20.000000,0.000000,131.007824,-0.005162,3.007829,A,150,10,128.007824,-0.005162,128.007824,-0.005162,0.009374,0.009374
58.000000,6.000000,5.850000,130.000000,0.000000,13.001530,-0.041783,120.000000,0.000000,0.000000,20.000000,0.000000,133.001530,-0.041783,3.001821,A,150,10,130.001530,-0.041783,130.001530,-0.041783,0.041811,0.041811
59.000000,6.100000,5.950000,132.000000,0.000000,13.022143,0.071419,122.000000,0.000000,0.000000,20.000000,0.000000,135.022143,0.071419,3.022986,A,150,10,132.022143,0.071419,132.022143,0.071419,0.074773,0.074773
60.000000,6.200000,6.050000,134.000000,0.000000,12.991547,0.042700,124.000000,0.000000,0.000000,20.000000,0.000000,136.991547,0.042700,2.991852,A,150,10,133.991547,0.042700,133.991547,0.042700,0.043529,0.043529
61.000000,6.300000,6.150000,136.000000,0.000000,12.970932,-0.013291,126.000000,0.000000,0.000000,20.000000,0.000000,138.970932,-0.013291,2.970961,A,150,10,135.970932,-0.013291,135.970932,-0.013291,0.031963,0.031963
62.000000,6.400000,6.250000,138.000000,0.000000,13.018295,-0.008961,128.000000,0.000000,0.000000,20.000000,0.000000,141.018295,-0.008961,3.018308,A,150,10,138.018295,-0.008961,138.018295,-0.008961,0.020371,0.020371
63.000000,6.500000,6.350000,140.000000,0.000000,12.980359,0.001801,130.000000,0.000000,0.000000,20.000000,0.000000,142.980359,0.001801,2.980360,A,150,10,139.980359,0.001801,139.980359,0.001801,0.019723,0.019723
64.000000,6.600000,6.450000,142.000000,0.000000,13.025096,0.000012,132.000000,0.000000,0.000000,20.000000,0.000000,145.025096,0.000012,3.025096,A,150,10,142.025096,0.000012,142.025096,0.000012,0.025096,0.025096
65.000000,6.700000,6.550000,144.000000,0.000000,12.982715,-0.026828,134.000000,0.000000,0.000000,20.000000,0.000000,146.982715,-0.026828,2.982836,A,150,10,143.982715,-0.026828,143.982715,-0.026828,0.031914,0.031914
66.000000,6.800000,6.650000,146.000000,0.000000,12.993652,-0.002044,136.000000,0.000000,0.000000,20.000000,0.000000,148.993652,-0.002044,2.993653,A,150,10,145.993652,-0.002044,145.993652,-0.002044,0.006669,0.006669
67.000000,6.900000,6.750000,148.000000,0.000000,12.964746,-0.003284,138.000000,0.000000,0.000000,20.000000,0.000000,150.964746,-0.003284,2.964748,A,150,10,147.964746,-0.003284,147.964746,-0.003284,0.035406,0.035406
68.000000,7.000000,6.850000,150.000000,0.000000,12.989644,0.018501,140.000000,0.000000,0.000000,20.000000,0.000000,152.989644,0.018501,2.989702,A,150,10,149.989644,0.018501,149.989644,0.018501,0.021202,0.021202
69.000000,7.100000,6.950000,152.000000,0.000000,13.005922,0.007805,142.000000,0.000000,0.000000,20.000000,0.000000,155.005922,0.007805,3.005932,A,150,10,152.005922,0.007805,152.005922,0.007805,0.009797,0.009797
70.000000,7.200000,7.050000,154.000000,0.000000,12.963390,0.004274,144.000000,0.000000,0.000000,20.000000,0.000000,156.963390,0.004274,2.963394,A,150,10,153.963390,0.004274,153.963390,0.004274,0.036858,0.036858
71.000000,7.300000,7.150000,156.000000,0.000000,12.984947,-0.004146,146.000000,0.000000,0.000000,20.000000,0.000000,158.984947,-0.004146,2.984950,A,150,10,155.984947,-0.004146,155.984947,-0.004146,0.015614,0.015614
72.000000,7.400000,7.250000,158.000000,0.000000,13.022312,0.014355,148.000000,0.000000,0.000000,20.000000,0.000000,161.022312,0.014355,3.022346,A,150,10,158.022312,0.014355,158.022312,0.014355,0.026531,0.026531
73.000000,7.500000,7.350000,160.000000,0.000000,13.009691,-0.025705,150.000000,0.000000,0.000000,20.000000,0.000000,163.009691,-0.025705,3.009801,A,150,10,160.009691,-0.025705,160.009691,-0.025705,0.027471,0.027471
74.000000,7.600000,7.450000,162.000000,0.000000,13.030927,0.018528,152.000000,0.000000,0.000000,20.000000,0.000000,165.030927,0.018528,3.030984,A,150,10,162.030927,0.018528,162.030927,0.018528,0.036053,0.036053
75.000000,7.700000,7.550000,164.000000,0.000000,13.021253,0.010178,154.000000,0.000000,0.000000,20.000000,0.000000,167.021253,0.010178,3.021270,A,150,10,164.021253,0.010178,164.021253,0.010178,0.023565,0.023565
76.000000,7.800000,7.650000,166.000000,0.000000,12.953667,-0.031443,156.000000,0.000000,0.000000,20.000000,0.000000,168.953667,-0.031443,2.953834,A,150,10,165.953667,-0.031443,165.953667,-0.031443,0.055995,0.055995
77.000000,7.900000,7.750000,168.000000,0.000000,13.008774,0.020167,158.000000,0.000000,0.000000,20.000000,0.000000,171.008774,0.020167,3.008841,A,150,10,168.008774,0.020167,168.008774,0.020167,0.021993,0.021993
78.000000,8.000000,7.850000,170.000000,0.000000,12.969319,0.035837,160.000000,0.000000,0.000000,20.000000,0.000000,172.969319,0.035837,2.969535,A,150,10,169.969319,0.035837,169.969319,0.035837,0.047177,0.047177
79.000000,8.100000,7.950000,172.000000,0.000000,13.002701,-0.006067,162.000000,0.000000,0.000000,20.000000,0.000000,175.002701,-0.006067,3.002708,A,150,10,172.002701,-0.006067,172.002701,-0.006067,0.006641,0.006641
80.000000,8.200000,8.050000,174.000000,0.000000,12.965936,-0.002211,164.000000,0.000000,0.000000,20.000000,0.000000,176.965936,-0.002211,2.965937,A,150,10,173.965936,-0.002211,173.965936,-0.002211,0.034136,0.034136
81.000000,8.300000,8.150000,176.000000,0.000000,12.983357,-0.024436,166.000000,0.000000,0.000000,20.000000,0.000000,178.983357,-0.024436,2.983457,A,150,10,175.983357,-0.024436,175.983357,-0.024436,0.029565,0.029565
82.000000,8.400000,8.250000,178.000000,0.000000,12.982093,0.004440,168.000000,0.000000,0.000000,20.000000,0.000000,180.982093,0.004440,2.982097,A,150,10,177.982093,0.004440,177.982093,0.004440,0.018449,0.018449
83.000000,8.500000,8.350000,180.000000,0.000000,13.002306,-0.001058,170.000000,0.000000,0.000000,20.000000,0.000000,183.002306,-0.001058,3.002306,A,150,10,180.002306,-0.001058,180.002306,-0.001058,0.002537,0.002537
84.000000,8.600000,8.450000,182.000000,0.000000,12.991700,-0.007908,172.000000,0.000000,0.000000,20.000000,0.000000,184.991700,-0.007908,2.991710,A,150,10,181.991700,-0.007908,181.991700,-0.007908,0.011465,0.011465
85.000000,8.700000,8.550000,184.000000,0.000000,13.052536,0.007502,174.000000,0.000000,0.000000,20.000000,0.000000,187.052536,0.007502,3.052545,A,150,10,184.052536,0.007502,184.052536,0.007502,0.053069,0.053069
86.000000,8.800000,8.650000,186.000000,0.000000,13.009005,-0.004058,176.000000,0.000000,0.000000,20.000000,0.000000,189.009005,-0.004058,3.009008,A,150,10,186.009005,-0.004058,186.009005,-0.004058,0.009877,0.009877
87.000000,8.900000,8.750000,188.000000,0.000000,13.003019,-0.004995,178.000000,0.000000,0.000000,20.000000,0.000000,191.003019,-0.004995,3.003023,A,150,10,188.003019,-0.004995,188.003019,-0.004995,0.005836,0.005836
88.000000,9.000000,8.850000,190.000000,0.000000,13.018534,-0.003746,180.000000,0.000000,0.000000,20.000000,0.000000,193.018534,-0.003746,3.018536,A,150,10,190.018534,-0.003746,190.018534,-0.003746,0.018908,0.018908
89.000000,9.100000,8.950000,192.000000,0.000000,13.023170,-0.011703,182.000000,0.000000,0.000000,20.000000,0.000000,195.023170,-0.011703,3.023193,A,150,10,192.023170,-0.011703,192.023170,-0.011703,0.025958,0.025958
90.000000,9.200000,9.050000,194.000000,0.000000,12.988180,-0.015667,184.000000,0.000000,0.000000,20.000000,0.000000,196.988180,-0.015667,2.988221,A,150,10,193.988180,-0.015667,193.988180,-0.015667,0.019626,0.019626
91.000000,9.300000,9.150000,196.000000,0.000000,12.981061,-0.000398,186.000000,0.000000,0.000000,20.000000,0.000000,198.981061,-0.000398,2.981061,A,150,10,195.981061,-0.000398,195.981061,-0.000398,0.018943,0.018943
92.000000,9.400000,9.250000,198.000000,0.000000,12.974797,0.010831,188.000000,0.000000,0.000000,20.000000,0.000000,200.974797,0.010831,2.974817,A,150,10,197.974797,0.010831,197.974797,0.010831,0.027431,0.027431
93.000000,9.500000,9.350000,200.000000,0.000000,13.028854,0.018511,190.000000,0.000000,0.000000,20.000000,0.000000,203.028854,0.018511,3.028911,A,150,10,200.028854,0.018511,200.028854,0.018511,0.034282,0.034282
94.000000,9.600000,9.450000,202.000000,0.000000,12.997374,0.002035,192.000000,0.000000,0.000000,20.000000,0.000000,204.997374,0.002035,2.997375,A,150,10,201.997374,0.002035,201.997374,0.002035,0.003322,0.003322
95.000000,9.700000,9.550000,204.000000,0.000000,13.047146,0.014627,194.000000,0.000000,0.000000,20.000000,0.000000,207.047146,0.014627,3.047181,A,150,10,204.047146,0.014627,204.047146,0.014627,0.049363,0.049363
96.000000,9.800000,9.650000,206.000000,0.000000,12.988069,-0.003330,196.000000,0.000000,0.000000,20.000000,0.000000,208.988069,-0.003330,2.988071,A,150,10,205.988069,-0.003330,205.988069,-0.003330,0.012386,0.012386
97.000000,9.900000,9.750000,208.000000,0.000000,12.995781,-0.020774,198.000000,0.000000,0.000000,20.000000,0.000000,210.995781,-0.020774,2.995853,A,150,10,207.995781,-0.020774,207.995781,-0.020774,0.021198,0.021198
98.000000,10.000000,9.850000,210.000000,0.000000,13.021583,-0.009663,200.000000,0.000000,0.000000,20.000000,0.000000,213.021583,-0.009663,3.021599,A,150,10,210.021583,-0.009663,210.021583,-0.009663,0.023648,0.023648
99.000000,10.100000,9.950000,212.000000,0.000000,12.996872,0.042581,202.000000,0.000000,0.000000,20.000000,0.000000,214.996872,0.042581,2.997174,A,150,10,211.996872,0.042581,211.996872,0.042581,0.042696,0.042696
0.000000,0.200000,0.050000,24.000000,0.000000,22.986901,-0.013427,4.000000,0.000000,0.000000,20.000000,0.000000,26.986901,-0.013427,2.986931,A,150,20,23.986901,-0.013427,23.986901,-0.013427,0.018759,0.018759
1.000000,0.300000,0.150000,26.000000,0.000000,22.953778,0.060992,6.000000,0.000000,0.000000,20.000000,0.000000,28.953778,0.060992,2.954407,A,150,20,25.953778,0.060992,25.953778,0.060992,0.076528,0.076528
2.000000,0.400000,0.250000,28.000000,0.000000,22.964386,0.004879,8.000000,0.000000,0.000000,20.000000,0.000000,30.964386,0.004879,2.964390,A,150,20,27.964386,0.004879,27.964386,0.004879,0.035947,0.035947
3.000000,0.500000,0.350000,30.000000,0.000000,23.002646,-0.030571,10.000000,0.000000,0.000000,20.000000,0.000000,33.002646,-0.030571,3.002801,A,150,20,30.002646,-0.030571,30.002646,-0.030571,0.030685,0.030685
4.000000,0.600000,0.450000,32.000000,0.000000,23.005379,-0.005844,12.000000,0.000000,0.000000,20.000000,0.000000,35.005379,-0.005844,3.005385,A,150,20,32.005379,-0.005844,32.005379,-0.005844,0.007942,0.007942
5.000000,0.700000,0.550000,34.000000,0.000000,23.003574,0.023018,14.000000,0.000000,0.000000,20.000000,0.000000,37.003574,0.023018,3.003662,A,150,20,34.003574,0.023018,34.003574,0.023018,0.023294,0.023294
6.000000,0.800000,0.650000,36.000000,0.000000,22.992859,-0.002898,16.000000,0.000000,0.000000,20.000000,0.000000,38.992859,-0.002898,2.992860,A,150,20,35.992859,-0.002898,35.992859,-0.002898,0.007707,0.007707
7.000000,0.900000,0.750000,38.000000,0.000000,22.983197,-0.011901,18.000000,0.000000,0.000000,20.000000,0.000000,40.983197,-0.011901,2.983221,A,150,20,37.983197,-0.011901,37.983197,-0.011901,0.020590,0.020590
8.000000,1.000000,0.850000,40.000000,0.000000,23.003581,0.017415,20.000000,0.000000,0.000000,20.000000,0.000000,43.003581,0.017415,3.003631,A,150,20,40.003581,0.017415,40.003581,0.017415,0.017779,0.017779
9.000000,1.100000,0.950000,42.000000,0.000000,23.016130,0.008137,22.000000,0.000000,0.000000,20.000000,0.000000,45.016130,0.008137,3.016141,A,150,20,42.016130,0.008137,42.016130,0.008137,0.018067,0.018067
10.000000,1.200000,1.050000,44.000000,0.000000,23.019175,-0.022305,24.000000,0.000000,0.000000,20.000000,0.000000,47.019175,-0.022305,3.019258,A,150,20,44.019175,-0.022305,44.019175,-0.022305,0.029414,0.029414
11.000000,1.300000,1.150000,46.000000,0.000000,22.990368,-0.031505,26.000000,0.000000,0.000000,20.000000,0.000000,48.990368,-0.031505,2.990534,A,150,20,45.990368,-0.031505,45.990368,-0.031505,0.032945,0.032945
12.000000,1.400000,1.250000,48.000000,0.000000,22.978363,-0.042563,28.000000,0.000000,0.000000,20.000000,0.000000,50.978363,-0.042563,2.978668,A,150,20,47.978363,-0.042563,47.978363,-0.042563,0.047747,0.047747
13.000000,1.500000,1.350000,50.000000,0.000000,23.005836,0.023310,30.000000,0.000000,0.000000,20.000000,0.000000,53.005836,0.023310,3.005926,A,150,20,50.005836,0.023310,50.005836,0.023310,0.024029,0.024029
14.000000,1.600000,1.450000,52.000000,0.000000,23.008504,0.017434,32.000000,0.000000,0.000000,20.000000,0.000000,55.008504,0.017434,3.008554,A,150,20,52.008504,0.017434,52.008504,0.017434,0.019397,0.019397
15.000000,1.700000,1.550000,54.000000,0.000000,23.037292,0.020624,34.000000,0.000000,0.000000,20.000000,0.000000,57.037292,0.020624,3.037362,A,150,20,54.037292,0.020624,54.037292,0.020624,0.042615,0.042615
16.000000,1.800000,1.650000,56.000000,0.000000,22.965404,-0.016714,36.000000,0.000000,0.000000,20.000000,0.000000,58.965404,-0.016714,2.965451,A,150,20,55.965404,-0.016714,55.965404,-0.016714,0.038422,0.038422
17.000000,1.900000,1.750000,58.000000,0.000000,23.006108,-0.012832,38.000000,0.000000,0.000000,20.000000,0.000000,61.006108,-0.012832,3.006135,A,150,20,58.006108,-0.012832,58.006108,-0.012832,0.014212,0.014212
18.000000,2.000000,1.850000,60.000000,0.000000,23.013424,0.012664,40.000000,0.000000,0.000000,20.000000,0.000000,63.013424,0.012664,3.013451,A,150,20,60.013424,0.012664,60.013424,0.012664,0.018455,0.018455
19.000000,2.100000,1.950000,62.000000,0.000000,22.981696,0.000121,42.000000,0.000000,0.000000,20.000000,0.000000,64.981696,0.000121,2.981696,A,150,20,61.981696,0.000121,61.981696,0.000121,0.018305,0.018305
20.000000,2.200000,2.050000,64.000000,0.000000,22.972615,-0.008573,44.000000,0.000000,0.000000,20.000000,0.000000,66.972615,-0.008573,2.972627,A,150,20,63.972615,-0.008573,63.972615,-0.008573,0.028696,0.028696
21.000000,2.300000,2.150000,66.000000,0.000000,22.998604,-0.009828,46.000000,0.000000,0.000000,20.000000,0.000000,68.998604,-0.009828,2.998620,A,150,20,65.998604,-0.009828,65.998604,-0.009828,0.009926,0.009926
22.000000,2.400000,2.250000,68.000000,0.000000,23.008157,-0.002546,48.000000,0.000000,0.000000,20.000000,0.000000,71.008157,-0.002546,3.008158,A,150,20,68.008157,-0.002546,68.008157,-0.002546,0.008545,0.008545
23.000000,2.500000,2.350000,70.000000,0.000000,23.003353,-0.015909,50.000000,0.000000,0.000000,20.000000,0.000000,73.003353,-0.015909,3.003395,A,150,20,70.003353,-0.015909,70.003353,-0.015909,0.016258,0.016258
24.000000,2.600000,2.450000,72.000000,0.000000,23.015401,-0.020040,52.000000,0.000000,0.000000,20.000000,0.000000,75.015401,-0.020040,3.015468,A,150,20,72.015401,-0.020040,72.015401,-0.020040,0.025274,0.025274
25.000000,2.700000,2.550000,74.000000,0.000000,22.948869,-0.006209,54.000000,0.000000,0.000000,20.000000,0.000000,76.948869,-0.006209,2.948876,A,150,20,73.948869,-0.006209,73.948869,-0.006209,0.051506,0.051506
26.000000,2.800000,2.650000,76.000000,0.000000,22.991626,-0.006300,56.000000,0.000000,0.000000,20.000000,0.000000,78.991626,-0.006300,2.991633,A,150,20,75.991626,-0.006300,75.991626,-0.006300,0.010479,0.010479
27.000000,2.900000,2.750000,78.000000,0.000000,22.973198,-0.003933,58.000000,0.000000,0.000000,20.000000,0.000000,80.973198,-0.003933,2.973201,A,150,20,77.973198,-0.003933,77.973198,-0.003933,0.027089,0.027089
28.000000,3.000000,2.850000,80.000000,0.000000,23.011159,0.022093,60.000000,0.000000,0.000000,20.000000,0.000000,83.011159,0.022093,3.011240,A,150,20,80.011159,0.022093,80.011159,0.022093,0.024751,0.024751
29.000000,3.100000,2.950000,82.000000,0.000000,23.012123,0.049260,62.000000,0.000000,0.000000,20.000000,0.000000,85.012123,0.049260,3.012525,A,150,20,82.012123,0.049260,82.012123,0.049260,0.050729,0.050729
30.000000,3.200000,3.050000,84.000000,0.000000,22.977847,0.000274,64.000000,0.000000,0.000000,20.000000,0.000000,86.977847,0.000274,2.977847,A,150,20,83.977847,0.000274,83.977847,0.000274,0.022154,0.022154
31.000000,3.300000,3.150000,86.000000,0.000000,23.034607,0.012778,66.000000,0.000000,0.000000,20.000000,0.000000,89.034607,0.012778,3.034634,A,150,20,86.034607,0.012778,86.034607,0.012778,0.036890,0.036890
32.000000,3.400000,3.250000,88.000000,0.000000,22.995367,-0.000107,68.000000,0.000000,0.000000,20.000000,0.000000,90.995367,-0.000107,2.995367,A,150,20,87.995367,-0.000107,87.995367,-0.000107,0.004634,0.004634
33.000000,3.500000,3.350000,90.000000,0.000000,22.992907,-0.038771,70.000000,0.000000,0.000000,20.000000,0.000000,92.992907,-0.038771,2.993158,A,150,20,89.992907,-0.038771,89.992907,-0.038771,0.039415,0.039415
34.000000,3.600000,3.450000,92.000000,0.000000,23.003426,-0.017552,72.000000,0.000000,0.000000,20.000000,0.000000,95.003426,-0.017552,3.003478,A,150,20,92.003426,-0.017552,92.003426,-0.017552,0.017884,0.017884
35.000000,3.700000,3.550000,94.000000,0.000000,23.006364,0.024007,74.000000,0.000000,0.000000,20.000000,0.000000,97.006364,0.024007,3.006460,A,150,20,94.006364,0.024007,94.006364,0.024007,0.024836,0.024836
36.000000,3.800000,3.650000,96.000000,0.000000,23.002687,-0.014690,76.000000,0.000000,0.000000,20.000000,0.000000,99.002687,-0.014690,3.002723,A,150,20,96.002687,-0.014690,96.002687,-0.014690,0.014933,0.014933
37.000000,3.900000,3.750000,98.000000,0.000000,23.005696,-0.023606,78.000000,0.000000,0.000000,20.000000,0.000000,101.005696,-0.023606,3.005789,A,150,20,98.005696,-0.023606,98.005696,-0.023606,0.024284,0.024284
38.000000,4.000000,3.850000,100.000000,0.000000,23.044464,0.020550,80.000000,0.000000,0.000000,20.000000,0.000000,103.044464,0.020550,3.044534,A,150,20,100.044464,0.020550,100.044464,0.020550,0.048984,0.048984
39.000000,4.100000,3.950000,102.000000,0.000000,22.973770,-0.003435,82.000000,0.000000,0.000000,20.000000,0.000000,104.973770,-0.003435,2.973772,A,150,20,101.973770,-0.003435,101.973770,-0.003435,0.026454,0.026454
40.000000,4.200000,4.050000,104.000000,0.000000,22.987674,-0.030846,84.000000,0.000000,0.000000,20.000000,0.000000,106.987674,-0.030846,2.987833,A,150,20,103.987674,-0.030846,103.987674,-0.030846,0.033218,0.033218
41.000000,4.300000,4.150000,106.000000,0.000000,23.012037,-0.026789,86.000000,0.000000,0.000000,20.000000,0.000000,109.012037,-0.026789,3.012156,A,150,20,106.012037,-0.026789,106.012037,-0.026789,0.029369,0.029369
42.000000,4.400000,4.250000,108.000000,0.000000,23.002552,-0.002489,88.000000,0.000000,0.000000,20.000000,0.000000,111.002552,-0.002489,3.002554,A,150,20,108.002552,-0.002489,108.002552,-0.002489,0.003565,0.003565
43.000000,4.500000,4.350000,110.000000,0.000000,23.004926,-0.026152,90.000000,0.000000,0.000000,20.000000,0.000000,113.004926,-0.026152,3.005040,A,150,20,110.004926,-0.026152,110.004926,-0.026152,0.026612,0.026612
44.000000,4.600000,4.450000,112.000000,0.000000,22.975527,-0.014940,92.000000,0.000000,0.000000,20.000000,0.000000,114.975527,-0.014940,2.975564,A,150,20,111.975527,-0.014940,111.975527,-0.014940,0.028673,0.028673
45.000000,4.700000,4.550000,114.000000,0.000000,22.988742,-0.030118,94.000000,0.000000,0.000000,20.000000,0.000000,116.988742,-0.030118,2.988894,A,150,20,113.988742,-0.030118,113.988742,-0.030118,0.032153,0.032153
46.000000,4.800000,4.650000,116.000000,0.000000,22.990887,0.002324,96.000000,0.000000,0.000000,20.000000,0.000000,118.990887,0.002324,2.990888,A,150,20,115.990887,0.002324,115.990887,0.002324,0.009404,0.009404
47.000000,4.900000,4.750000,118.000000,0.000000,22.992150,0.017194,98.000000,0.000000,0.000000,20.000000,0.000000,120.992150,0.017194,2.992200,A,150,20,117.992150,0.017194,117.992150,0.017194,0.018901,0.018901
48.000000,5.000000,4.850000,120.000000,0.000000,22.981306,-0.005987,100.000000,0.000000,0.000000,20.000000,0.000000,122.981306,-0.005987,2.981312,A,150,20,119.981306,-0.005987,119.981306,-0.005987,0.019630,0.019630
49.000000,5.100000,4.950000,122.000000,0.000000,22.986061,-0.014579,102.000000,0.000000,0.000000,20.000000,0.000000,124.986061,-0.014579,2.986097,A,150,20,121.986061,-0.014579,121.986061,-0.014579,0.020170,0.020170
50.000000,5.200000,5.050000,124.000000,0.000000,22.997655,0.011723,104.000000,0.000000,0.000000,20.000000,0.000000,126.997655,0.011723,2.997678,A,150,20,123.997655,0.011723,123.997655,0.011723,0.011956,0.011956
51.000000,5.300000,5.150000,126.000000,0.000000,23.001996,-0.026782,106.000000,0.000000,0.000000,20.000000,0.000000,129.001996,-0.026782,3.002115,A,150,20,126.001996,-0.026782,126.001996,-0.026782,0.026856,0.026856
52.000000,5.400000,5.250000,128.000000,0.000000,22.960610,0.014523,108.000000,0.000000,0.000000,20.000000,0.000000,130.960610,0.014523,2.960646,A,150,20,127.960610,0.014523,127.960610,0.014523,0.041982,0.041982
53.000000,5.500000,5.350000,130.000000,0.000000,23.000059,0.010312,110.000000,0.000000,0.000000,20.000000,0.000000,133.000059,0.010312,3.000077,A,150,20,130.000059,0.010312,130.000059,0.010312,0.010312,0.010312
54.000000,5.600000,5.450000,132.000000,0.000000,23.021536,0.022794,112.000000,0.000000,0.000000,20.000000,0.000000,135.021536,0.022794,3.021622,A,150,20,132.021536,0.022794,132.021536,0.022794,0.031358,0.031358
55.000000,5.700000,5.550000,134.000000,0.000000,23.030285,0.036258,114.000000,0.000000,0.000000,20.000000,0.000000,137.030285,0.036258,3.030502,A,150,20,134.030285,0.036258,134.030285,0.036258,0.047242,0.047242
56.000000,5.800000,5.650000,136.000000,0.000000,23.020131,-0.038305,116.000000,0.000000,0.000000,20.000000,0.000000,139.020131,-0.038305,3.020374,A,150,20,136.020131,-0.038305,136.020131,-0.038305,0.043273,0.043273
57.000000,5.900000,5.750000,138.000000,0.000000,23.017911,-0.012024,118.000000,0.000000,0.000000,20.000000,0.000000,141.017911,-0.012024,3.017935,A,150,20,138.017911,-0.012024,138.017911,-0.012024,0.021572,0.021572
58.000000,6.000000,5.850000,140.000000,0.000000,23.022854,0.018698,120.000000,0.000000,0.000000,20.000000,0.000000,143.022854,0.018698,3.022911,A,150,20,140.022854,0.018698,140.022854,0.018698,0.029528,0.029528
59.000000,6.100000,5.950000,142.000000,0.000000,22.989034,-0.002425,122.000000,0.000000,0.000000,20.000000,0.000000,144.989034,-0.002425,2.989035,A,150,20,141.989034,-0.002425,141.989034,-0.002425,0.011231,0.011231
60.000000,6.200000,6.050000,144.000000,0.000000,23.009769,0.002543,124.000000,0.000000,0.000000,20.000000,0.000000,147.009769,0.002543,3.009771,A,150,20,144.009769,0.002543,144.009769,0.002543,0.010095,0.010095
61.000000,6.300000,6.150000,146.000000,0.000000,23.032756,-0.014697,126.000000,0.000000,0.000000,20.000000,0.000000,149.032756,-0.014697,3.032792,A,150,20,146.032756,-0.014697,146.032756,-0.014697,0.035902,0.035902
62.000000,6.400000,6.250000,148.000000,0.000000,23.008243,0.001935,128.000000,0.000000,0.000000,20.000000,0.000000,151.008243,0.001935,3.008244,A,150,20,148.008243,0.001935,148.008243,0.001935,0.008467,0.008467
63.000000,6.500000,6.350000,150.000000,0.000000,23.026064,0.010856,130.000000,0.000000,0.000000,20.000000,0.000000,153.026064,0.010856,3.026083,A,150,20,150.026064,0.010856,150.026064,0.010856,0.028234,0.028234
64.000000,6.600000,6.450000,152.000000,0.000000,22.962479,0.006379,132.000000,0.000000,0.000000,20.000000,0.000000,154.962479,0.006379,2.962486,A,150,20,151.962479,0.006379,151.962479,0.006379,0.038060,0.038060
65.000000,6.700000,6.550000,154.000000,0.000000,23.006651,-0.017050,134.000000,0.000000,0.000000,20.000000,0.000000,157.006651,-0.017050,3.006700,A,150,20,154.006651,-0.017050,154.006651,-0.017050,0.018301,0.018301
66.000000,6.800000,6.650000,156.000000,0.000000,22.987404,-0.014550,136.000000,0.000000,0.000000,20.000000,0.000000,158.987404,-0.014550,2.987439,A,150,20,155.987404,-0.014550,155.987404,-0.014550,0.019245,0.019245
67.000000,6.900000,6.750000,158.000000,0.000000,22.960085,0.019355,138.000000,0.000000,0.000000,20.000000,0.000000,160.960085,0.019355,2.960148,A,150,20,157.960085,0.019355,157.960085,0.019355,0.044360,0.044360
68.000000,7.000000,6.850000,160.000000,0.000000,22.993780,-0.037618,140.000000,0.000000,0.000000,20.000000,0.000000,162.993780,-0.037618,2.994016,A,150,20,159.993780,-0.037618,159.993780,-0.037618,0.038129,0.038129
69.000000,7.100000,6.950000,162.000000,0.000000,23.006672,-0.015980,142.000000,0.000000,0.000000,20.000000,0.000000,165.006672,-0.015980,3.006714,A,150,20,162.006672,-0.015980,162.006672,-0.015980,0.017317,0.017317
70.000000,7.200000,7.050000,164.000000,0.000000,22.970292,-0.012842,144.000000,0.000000,0.000000,20.000000,0.000000,166.970292,-0.012842,2.970320,A,150,20,163.970292,-0.012842,163.970292,-0.012842,0.032365,0.032365
71.000000,7.300000,7.150000,166.000000,0.000000,22.985635,0.035752,146.000000,0.000000,0.000000,20.000000,0.000000,168.985635,0.035752,2.985849,A,150,20,165.985635,0.035752,165.985635,0.035752,0.038530,0.038530
72.000000,7.400000,7.250000,168.000000,0.000000,22.977477,0.006642,148.000000,0.000000,0.000000,20.000000,0.000000,170.977477,0.006642,2.977485,A,150,20,167.977477,0.006642,167.977477,0.006642,0.023482,0.023482
73.000000,7.500000,7.350000,170.000000,0.000000,23.028056,-0.016575,150.000000,0.000000,0.000000,20.000000,0.000000,173.028056,-0.016575,3.028101,A,150,20,170.028056,-0.016575,170.028056,-0.016575,0.032586,0.032586
74.000000,7.600000,7.450000,172.000000,0.000000,23.007068,0.002019,152.000000,0.000000,0.000000,20.000000,0.000000,175.007068,0.002019,3.007069,A,150,20,172.007068,0.002019,172.007068,0.002019,0.007351,0.007351
75.000000,7.700000,7.550000,174.000000,0.000000,23.003245,0.011057,154.000000,0.000000,0.000000,20.000000,0.000000,177.003245,0.011057,3.003265,A,150,20,174.003245,0.011057,174.003245,0.011057,0.011523,0.011523
76.000000,7.800000,7.650000,176.000000,0.000000,23.003073,-0.002221,156.000000,0.000000,0.000000,20.000000,0.000000,179.003073,-0.002221,3.003073,A,150,20,176.003073,-0.002221,176.003073,-0.002221,0.003791,0.003791
77.000000,7.900000,7.750000,178.000000,0.000000,22.980045,-0.000453,158.000000,0.000000,0.000000,20.000000,0.000000,180.980045,-0.000453,2.980045,A,150,20,177.980045,-0.000453,177.980045,-0.000453,0.019960,0.019960
78.000000,8.000000,7.850000,180.000000,0.000000,23.002277,0.018182,160.000000,0.000000,0.000000,20.000000,0.000000,183.002277,0.018182,3.002332,A,150,20,180.002277,0.018182,180.002277,0.018182,0.018324,0.018324
79.000000,8.100000,7.950000,182.000000,0.000000,23.023070,-0.005252,162.000000,0.000000,0.000000,20.000000,0.000000,185.023070,-0.005252,3.023075,A,150,20,182.023070,-0.005252,182.023070,-0.005252,0.023660,0.023660
80.000000,8.200000,8.050000,184.000000,0.000000,23.043680,0.009462,164.000000,0.000000,0.000000,20.000000,0.000000,187.043680,0.009462,3.043695,A,150,20,184.043680,0.009462,184.043680,0.009462,0.044693,0.044693
81.000000,8.300000,8.150000,186.000000,0.000000,22.994163,-0.038082,166.000000,0.000000,0.000000,20.000000,0.000000,188.994163,-0.038082,2.994405,A,150,20,185.994163,-0.038082,185.994163,-0.038082,0.038526,0.038526
82.000000,8.400000,8.250000,188.000000,0.000000,23.012716,-0.032581,168.000000,0.000000,0.000000,20.000000,0.000000,191.012716,-0.032581,3.012892,A,150,20,188.012716,-0.032581,188.012716,-0.032581,0.034974,0.034974
83.000000,8.500000,8.350000,190.000000,0.000000,23.057772,-0.031428,170.000000,0.000000,0.000000,20.000000,0.000000,193.057772,-0.031428,3.057933,A,150,20,190.057772,-0.031428,190.057772,-0.031428,0.065767,0.065767
84.000000,8.600000,8.450000,192.000000,0.000000,23.029640,0.046145,172.000000,0.000000,0.000000,20.000000,0.000000,195.029640,0.046145,3.029992,A,150,20,192.029640,0.046145,192.029640,0.046145,0.054844,0.054844
85.000000,8.700000,8.550000,194.000000,0.000000,23.003133,0.015000,174.000000,0.000000,0.000000,20.000000,0.000000,197.003133,0.015000,3.003171,A,150,20,194.003133,0.015000,194.003133,0.015000,0.015324,0.015324
86.000000,8.800000,8.650000,196.000000,0.000000,23.012541,0.008314,176.000000,0.000000,0.000000,20.000000,0.000000,199.012541,0.008314,3.012552,A,150,20,196.012541,0.008314,196.012541,0.008314,0.015046,0.015046
87.000000,8.900000,8.750000,198.000000,0.000000,22.977266,0.031229,178.000000,0.000000,0.000000,20.000000,0.000000,200.977266,0.031229,2.977429,A,150,20,197.977266,0.031229,197.977266,0.031229,0.038628,0.038628
88.000000,9.000000,8.850000,200.000000,0.000000,22.999898,0.008421,180.000000,0.000000,0.000000,20.000000,0.000000,202.999898,0.008421,2.999910,A,150,20,199.999898,0.008421,199.999898,0.008421,0.008421,0.008421
89.000000,9.100000,8.950000,202.000000,0.000000,23.009877,-0.017718,182.000000,0.000000,0.000000,20.000000,0.000000,205.009877,-0.017718,3.009929,A,150,20,202.009877,-0.017718,202.009877,-0.017718,0.020285,0.020285
90.000000,9.200000,9.050000,204.000000,0.000000,22.998511,-0.006140,184.000000,0.000000,0.000000,20.000000,0.000000,206.998511,-0.006140,2.998517,A,150,20,203.998511,-0.006140,203.998511,-0.006140,0.006318,0.006318
91.000000,9.300000,9.150000,206.000000,0.000000,22.972313,0.023738,186.000000,0.000000,0.000000,20.000000,0.000000,208.972313,0.023738,2.972408,A,150,20,205.972313,0.023738,205.972313,0.023738,0.036470,0.036470
92.000000,9.400000,9.250000,208.000000,0.000000,22.957608,-0.034681,188.000000,0.000000,0.000000,20.000000,0.000000,210.957608,-0.034681,2.957812,A,150,20,207.957608,-0.034681,207.957608,-0.034681,0.054771,0.054771
93.000000,9.500000,9.350000,210.000000,0.000000,23.013198,0.023775,190.000000,0.000000,0.000000,20.000000,0.000000,213.013198,0.023775,3.013292,A,150,20,210.013198,0.023775,210.013198,0.023775,0.027192,0.027192
94.000000,9.600000,9.450000,212.000000,0.000000,22.994623,0.017507,192.000000,0.000000,0.000000,20.000000,0.000000,214.994623,0.017507,2.994674,A,150,20,211.994623,0.017507,211.994623,0.017507,0.018314,0.018314
95.000000,9.700000,9.550000,214.000000,0.000000,23.005654,-0.001469,194.000000,0.000000,0.000000,20.000000,0.000000,217.005654,-0.001469,3.005654,A,150,20,214.005654,-0.001469,214.005654,-0.001469,0.005841,0.005841
96.000000,9.800000,9.650000,216.000000,0.000000,23.000225,-0.027570,196.000000,0.000000,0.000000,20.000000,0.000000,219.000225,-0.027570,3.000351,A,150,20,216.000225,-0.027570,216.000225,-0.027570,0.027571,0.027571
97.000000,9.900000,9.750000,218.000000,0.000000,23.013175,0.009894,198.000000,0.000000,0.000000,20.000000,0.000000,221.013175,0.009894,3.013191,A,150,20,218.013175,0.009894,218.013175,0.009894,0.016476,0.016476
98.000000,10.000000,9.850000,220.000000,0.000000,23.004631,-0.004842,200.000000,0.000000,0.000000,20.000000,0.000000,223.004631,-0.004842,3.004635,A,150,20,220.004631,-0.004842,220.004631,-0.004842,0.006700,0.006700
99.000000,10.100000,9.950000,222.000000,0.000000,23.000068,0.033231,202.000000,0.000000,0.000000,20.000000,0.000000,225.000068,0.033231,3.000253,A,150,20,222.000068,0.033231,222.000068,0.033231,0.033231,0.033231
0.000000,0.200000,0.050000,44.000000,0.000000,42.981158,-0.017642,4.000000,0.000000,0.000000,20.000000,0.000000,46.981158,-0.017642,2.981210,A,150,40,43.981158,-0.017642,43.981158,-0.017642,0.025812,0.025812
1.000000,0.300000,0.150000,46.000000,0.000000,42.993678,0.006607,6.000000,0.000000,0.000000,20.000000,0.000000,48.993678,0.006607,2.993686,A,150,40,45.993678,0.006607,45.993678,0.006607,0.009144,0.009144
2.000000,0.400000,0.250000,48.000000,0.000000,42.974008,0.021623,8.000000,0.000000,0.000000,20.000000,0.000000,50.974008,0.021623,2.974087,A,150,40,47.974008,0.021623,47.974008,0.021623,0.033810,0.033810
3.000000,0.500000,0.350000,50.000000,0.000000,43.023158,0.007010,10.000000,0.000000,0.000000,20.000000,0.000000,53.023158,0.007010,3.023166,A,150,40,50.023158,0.007010,50.023158,0.007010,0.024196,0.024196
4.000000,0.600000,0.450000,52.000000,0.000000,43.009527,0.048786,12.000000,0.000000,0.000000,20.000000,0.000000,55.009527,0.048786,3.009923,A,150,40,52.009527,0.048786,52.009527,0.048786,0.049708,0.049708
5.000000,0.700000,0.550000,54.000000,0.000000,42.945754,0.026223,14.000000,0.000000,0.000000,20.000000,0.000000,56.945754,0.026223,2.945871,A,150,40,53.945754,0.026223,53.945754,0.026223,0.060252,0.060252
6.000000,0.800000,0.650000,56.000000,0.000000,43.002157,0.014475,16.000000,0.000000,0.000000,20.000000,0.000000,59.002157,0.014475,3.002192,A,150,40,56.002157,0.014475,56.002157,0.014475,0.014635,0.014635
7.000000,0.900000,0.750000,58.000000,0.000000,43.021483,0.019066,18.000000,0.000000,0.000000,20.000000,0.000000,61.021483,0.019066,3.021543,A,150,40,58.021483,0.019066,58.021483,0.019066,0.028724,0.028724
8.000000,1.000000,0.850000,60.000000,0.000000,43.004736,-0.013535,20.000000,0.000000,0.000000,20.000000,0.000000,63.004736,-0.013535,3.004766,A,150,40,60.004736,-0.013535,60.004736,-0.013535,0.014339,0.014339
9.000000,1.100000,0.950000,62.000000,0.000000,42.974807,-0.009301,22.000000,0.000000,0.000000,20.000000,0.000000,64.974807,-0.009301,2.974822,A,150,40,61.974807,-0.009301,61.974807,-0.009301,0.026855,0.026855
10.000000,1.200000,1.050000,64.000000,0.000000,42.976760,0.008179,24.000000,0.000000,0.000000,20.000000,0.000000,66.976760,0.008179,2.976771,A,150,40,63.976760,0.008179,63.976760,0.008179,0.024637,0.024637
11.000000,1.300000,1.150000,66.000000,0.000000,42.988818,0.020085,26.000000,0.000000,0.000000,20.000000,0.000000,68.988818,0.020085,2.988886,A,150,40,65.988818,0.020085,65.988818,0.020085,0.022988,0.022988
12.000000,1.400000,1.250000,68.000000,0.000000,42.992214,-0.000430,28.000000,0.000000,0.000000,20.000000,0.000000,70.992214,-0.000430,2.992214,A,150,40,67.992214,-0.000430,67.992214,-0.000430,0.007798,0.007798
13.000000,1.500000,1.350000,70.000000,0.000000,42.972504,0.001268,30.000000,0.000000,0.000000,20.000000,0.000000,72.972504,0.001268,2.972505,A,150,40,69.972504,0.001268,69.972504,0.001268,0.027525,0.027525
14.000000,1.600000,1.450000,72.000000,0.000000,43.007307,-0.037067,32.000000,0.000000,0.000000,20.000000,0.000000,75.007307,-0.037067,3.007535,A,150,40,72.007307,-0.037067,72.007307,-0.037067,0.037780,0.037780
15.000000,1.700000,1.550000,74.000000,0.000000,42.962081,-0.035647,34.000000,0.000000,0.000000,20.000000,0.000000,76.962081,-0.035647,2.962295,A,150,40,73.962081,-0.035647,73.962081,-0.035647,0.052044,0.052044
16.000000,1.800000,1.650000,76.000000,0.000000,42.994381,-0.001562,36.000000,0.000000,0.000000,20.000000,0.000000,78.994381,-0.001562,2.994382,A,150,40,75.994381,-0.001562,75.994381,-0.001562,0.005832,0.005832
17.000000,1.900000,1.750000,78.000000,0.000000,42.978012,0.002622,38.000000,0.000000,0.000000,20.000000,0.000000,80.978012,0.002622,2.978013,A,150,40,77.978012,0.002622,77.978012,0.002622,0.022144,0.022144
18.000000,2.000000,1.850000,80.000000,0.000000,43.001818,-0.026177,40.000000,0.000000,0.000000,20.000000,0.000000,83.001818,-0.026177,3.001932,A,150,40,80.001818,-0.026177,80.001818,-0.026177,0.026240,0.026240
19.000000,2.100000,1.950000,82.000000,0.000000,42.983543,-0.011259,42.000000,0.000000,0.000000,20.000000,0.000000,84.983543,-0.011259,2.983564,A,150,40,81.983543,-0.011259,81.983543,-0.011259,0.019940,0.019940
20.000000,2.200000,2.050000,84.000000,0.000000,42.978231,-0.031057,44.000000,0.000000,0.000000,20.000000,0.000000,86.978231,-0.031057,2.978393,A,150,40,83.978231,-0.031057,83.978231,-0.031057,0.037927,0.037927
21.000000,2.300000,2.150000,86.000000,0.000000,43.018046,-0.042610,46.000000,0.000000,0.000000,20.000000,0.000000,89.018046,-0.042610,3.018346,A,150,40,86.018046,-0.042610,86.018046,-0.042610,0.046274,0.046274
22.000000,2.400000,2.250000,88.000000,0.000000,43.014126,0.023657,48.000000,0.000000,0.000000,20.000000,0.000000,91.014126,0.023657,3.014219,A,150,40,88.014126,0.023657,88.014126,0.023657,0.027554,0.027554
23.000000,2.500000,2.350000,90.000000,0.000000,43.000634,-0.010194,50.000000,0.000000,0.000000,20.000000,0.000000,93.000634,-0.010194,3.000652,A,150,40,90.000634,-0.010194,90.000634,-0.010194,0.010214,0.010214
24.000000,2.600000,2.450000,92.000000,0.000000,43.000768,0.006368,52.000000,0.000000,0.000000,20.000000,0.000000,95.000768,0.006368,3.000775,A,150,40,92.000768,0.006368,92.000768,0.006368,0.006414,0.006414
25.000000,2.700000,2.550000,94.000000,0.000000,42.994668,-0.007674,54.000000,0.000000,0.000000,20.000000,0.000000,96.994668,-0.007674,2.994678,A,150,40,93.994668,-0.007674,93.994668,-0.007674,0.009345,0.009345
26.000000,2.800000,2.650000,96.000000,0.000000,42.993835,-0.019568,56.000000,0.000000,0.000000,20.000000,0.000000,98.993835,-0.019568,2.993899,A,150,40,95.993835,-0.019568,95.993835,-0.019568,0.020516,0.020516
27.000000,2.900000,2.750000,98.000000,0.000000,43.002187,-0.020114,58.000000,0.000000,0.000000,20.000000,0.000000,101.002187,-0.020114,3.002254,A,150,40,98.002187,-0.020114,98.002187,-0.020114,0.020232,0.020232
28.000000,3.000000,2.850000,100.000000,0.000000,42.992018,0.013786,60.000000,0.000000,0.000000,20.000000,0.000000,102.992018,0.013786,2.992050,A,150,40,99.992018,0.013786,99.992018,0.013786,0.015930,0.015930
29.000000,3.100000,2.950000,102.000000,0.000000,43.013986,-0.019421,62.000000,0.000000,0.000000,20.000000,0.000000,105.013986,-0.019421,3.014048,A,150,40,102.013986,-0.019421,102.013986,-0.019421,0.023933,0.023933
30.000000,3.200000,3.050000,104.000000,0.000000,42.986178,0.004788,64.000000,0.000000,0.000000,20.000000,0.000000,106.986178,0.004788,2.986182,A,150,40,103.986178,0.004788,103.986178,0.004788,0.014628,0.014628
31.000000,3.300000,3.150000,106.000000,0.000000,43.018587,-0.011842,66.000000,0.000000,0.000000,20.000000,0.000000,109.018587,-0.011842,3.018611,A,150,40,106.018587,-0.011842,106.018587,-0.011842,0.022039,0.022039
32.000000,3.400000,3.250000,108.000000,0.000000,43.007696,0.013620,68.000000,0.000000,0.000000,20.000000,0.000000,111.007696,0.013620,3.007726,A,150,40,108.007696,0.013620,108.007696,0.013620,0.015643,0.015643
33.000000,3.500000,3.350000,110.000000,0.000000,43.033732,-0.008752,70.000000,0.000000,0.000000,20.000000,0.000000,113.033732,-0.008752,3.033744,A,150,40,110.033732,-0.008752,110.033732,-0.008752,0.034849,0.034849
34.000000,3.600000,3.450000,112.000000,0.000000,43.015340,-0.042793,72.000000,0.000000,0.000000,20.000000,0.000000,115.015340,-0.042793,3.015644,A,150,40,112.015340,-0.042793,112.015340,-0.042793,0.045460,0.045460
35.000000,3.700000,3.550000,114.000000,0.000000,42.961876,0.037420,74.000000,0.000000,0.000000,20.000000,0.000000,116.961876,0.037420,2.962112,A,150,40,113.961876,0.037420,113.961876,0.037420,0.053420,0.053420
36.000000,3.800000,3.650000,116.000000,0.000000,43.015739,-0.002081,76.000000,0.000000,0.000000,20.000000,0.000000,119.015739,-0.002081,3.015740,A,150,40,116.015739,-0.002081,116.015739,-0.002081,0.015876,0.015876
37.000000,3.900000,3.750000,118.000000,0.000000,43.023179,-0.022302,78.000000,0.000000,0.000000,20.000000,0.000000,121.023179,-0.022302,3.023261,A,150,40,118.023179,-0.022302,118.023179,-0.022302,0.032165,0.032165
38.000000,4.000000,3.850000,120.000000,0.000000,43.014560,0.010112,80.000000,0.000000,0.000000,20.000000,0.000000,123.014560,0.010112,3.014577,A,150,40,120.014560,0.010112,120.014560,0.010112,0.017727,0.017727
39.000000,4.100000,3.950000,122.000000,0.000000,43.001500,-0.034797,82.000000,0.000000,0.000000,20.000000,0.000000,125.001500,-0.034797,3.001702,A,150,40,122.001500,-0.034797,122.001500,-0.034797,0.034829,0.034829
40.000000,4.200000,4.050000,124.000000,0.000000,42.965673,0.005150,84.000000,0.000000,0.000000,20.000000,0.000000,126.965673,0.005150,2.965678,A,150,40,123.965673,0.005150,123.965673,0.005150,0.034711,0.034711
41.000000,4.300000,4.150000,126.000000,0.000000,43.007372,0.020603,86.000000,0.000000,0.000000,20.000000,0.000000,129.007372,0.020603,3.007442,A,150,40,126.007372,0.020603,126.007372,0.020603,0.021882,0.021882
42.000000,4.400000,4.250000,128.000000,0.000000,42.995936,0.000291,88.000000,0.000000,0.000000,20.000000,0.000000,130.995936,0.000291,2.995936,A,150,40,127.995936,0.000291,127.995936,0.000291,0.004074,0.004074
43.000000,4.500000,4.350000,130.000000,0.000000,43.018147,0.005953,90.000000,0.000000,0.000000,20.000000,0.000000,133.018147,0.005953,3.018153,A,150,40,130.018147,0.005953,130.018147,0.005953,0.019098,0.019098
44.000000,4.600000,4.450000,132.000000,0.000000,42.978314,-0.019628,92.000000,0.000000,0.000000,20.000000,0.000000,134.978314,-0.019628,2.978378,A,150,40,131.978314,-0.019628,131.978314,-0.019628,0.029250,0.029250
45.000000,4.700000,4.550000,134.000000,0.000000,42.980335,-0.025251,94.000000,0.000000,0.000000,20.000000,0.000000,136.980335,-0.025251,2.980442,A,150,40,133.980335,-0.025251,133.980335,-0.025251,0.032005,0.032005
46.000000,4.800000,4.650000,136.000000,0.000000,43.007621,-0.003081,96.000000,0.000000,0.000000,20.000000,0.000000,139.007621,-0.003081,3.007622,A,150,40,136.007621,-0.003081,136.007621,-0.003081,0.008220,0.008220
47.000000,4.900000,4.750000,138.000000,0.000000,42.985056,-0.001992,98.000000,0.000000,0.000000,20.000000,0.000000,140.985056,-0.001992,2.985057,A,150,40,137.985056,-0.001992,137.985056,-0.001992,0.015076,0.015076
48.000000,5.000000,4.850000,140.000000,0.000000,43.006852,0.021410,100.000000,0.000000,0.000000,20.000000,0.000000,143.006852,0.021410,3.006928,A,150,40,140.006852,0.021410,140.006852,0.021410,0.022480,0.022480
49.000000,5.100000,4.950000,142.000000,0.000000,43.021657,-0.023748,102.000000,0.000000,0.000000,20.000000,0.000000,145.021657,-0.023748,3.021750,A,150,40,142.021657,-0.023748,142.021657,-0.023748,0.032140,0.032140
50.000000,5.200000,5.050000,144.000000,0.000000,42.980098,-0.014710,104.000000,0.000000,0.000000,20.000000,0.000000,146.980098,-0.014710,2.980134,A,150,40,143.980098,-0.014710,143.980098,-0.014710,0.024749,0.024749
51.000000,5.300000,5.150000,146.000000,0.000000,43.013017,-0.011773,106.000000,0.000000,0.000000,20.000000,0.000000,149.013017,-0.011773,3.013040,A,150,40,146.013017,-0.011773,146.013017,-0.011773,0.017551,0.017551
52.000000,5.400000,5.250000,148.000000,0.000000,42.985929,-0.008610,108.000000,0.000000,0.000000,20.000000,0.000000,150.985929,-0.008610,2.985941,A,150,40,147.985929,-0.008610,147.985929,-0.008610,0.016497,0.016497
53.000000,5.500000,5.350000,150.000000,0.000000,43.019955,-0.003590,110.000000,0.000000,0.000000,20.000000,0.000000,153.019955,-0.003590,3.019957,A,150,40,150.019955,-0.003590,150.019955,-0.003590,0.020275,0.020275
54.000000,5.600000,5.450000,152.000000,0.000000,43.001530,0.023858,112.000000,0.000000,0.000000,20.000000,0.000000,155.001530,0.023858,3.001625,A,150,40,152.001530,0.023858,152.001530,0.023858,0.023907,0.023907
55.000000,5.700000,5.550000,154.000000,0.000000,43.004819,-0.035205,114.000000,0.000000,0.000000,20.000000,0.000000,157.004819,-0.035205,3.005025,A,150,40,154.004819,-0.035205,154.004819,-0.035205,0.035533,0.035533
56.000000,5.800000,5.650000,156.000000,0.000000,42.997325,0.010748,116.000000,0.000000,0.000000,20.000000,0.000000,158.997325,0.010748,2.997344,A,150,40,155.997325,0.010748,155.997325,0.010748,0.011076,0.011076
57.000000,5.900000,5.750000,158.000000,0.000000,42.993459,-0.021648,118.000000,0.000000,0.000000,20.000000,0.000000,160.993459,-0.021648,2.993537,A,150,40,157.993459,-0.021648,157.993459,-0.021648,0.022614,0.022614
58.000000,6.000000,5.850000,160.000000,0.000000,42.998604,0.030793,120.000000,0.000000,0.000000,20.000000,0.000000,162.998604,0.030793,2.998762,A,150,40,159.998604,0.030793,159.998604,0.030793,0.030824,0.030824
59.000000,6.100000,5.950000,162.000000,0.000000,43.012545,0.026034,122.000000,0.000000,0.000000,20.000000,0.000000,165.012545,0.026034,3.012657,A,150,40,162.012545,0.026034,162.012545,0.026034,0.028899,0.028899
60.000000,6.200000,6.050000,164.000000,0.000000,43.025279,-0.013959,124.000000,0.000000,0.000000,20.000000,0.000000,167.025279,-0.013959,3.025311,A,150,40,164.025279,-0.013959,164.025279,-0.013959,0.028877,0.028877
61.000000,6.300000,6.150000,166.000000,0.000000,42.996639,-0.030011,126.000000,0.000000,0.000000,20.000000,0.000000,168.996639,-0.030011,2.996789,A,150,40,165.996639,-0.030011,165.996639,-0.030011,0.030199,0.030199
62.000000,6.400000,6.250000,168.000000,0.000000,42.965814,0.034792,128.000000,0.000000,0.000000,20.000000,0.000000,170.965814,0.034792,2.966018,A,150,40,167.965814,0.034792,167.965814,0.034792,0.048777,0.048777
63.000000,6.500000,6.350000,170.000000,0.000000,42.999905,0.017676,130.000000,0.000000,0.000000,20.000000,0.000000,172.999905,0.017676,2.999957,A,150,40,169.999905,0.017676,169.999905,0.017676,0.017676,0.017676
64.000000,6.600000,6.450000,172.000000,0.000000,42.986094,0.008917,132.000000,0.000000,0.000000,20.000000,0.000000,174.986094,0.008917,2.986107,A,150,40,171.986094,0.008917,171.986094,0.008917,0.016519,0.016519
65.000000,6.700000,6.550000,174.000000,0.000000,42.999593,-0.031334,134.000000,0.000000,0.000000,20.000000,0.000000,176.999593,-0.031334,2.999756,A,150,40,173.999593,-0.031334,173.999593,-0.031334,0.031337,0.031337
66.000000,6.800000,6.650000,176.000000,0.000000,42.994522,-0.006667,136.000000,0.000000,0.000000,20.000000,0.000000,178.994522,-0.006667,2.994529,A,150,40,175.994522,-0.006667,175.994522,-0.006667,0.008629,0.008629
67.000000,6.900000,6.750000,178.000000,0.000000,42.989951,0.032954,138.000000,0.000000,0.000000,20.000000,0.000000,180.989951,0.032954,2.990133,A,150,40,177.989951,0.032954,177.989951,0.032954,0.034452,0.034452
68.000000,7.000000,6.850000,180.000000,0.000000,43.033290,0.016506,140.000000,0.000000,0.000000,20.000000,0.000000,183.033290,0.016506,3.033335,A,150,40,180.033290,0.016506,180.033290,0.016506,0.037158,0.037158
69.000000,7.100000,6.950000,182.000000,0.000000,43.017604,0.011501,142.000000,0.000000,0.000000,20.000000,0.000000,185.017604,0.011501,3.017626,A,150,40,182.017604,0.011501,182.017604,0.011501,0.021028,0.021028
70.000000,7.200000,7.050000,184.000000,0.000000,42.993572,0.012847,144.000000,0.000000,0.000000,20.000000,0.000000,186.993572,0.012847,2.993599,A,150,40,183.993572,0.012847,183.993572,0.012847,0.014366,0.014366
71.000000,7.300000,7.150000,186.000000,0.000000,43.039240,0.012435,146.000000,0.000000,0.000000,20.000000,0.000000,189.039240,0.012435,3.039266,A,150,40,186.039240,0.012435,186.039240,0.012435,0.041163,0.041163
72.000000,7.400000,7.250000,188.000000,0.000000,42.997205,0.024896,148.000000,0.000000,0.000000,20.000000,0.000000,190.997205,0.024896,2.997309,A,150,40,187.997205,0.024896,187.997205,0.024896,0.025053,0.025053
73.000000,7.500000,7.350000,190.000000,0.000000,42.996480,-0.001711,150.000000,0.000000,0.000000,20.000000,0.000000,192.996480,-0.001711,2.996481,A,150,40,189.996480,-0.001711,189.996480,-0.001711,0.003913,0.003913
74.000000,7.600000,7.450000,192.000000,0.000000,42.998541,-0.027520,152.000000,0.000000,0.000000,20.000000,0.000000,194.998541,-0.027520,2.998667,A,150,40,191.998541,-0.027520,191.998541,-0.027520,0.027559,0.027559
75.000000,7.700000,7.550000,194.000000,0.000000,43.038599,-0.011316,154.000000,0.000000,0.000000,20.000000,0.000000,197.038599,-0.011316,3.038620,A,150,40,194.038599,-0.011316,194.038599,-0.011316,0.040223,0.040223
76.000000,7.800000,7.650000,196.000000,0.000000,43.027130,0.006839,156.000000,0.000000,0.000000,20.000000,0.000000,199.027130,0.006839,3.027137,A,150,40,196.027130,0.006839,196.027130,0.006839,0.027978,0.027978
77.000000,7.900000,7.750000,198.000000,0.000000,43.007175,0.000588,158.000000,0.000000,0.000000,20.000000,0.000000,201.007175,0.000588,3.007175,A,150,40,198.007175,0.000588,198.007175,0.000588,0.007199,0.007199
78.000000,8.000000,7.850000,200.000000,0.000000,43.009419,0.007442,160.000000,0.000000,0.000000,20.000000,0.000000,203.009419,0.007442,3.009428,A,150,40,200.009419,0.007442,200.009419,0.007442,0.012004,0.012004
79.000000,8.100000,7.950000,202.000000,0.000000,43.025296,0.007723,162.000000,0.000000,0.000000,20.000000,0.000000,205.025296,0.007723,3.025306,A,150,40,202.025296,0.007723,202.025296,0.007723,0.026449,0.026449
80.000000,8.200000,8.050000,204.000000,0.000000,42.981628,0.020023,164.000000,0.000000,0.000000,20.000000,0.000000,206.981628,0.020023,2.981695,A,150,40,203.981628,0.020023,203.981628,0.020023,0.027175,0.027175
81.000000,8.300000,8.150000,206.000000,0.000000,42.984452,-0.004215,166.000000,0.000000,0.000000,20.000000,0.000000,208.984452,-0.004215,2.984455,A,150,40,205.984452,-0.004215,205.984452,-0.004215,0.016109,0.016109
82.000000,8.400000,8.250000,208.000000,0.000000,42.998158,-0.039964,168.000000,0.000000,0.000000,20.000000,0.000000,210.998158,-0.039964,2.998424,A,150,40,207.998158,-0.039964,207.998158,-0.039964,0.040007,0.040007
83.000000,8.500000,8.350000,210.000000,0.000000,42.986370,-0.019088,170.000000,0.000000,0.000000,20.000000,0.000000,212.986370,-0.019088,2.986431,A,150,40,209.986370,-0.019088,209.986370,-0.019088,0.023455,0.023455
84.000000,8.600000,8.450000,212.000000,0.000000,43.003159,0.007711,172.000000,0.000000,0.000000,20.000000,0.000000,215.003159,0.007711,3.003169,A,150,40,212.003159,0.007711,212.003159,0.007711,0.008333,0.008333
85.000000,8.700000,8.550000,214.000000,0.000000,43.008811,-0.015956,174.000000,0.000000,0.000000,20.000000,0.000000,217.008811,-0.015956,3.008853,A,150,40,214.008811,-0.015956,214.008811,-0.015956,0.018227,0.018227
86.000000,8.800000,8.650000,216.000000,0.000000,42.985200,0.014504,176.000000,0.000000,0.000000,20.000000,0.000000,218.985200,0.014504,2.985236,A,150,40,215.985200,0.014504,215.985200,0.014504,0.020722,0.020722
87.000000,8.900000,8.750000,218.000000,0.000000,42.976356,0.060560,178.000000,0.000000,0.000000,20.000000,0.000000,220.976356,0.060560,2.976972,A,150,40,217.976356,0.060560,217.976356,0.060560,0.065012,0.065012
88.000000,9.000000,8.850000,220.000000,0.000000,42.991993,-0.004535,180.000000,0.000000,0.000000,20.000000,0.000000,222.991993,-0.004535,2.991996,A,150,40,219.991993,-0.004535,219.991993,-0.004535,0.009202,0.009202
89.000000,9.100000,8.950000,222.000000,0.000000,43.028967,-0.022001,182.000000,0.000000,0.000000,20.000000,0.000000,225.028967,-0.022001,3.029047,A,150,40,222.028967,-0.022001,222.028967,-0.022001,0.036375,0.036375
90.000000,9.200000,9.050000,224.000000,0.000000,43.010361,0.011079,184.000000,0.000000,0.000000,20.000000,0.000000,227.010361,0.011079,3.010381,A,150,40,224.010361,0.011079,224.010361,0.011079,0.015169,0.015169
91.000000,9.300000,9.150000,226.000000,0.000000,42.998152,0.014004,186.000000,0.000000,0.000000,20.000000,0.000000,228.998152,0.014004,2.998185,A,150,40,225.998152,0.014004,225.998152,0.014004,0.014125,0.014125
92.000000,9.400000,9.250000,228.000000,0.000000,42.996143,-0.026113,188.000000,0.000000,0.000000,20.000000,0.000000,230.996143,-0.026113,2.996257,A,150,40,227.996143,-0.026113,227.996143,-0.026113,0.026397,0.026397
93.000000,9.500000,9.350000,230.000000,0.000000,42.991896,0.026175,190.000000,0.000000,0.000000,20.000000,0.000000,232.991896,0.026175,2.992011,A,150,40,229.991896,0.026175,229.991896,0.026175,0.027401,0.027401
94.000000,9.600000,9.450000,232.000000,0.000000,43.029940,-0.020222,192.000000,0.000000,0.000000,20.000000,0.000000,235.029940,-0.020222,3.030007,A,150,40,232.029940,-0.020222,232.029940,-0.020222,0.036129,0.036129
95.000000,9.700000,9.550000,234.000000,0.000000,43.038527,0.009161,194.000000,0.000000,0.000000,20.000000,0.000000,237.038527,0.009161,3.038541,A,150,40,234.038527,0.009161,234.038527,0.009161,0.039601,0.039601
96.000000,9.800000,9.650000,236.000000,0.000000,43.015283,-0.011414,196.000000,0.000000,0.000000,20.000000,0.000000,239.015283,-0.011414,3.015305,A,150,40,236.015283,-0.011414,236.015283,-0.011414,0.019075,0.019075
97.000000,9.900000,9.750000,238.000000,0.000000,42.983469,0.006996,198.000000,0.000000,0.000000,20.000000,0.000000,240.983469,0.006996,2.983477,A,150,40,237.983469,0.006996,237.983469,0.006996,0.017950,0.017950
98.000000,10.000000,9.850000,240.000000,0.000000,43.001244,-0.013183,200.000000,0.000000,0.000000,20.000000,0.000000,243.001244,-0.013183,3.001273,A,150,40,240.001244,-0.013183,240.001244,-0.013183,0.013241,0.013241
99.000000,10.100000,9.950000,242.000000,0.000000,42.990931,-0.007582,202.000000,0.000000,0.000000,20.000000,0.000000,244.990931,-0.007582,2.990940,A,150,40,241.990931,-0.007582,241.990931,-0.007582,0.011821,0.011821
0.000000,0.200000,0.000000,14.000000,0.000000,14.000084,0.020773,4.000000,0.000000,0.000000,20.000000,0.000000,18.000084,0.020773,4.000138,A,200,10,14.000084,0.020773,14.000084,0.020773,0.020774,0.020774
1.000000,0.300000,0.100000,16.000000,0.000000,13.982469,0.008205,6.000000,0.000000,0.000000,20.000000,0.000000,19.982469,0.008205,3.982478,A,200,10,15.982469,0.008205,15.982469,0.008205,0.019356,0.019356
2.000000,0.400000,0.200000,18.000000,0.000000,13.989739,0.008252,8.000000,0.000000,0.000000,20.000000,0.000000,21.989739,0.008252,3.989748,A,200,10,17.989739,0.008252,17.989739,0.008252,0.013167,0.013167
3.000000,0.500000,0.300000,20.000000,0.000000,14.054352,-0.004915,10.000000,0.000000,0.000000,20.000000,0.000000,24.054352,-0.004915,4.054355,A,200,10,20.054352,-0.004915,20.054352,-0.004915,0.054574,0.054574
4.000000,0.600000,0.400000,22.000000,0.000000,14.009323,0.017202,12.000000,0.000000,0.000000,20.000000,0.000000,26.009323,0.017202,4.009360,A,200,10,22.009323,0.017202,22.009323,0.017202,0.019566,0.019566
5.000000,0.700000,0.500000,24.000000,0.000000,14.007505,-0.002238,14.000000,0.000000,0.000000,20.000000,0.000000,28.007505,-0.002238,4.007506,A,200,10,24.007505,-0.002238,24.007505,-0.002238,0.007832,0.007832
6.000000,0.800000,0.600000,26.000000,0.000000,13.969714,-0.030877,16.000000,0.000000,0.000000,20.000000,0.000000,29.969714,-0.030877,3.969834,A,200,10,25.969714,-0.030877,25.969714,-0.030877,0.043251,0.043251
7.000000,0.900000,0.700000,28.000000,0.000000,13.988541,-0.009622,18.000000,0.000000,0.000000,20.000000,0.000000,31.988541,-0.009622,3.988553,A,200,10,27.988541,-0.009622,27.988541,-0.009622,0.014963,0.014963
8.000000,1.000000,0.800000,30.000000,0.000000,14.001605,0.040794,20.000000,0.000000,0.000000,20.000000,0.000000,34.001605,0.040794,4.001813,A,200,10,30.001605,0.040794,30.001605,0.040794,0.040826,0.040826
9.000000,1.100000,0.900000,32.000000,0.000000,14.008017,-0.002503,22.000000,0.000000,0.000000,20.000000,0.000000,36.008017,-0.002503,4.008018,A,200,10,32.008017,-0.002503,32.008017,-0.002503,0.008399,0.008399
10.000000,1.200000,1.000000,34.000000,0.000000,13.936470,-0.013801,24.000000,0.000000,0.000000,20.000000,0.000000,37.936470,-0.013801,3.936494,A,200,10,33.936470,-0.013801,33.936470,-0.013801,0.065011,0.065011
11.000000,1.300000,1.100000,36.000000,0.000000,13.991572,0.002797,26.000000,0.000000,0.000000,20.000000,0.000000,39.991572,0.002797,3.991572,A,200,10,35.991572,0.002797,35.991572,0.002797,0.008880,0.008880
12.000000,1.400000,1.200000,38.000000,0.000000,13.984245,0.011437,28.000000,0.000000,0.000000,20.000000,0.000000,41.984245,0.011437,3.984262,A,200,10,37.984245,0.011437,37.984245,0.011437,0.019468,0.019468
13.000000,1.500000,1.300000,40.000000,0.000000,14.002219,-0.000372,30.000000,0.000000,0.000000,20.000000,0.000000,44.002219,-0.000372,4.002219,A,200,10,40.002219,-0.000372,40.002219,-0.000372,0.002250,0.002250
14.000000,1.600000,1.400000,42.000000,0.000000,14.014510,0.026318,32.000000,0.000000,0.000000,20.000000,0.000000,46.014510,0.026318,4.014596,A,200,10,42.014510,0.026318,42.014510,0.026318,0.030053,0.030053
15.000000,1.700000,1.500000,44.000000,0.000000,13.987155,-0.021900,34.000000,0.000000,0.000000,20.000000,0.000000,47.987155,-0.021900,3.987215,A,200,10,43.987155,-0.021900,43.987155,-0.021900,0.025389,0.025389
16.000000,1.800000,1.600000,46.000000,0.000000,14.003885,0.009741,36.000000,0.000000,0.000000,20.000000,0.000000,50.003885,0.009741,4.003897,A,200,10,46.003885,0.009741,46.003885,0.009741,0.010487,0.010487
17.000000,1.900000,1.700000,48.000000,0.000000,14.011459,-0.025059,38.000000,0.000000,0.000000,20.000000,0.000000,52.011459,-0.025059,4.011538,A,200,10,48.011459,-0.025059,48.011459,-0.025059,0.027555,0.027555
18.000000,2.000000,1.800000,50.000000,0.000000,14.012498,-0.039106,40.000000,0.000000,0.000000,20.000000,0.000000,54.012498,-0.039106,4.012689,A,200,10,50.012498,-0.039106,50.012498,-0.039106,0.041055,0.041055
19.000000,2.100000,1.900000,52.000000,0.000000,13.992998,0.000815,42.000000,0.000000,0.000000,20.000000,0.000000,55.992998,0.000815,3.992998,A,200,10,51.992998,0.000815,51.992998,0.000815,0.007049,0.007049
20.000000,2.200000,2.000000,54.000000,0.000000,13.996706,-0.034884,44.000000,0.000000,0.000000,20.000000,0.000000,57.996706,-0.034884,3.996858,A,200,10,53.996706,-0.034884,53.996706,-0.034884,0.035039,0.035039
21.000000,2.300000,2.100000,56.000000,0.000000,13.987516,0.002078,46.000000,0.000000,0.000000,20.000000,0.000000,59.987516,0.002078,3.987517,A,200,10,55.987516,0.002078,55.987516,0.002078,0.012656,0.012656
22.000000,2.400000,2.200000,58.000000,0.000000,13.981551,-0.010617,48.000000,0.000000,0.000000,20.000000,0.000000,61.981551,-0.010617,3.981565,A,200,10,57.981551,-0.010617,57.981551,-0.010617,0.021286,0.021286
23.000000,2.500000,2.300000,60.000000,0.000000,14.026218,-0.006550,50.000000,0.000000,0.000000,20.000000,0.000000,64.026218,-0.006550,4.026224,A,200,10,60.026218,-0.006550,60.026218,-0.006550,0.027024,0.027024
24.000000,2.600000,2.400000,62.000000,0.000000,13.978246,0.010623,52.000000,0.000000,0.000000,20.000000,0.000000,65.978246,0.010623,3.978261,A,200,10,61.978246,0.010623,61.978246,0.010623,0.024209,0.024209
25.000000,2.700000,2.500000,64.000000,0.000000,13.990532,0.003685,54.000000,0.000000,0.000000,20.000000,0.000000,67.990532,0.003685,3.990534,A,200,10,63.990532,0.003685,63.990532,0.003685,0.010159,0.010159
26.000000,2.800000,2.600000,66.000000,0.000000,13.991754,-0.003478,56.000000,0.000000,0.000000,20.000000,0.000000,69.991754,-0.003478,3.991756,A,200,10,65.991754,-0.003478,65.991754,-0.003478,0.008949,0.008949
27.000000,2.900000,2.700000,68.000000,0.000000,13.978662,-0.001728,58.000000,0.000000,0.000000,20.000000,0.000000,71.978662,-0.001728,3.978662,A,200,10,67.978662,-0.001728,67.978662,-0.001728,0.021408,0.021408
28.000000,3.000000,2.800000,70.000000,0.000000,13.981358,-0.005178,60.000000,0.000000,0.000000,20.000000,0.000000,73.981358,-0.005178,3.981361,A,200,10,69.981358,-0.005178,69.981358,-0.005178,0.019348,0.019348
29.000000,3.100000,2.900000,72.000000,0.000000,13.991755,-0.034500,62.000000,0.000000,0.000000,20.000000,0.000000,75.991755,-0.034500,3.991904,A,200,10,71.991755,-0.034500,71.991755,-0.034500,0.035472,0.035472
30.000000,3.200000,3.000000,74.000000,0.000000,14.008452,-0.003745,64.000000,0.000000,0.000000,20.000000,0.000000,78.008452,-0.003745,4.008454,A,200,10,74.008452,-0.003745,74.008452,-0.003745,0.009245,0.009245
31.000000,3.300000,3.100000,76.000000,0.000000,14.010717,-0.020181,66.000000,0.000000,0.000000,20.000000,0.000000,80.010717,-0.020181,4.010768,A,200,10,76.010717,-0.020181,76.010717,-0.020181,0.022850,0.022850
32.000000,3.400000,3.200000,78.000000,0.000000,13.987055,0.008183,68.000000,0.000000,0.000000,20.000000,0.000000,81.987055,0.008183,3.987063,A,200,10,77.987055,0.008183,77.987055,0.008183,0.015314,0.015314
33.000000,3.500000,3.300000,80.000000,0.000000,14.013002,-0.013535,70.000000,0.000000,0.000000,20.000000,0.000000,84.013002,-0.013535,4.013025,A,200,10,80.013002,-0.013535,80.013002,-0.013535,0.018768,0.018768
34.000000,3.600000,3.400000,82.000000,0.000000,13.987553,-0.020886,72.000000,0.000000,0.000000,20.000000,0.000000,85.987553,-0.020886,3.987608,A,200,10,81.987553,-0.020886,81.987553,-0.020886,0.024313,0.024313
35.000000,3.700000,3.500000,84.000000,0.000000,14.032530,-0.008067,74.000000,0.000000,0.000000,20.000000,0.000000,88.032530,-0.008067,4.032538,A,200,10,84.032530,-0.008067,84.032530,-0.008067,0.033515,0.033515
36.000000,3.800000,3.600000,86.000000,0.000000,14.021784,0.020142,76.000000,0.000000,0.000000,20.000000,0.000000,90.021784,0.020142,4.021834,A,200,10,86.021784,0.020142,86.021784,0.020142,0.029669,0.029669
37.000000,3.900000,3.700000,88.000000,0.000000,14.004840,-0.045976,78.000000,0.000000,0.000000,20.000000,0.000000,92.004840,-0.045976,4.005104,A,200,10,88.004840,-0.045976,88.004840,-0.045976,0.046230,0.046230
38.000000,4.000000,3.800000,90.000000,0.000000,13.990087,0.017391,80.000000,0.000000,0.000000,20.000000,0.000000,93.990087,0.017391,3.990125,A,200,10,89.990087,0.017391,89.990087,0.017391,0.020018,0.020018
39.000000,4.100000,3.900000,92.000000,0.000000,13.974121,0.011255,82.000000,0.000000,0.000000,20.000000,0.000000,95.974121,0.011255,3.974137,A,200,10,91.974121,0.011255,91.974121,0.011255,0.028220,0.028220
40.000000,4.200000,4.000000,94.000000,0.000000,14.016169,-0.013439,84.000000,0.000000,0.000000,20.000000,0.000000,98.016169,-0.013439,4.016192,A,200,10,94.016169,-0.013439,94.016169,-0.013439,0.021025,0.021025
41.000000,4.300000,4.100000,96.000000,0.000000,14.034102,0.005044,86.000000,0.000000,0.000000,20.000000,0.000000,100.034102,0.005044,4.034105,A,200,10,96.034102,0.005044,96.034102,0.005044,0.034473,0.034473
42.000000,4.400000,4.200000,98.000000,0.000000,13.992847,-0.024737,88.000000,0.000000,0.000000,20.000000,0.000000,101.992847,-0.024737,3.992923,A,200,10,97.992847,-0.024737,97.992847,-0.024737,0.025751,0.025751
43.000000,4.500000,4.300000,100.000000,0.000000,13.987083,0.023126,90.000000,0.000000,0.000000,20.000000,0.000000,103.987083,0.023126,3.987150,A,200,10,99.987083,0.023126,99.987083,0.023126,0.026489,0.026489
44.000000,4.600000,4.400000,102.000000,0.000000,14.009963,-0.011981,92.000000,0.000000,0.000000,20.000000,0.000000,106.009963,-0.011981,4.009981,A,200,10,102.009963,-0.011981,102.009963,-0.011981,0.015582,0.015582
45.000000,4.700000,4.500000,104.000000,0.000000,13.987250,0.008087,94.000000,0.000000,0.000000,20.000000,0.000000,107.987250,0.008087,3.987258,A,200,10,103.987250,0.008087,103.987250,0.008087,0.015099,0.015099
46.000000,4.800000,4.600000,106.000000,0.000000,14.006516,-0.035819,96.000000,0.000000,0.000000,20.000000,0.000000,110.006516,-0.035819,4.006676,A,200,10,106.006516,-0.035819,106.006516,-0.035819,0.036407,0.036407
47.000000,4.900000,4.700000,108.000000,0.000000,13.997551,-0.025040,98.000000,0.000000,0.000000,20.000000,0.000000,111.997551,-0.025040,3.997630,A,200,10,107.997551,-0.025040,107.997551,-0.025040,0.025159,0.025159
48.000000,5.000000,4.800000,110.000000,0.000000,13.998948,0.040008,100.000000,0.000000,0.000000,20.000000,0.000000,113.998948,0.040008,3.999148,A,200,10,109.998948,0.040008,109.998948,0.040008,0.040022,0.040022
49.000000,5.100000,4.900000,112.000000,0.000000,13.998337,0.015580,102.000000,0.000000,0.000000,20.000000,0.000000,115.998337,0.015580,3.998367,A,200,10,111.998337,0.015580,111.998337,0.015580,0.015668,0.015668
50.000000,5.200000,5.000000,114.000000,0.000000,14.018133,0.019941,104.000000,0.000000,0.000000,20.000000,0.000000,118.018133,0.019941,4.018182,A,200,10,114.018133,0.019941,114.018133,0.019941,0.026952,0.026952
51.000000,5.300000,5.100000,116.000000,0.000000,14.025742,0.005574,106.000000,0.000000,0.000000,20.000000,0.000000,120.025742,0.005574,4.025746,A,200,10,116.025742,0.005574,116.025742,0.005574,0.026339,0.026339
52.000000,5.400000,5.200000,118.000000,0.000000,14.002289,0.030837,108.000000,0.000000,0.000000,20.000000,0.000000,122.002289,0.030837,4.002407,A,200,10,118.002289,0.030837,118.002289,0.030837,0.030921,0.030921
53.000000,5.500000,5.300000,120.000000,0.000000,14.007575,-0.020464,110.000000,0.000000,0.000000,20.000000,0.000000,124.007575,-0.020464,4.007628,A,200,10,120.007575,-0.020464,120.007575,-0.020464,0.021821,0.021821
54.000000,5.600000,5.400000,122.000000,0.000000,14.005126,0.021884,112.000000,0.000000,0.000000,20.000000,0.000000,126.005126,0.021884,4.005186,A,200,10,122.005126,0.021884,122.005126,0.021884,0.022477,0.022477
55.000000,5.700000,5.500000,124.000000,0.000000,14.039816,0.027126,114.000000,0.000000,0.000000,20.000000,0.000000,128.039816,0.027126,4.039907,A,200,10,124.039816,0.027126,124.039816,0.027126,0.048178,0.048178
56.000000,5.800000,5.600000,126.000000,0.000000,13.958614,-0.002619,116.000000,0.000000,0.000000,20.000000,0.000000,129.958614,-0.002619,3.958615,A,200,10,125.958614,-0.002619,125.958614,-0.002619,0.041469,0.041469
57.000000,5.900000,5.700000,128.000000,0.000000,14.036894,0.013295,118.000000,0.000000,0.000000,20.000000,0.000000,132.036894,0.013295,4.036916,A,200,10,128.036894,0.013295,128.036894,0.013295,0.039216,0.039216
58.000000,6.000000,5.800000,130.000000,0.000000,14.003518,-0.011635,120.000000,0.000000,0.000000,20.000000,0.000000,134.003518,-0.011635,4.003535,A,200,10,130.003518,-0.011635,130.003518,-0.011635,0.012155,0.012155
59.000000,6.100000,5.900000,132.000000,0.000000,13.959301,0.015958,122.000000,0.000000,0.000000,20.000000,0.000000,135.959301,0.015958,3.959333,A,200,10,131.959301,0.015958,131.959301,0.015958,0.043716,0.043716
60.000000,6.200000,6.000000,134.000000,0.000000,13.962302,-0.005561,124.000000,0.000000,0.000000,20.000000,0.000000,137.962302,-0.005561,3.962306,A,200,10,133.962302,-0.005561,133.962302,-0.005561,0.038106,0.038106
61.000000,6.300000,6.100000,136.000000,0.000000,14.003844,-0.004260,126.000000,0.000000,0.000000,20.000000,0.000000,140.003844,-0.004260,4.003846,A,200,10,136.003844,-0.004260,136.003844,-0.004260,0.005738,0.005738
62.000000,6.400000,6.200000,138.000000,0.000000,14.017499,0.002426,128.000000,0.000000,0.000000,20.000000,0.000000,142.017499,0.002426,4.017500,A,200,10,138.017499,0.002426,138.017499,0.002426,0.017666,0.017666
63.000000,6.500000,6.300000,140.000000,0.000000,13.977308,-0.014086,130.000000,0.000000,0.000000,20.000000,0.000000,143.977308,-0.014086,3.977333,A,200,10,139.977308,-0.014086,139.977308,-0.014086,0.026708,0.026708
64.000000,6.600000,6.400000,142.000000,0.000000,13.986639,-0.019133,132.000000,0.000000,0.000000,20.000000,0.000000,145.986639,-0.019133,3.986685,A,200,10,141.986639,-0.019133,141.986639,-0.019133,0.023337,0.023337
65.000000,6.700000,6.500000,144.000000,0.000000,13.986384,0.054864,134.000000,0.000000,0.000000,20.000000,0.000000,147.986384,0.054864,3.986762,A,200,10,143.986384,0.054864,143.986384,0.054864,0.056528,0.056528
66.000000,6.800000,6.600000,146.000000,0.000000,13.997577,-0.025175,136.000000,0.000000,0.000000,20.000000,0.000000,149.997577,-0.025175,3.997656,A,200,10,145.997577,-0.025175,145.997577,-0.025175,0.025292,0.025292
67.000000,6.900000,6.700000,148.000000,0.000000,13.963094,0.007083,138.000000,0.000000,0.000000,20.000000,0.000000,151.963094,0.007083,3.963100,A,200,10,147.963094,0.007083,147.963094,0.007083,0.037580,0.037580
68.000000,7.000000,6.800000,150.000000,0.000000,14.006199,-0.014405,140.000000,0.000000,0.000000,20.000000,0.000000,154.006199,-0.014405,4.006225,A,200,10,150.006199,-0.014405,150.006199,-0.014405,0.015682,0.015682
69.000000,7.100000,6.900000,152.000000,0.000000,13.986483,0.020050,142.000000,0.000000,0.000000,20.000000,0.000000,155.986483,0.020050,3.986534,A,200,10,151.986483,0.020050,151.986483,0.020050,0.024180,0.024180
70.000000,7.200000,7.000000,154.000000,0.000000,13.987817,0.016955,144.000000,0.000000,0.000000,20.000000,0.000000,157.987817,0.016955,3.987853,A,200,10,153.987817,0.016955,153.987817,0.016955,0.020878,0.020878
71.000000,7.300000,7.100000,156.000000,0.000000,14.025533,0.014137,146.000000,0.000000,0.000000,20.000000,0.000000,160.025533,0.014137,4.025557,A,200,10,156.025533,0.014137,156.025533,0.014137,0.029185,0.029185
72.000000,7.400000,7.200000,158.000000,0.000000,14.016276,-0.028192,148.000000,0.000000,0.000000,20.000000,0.000000,162.016276,-0.028192,4.016375,A,200,10,158.016276,-0.028192,158.016276,-0.028192,0.032553,0.032553
73.000000,7.500000,7.300000,160.000000,0.000000,13.984434,-0.024049,150.000000,0.000000,0.000000,20.000000,0.000000,163.984434,-0.024049,3.984506,A,200,10,159.984434,-0.024049,159.984434,-0.024049,0.028647,0.028647
74.000000,7.600000,7.400000,162.000000,0.000000,13.984222,-0.051828,152.000000,0.000000,0.000000,20.000000,0.000000,165.984222,-0.051828,3.984559,A,200,10,161.984222,-0.051828,161.984222,-0.051828,0.054176,0.054176
75.000000,7.700000,7.500000,164.000000,0.000000,14.004896,-0.002860,154.000000,0.000000,0.000000,20.000000,0.000000,168.004896,-0.002860,4.004897,A,200,10,164.004896,-0.002860,164.004896,-0.002860,0.005670,0.005670
76.000000,7.800000,7.600000,166.000000,0.000000,14.003994,0.002676,156.000000,0.000000,0.000000,20.000000,0.000000,170.003994,0.002676,4.003995,A,200,10,166.003994,0.002676,166.003994,0.002676,0.004808,0.004808
77.000000,7.900000,7.700000,168.000000,0.000000,13.987773,-0.025705,158.000000,0.000000,0.000000,20.000000,0.000000,171.987773,-0.025705,3.987855,A,200,10,167.987773,-0.025705,167.987773,-0.025705,0.028465,0.028465
78.000000,8.000000,7.800000,170.000000,0.000000,13.977603,0.018377,160.000000,0.000000,0.000000,20.000000,0.000000,173.977603,0.018377,3.977646,A,200,10,169.977603,0.018377,169.977603,0.018377,0.028971,0.028971
79.000000,8.100000,7.900000,172.000000,0.000000,14.011701,0.007860,162.000000,0.000000,0.000000,20.000000,0.000000,176.011701,0.007860,4.011709,A,200,10,172.011701,0.007860,172.011701,0.007860,0.014096,0.014096
80.000000,8.200000,8.000000,174.000000,0.000000,13.985522,0.007966,164.000000,0.000000,0.000000,20.000000,0.000000,177.985522,0.007966,3.985530,A,200,10,173.985522,0.007966,173.985522,0.007966,0.016525,0.016525
81.000000,8.300000,8.100000,176.000000,0.000000,13.981340,-0.016434,166.000000,0.000000,0.000000,20.000000,0.000000,179.981340,-0.016434,3.981374,A,200,10,175.981340,-0.016434,175.981340,-0.016434,0.024865,0.024865
82.000000,8.400000,8.200000,178.000000,0.000000,14.003547,-0.001341,168.000000,0.000000,0.000000,20.000000,0.000000,182.003547,-0.001341,4.003547,A,200,10,178.003547,-0.001341,178.003547,-0.001341,0.003792,0.003792
83.000000,8.500000,8.300000,180.000000,0.000000,14.007434,-0.028917,170.000000,0.000000,0.000000,20.000000,0.000000,184.007434,-0.028917,4.007538,A,200,10,180.007434,-0.028917,180.007434,-0.028917,0.029857,0.029857
84.000000,8.600000,8.400000,182.000000,0.000000,14.019951,-0.014654,172.000000,0.000000,0.000000,20.000000,0.000000,186.019951,-0.014654,4.019977,A,200,10,182.019951,-0.014654,182.019951,-0.014654,0.024754,0.024754
85.000000,8.700000,8.500000,184.000000,0.000000,13.985983,-0.017475,174.000000,0.000000,0.000000,20.000000,0.000000,187.985983,-0.017475,3.986021,A,200,10,183.985983,-0.017475,183.985983,-0.017475,0.022403,0.022403
86.000000,8.800000,8.600000,186.000000,0.000000,13.969756,0.025327,176.000000,0.000000,0.000000,20.000000,0.000000,189.969756,0.025327,3.969837,A,200,10,185.969756,0.025327,185.969756,0.025327,0.039448,0.039448
87.000000,8.900000,8.700000,188.000000,0.000000,14.006130,0.044349,178.000000,0.000000,0.000000,20.000000,0.000000,192.006130,0.044349,4.006376,A,200,10,188.006130,0.044349,188.006130,0.044349,0.044770,0.044770
88.000000,9.000000,8.800000,190.000000,0.000000,13.997006,0.001689,180.000000,0.000000,0.000000,20.000000,0.000000,193.997006,0.001689,3.997006,A,200,10,189.997006,0.001689,189.997006,0.001689,0.003438,0.003438
89.000000,9.100000,8.900000,192.000000,0.000000,13.974752,0.000905,182.000000,0.000000,0.000000,20.000000,0.000000,195.974752,0.000905,3.974752,A,200,10,191.974752,0.000905,191.974752,0.000905,0.025264,0.025264
90.000000,9.200000,9.000000,194.000000,0.000000,14.011503,0.013994,184.000000,0.000000,0.000000,20.000000,0.000000,198.011503,0.013994,4.011528,A,200,10,194.011503,0.013994,194.011503,0.013994,0.018115,0.018115
91.000000,9.300000,9.100000,196.000000,0.000000,13.975461,-0.004338,186.000000,0.000000,0.000000,20.000000,0.000000,199.975461,-0.004338,3.975463,A,200,10,195.975461,-0.004338,195.975461,-0.004338,0.024920,0.024920
92.000000,9.400000,9.200000,198.000000,0.000000,13.989037,0.004624,188.000000,0.000000,0.000000,20.000000,0.000000,201.989037,0.004624,3.989040,A,200,10,197.989037,0.004624,197.989037,0.004624,0.011898,0.011898
93.000000,9.500000,9.300000,200.000000,0.000000,13.980825,0.009188,190.000000,0.000000,0.000000,20.000000,0.000000,203.980825,0.009188,3.980836,A,200,10,199.980825,0.009188,199.980825,0.009188,0.021262,0.021262
94.000000,9.600000,9.400000,202.000000,0.000000,13.982462,0.022530,192.000000,0.000000,0.000000,20.000000,0.000000,205.982462,0.022530,3.982525,A,200,10,201.982462,0.022530,201.982462,0.022530,0.028551,0.028551
95.000000,9.700000,9.500000,204.000000,0.000000,14.003199,-0.033865,194.000000,0.000000,0.000000,20.000000,0.000000,208.003199,-0.033865,4.003342,A,200,10,204.003199,-0.033865,204.003199,-0.033865,0.034016,0.034016
96.000000,9.800000,9.600000,206.000000,0.000000,13.971815,0.006303,196.000000,0.000000,0.000000,20.000000,0.000000,209.971815,0.006303,3.971820,A,200,10,205.971815,0.006303,205.971815,0.006303,0.028881,0.028881
97.000000,9.900000,9.700000,208.000000,0.000000,13.980796,0.004820,198.000000,0.000000,0.000000,20.000000,0.000000,211.980796,0.004820,3.980799,A,200,10,207.980796,0.004820,207.980796,0.004820,0.019799,0.019799
98.000000,10.000000,9.800000,210.000000,0.000000,13.994363,-0.017998,200.000000,0.000000,0.000000,20.000000,0.000000,213.994363,-0.017998,3.994404,A,200,10,209.994363,-0.017998,209.994363,-0.017998,0.018860,0.018860
99.000000,10.100000,9.900000,212.000000,0.000000,14.013757,-0.030651,202.000000,0.000000,0.000000,20.000000,0.000000,216.013757,-0.030651,4.013874,A,200,10,212.013757,-0.030651,212.013757,-0.030651,0.033597,0.033597
0.000000,0.200000,0.000000,24.000000,0.000000,23.998695,0.033263,4.000000,0.000000,0.000000,20.000000,0.000000,27.998695,0.033263,3.998833,A,200,20,23.998695,0.033263,23.998695,0.033263,0.033288,0.033288
1.000000,0.300000,0.100000,26.000000,0.000000,24.010811,-0.020707,6.000000,0.000000,0.000000,20.000000,0.000000,30.010811,-0.020707,4.010864,A,200,20,26.010811,-0.020707,26.010811,-0.020707,0.023359,0.023359
2.000000,0.400000,0.200000,28.000000,0.000000,24.044404,0.034441,8.000000,0.000000,0.000000,20.000000,0.000000,32.044404,0.034441,4.044551,A,200,20,28.044404,0.034441,28.044404,0.034441,0.056195,0.056195
3.000000,0.500000,0.300000,30.000000,0.000000,24.018314,0.027473,10.000000,0.000000,0.000000,20.000000,0.000000,34.018314,0.027473,4.018408,A,200,20,30.018314,0.027473,30.018314,0.027473,0.033017,0.033017
4.000000,0.600000,0.400000,32.000000,0.000000,24.028641,-0.002437,12.000000,0.000000,0.000000,20.000000,0.000000,36.028641,-0.002437,4.028642,A,200,20,32.028641,-0.002437,32.028641,-0.002437,0.028745,0.028745
5.000000,0.700000,0.500000,34.000000,0.000000,24.004352,-0.016340,14.000000,0.000000,0.000000,20.000000,0.000000,38.004352,-0.016340,4.004385,A,200,20,34.004352,-0.016340,34.004352,-0.016340,0.016909,0.016909
6.000000,0.800000,0.600000,36.000000,0.000000,23.988377,0.030744,16.000000,0.000000,0.000000,20.000000,0.000000,39.988377,0.030744,3.988496,A,200,20,35.988377,0.030744,35.988377,0.030744,0.032867,0.032867
7.000000,0.900000,0.700000,38.000000,0.000000,24.013199,-0.000035,18.000000,0.000000,0.000000,20.000000,0.000000,42.013199,-0.000035,4.013199,A,200,20,38.013199,-0.000035,38.013199,-0.000035,0.013199,0.013199
8.000000,1.000000,0.800000,40.000000,0.000000,23.970484,0.008325,20.000000,0.000000,0.000000,20.000000,0.000000,43.970484,0.008325,3.970493,A,200,20,39.970484,0.008325,39.970484,0.008325,0.030668,0.030668
9.000000,1.100000,0.900000,42.000000,0.000000,24.012988,-0.024927,22.000000,0.000000,0.000000,20.000000,0.000000,46.012988,-0.024927,4.013066,A,200,20,42.012988,-0.024927,42.012988,-0.024927,0.028108,0.028108
10.000000,1.200000,1.000000,44.000000,0.000000,23.990359,0.017482,24.000000,0.000000,0.000000,20.000000,0.000000,47.990359,0.017482,3.990397,A,200,20,43.990359,0.017482,43.990359,0.017482,0.019964,0.019964
11.000000,1.300000,1.100000,46.000000,0.000000,24.026426,-0.028786,26.000000,0.000000,0.000000,20.000000,0.000000,50.026426,-0.028786,4.026529,A,200,20,46.026426,-0.028786,46.026426,-0.028786,0.039076,0.039076
12.000000,1.400000,1.200000,48.000000,0.000000,23.993868,0.007955,28.000000,0.000000,0.000000,20.000000,0.000000,51.993868,0.007955,3.993876,A,200,20,47.993868,0.007955,47.993868,0.007955,0.010044,0.010044
13.000000,1.500000,1.300000,50.000000,0.000000,24.026324,0.032204,30.000000,0.000000,0.000000,20.000000,0.000000,54.026324,0.032204,4.026453,A,200,20,50.026324,0.032204,50.026324,0.032204,0.041594,0.041594
14.000000,1.600000,1.400000,52.000000,0.000000,23.988048,-0.008246,32.000000,0.000000,0.000000,20.000000,0.000000,55.988048,-0.008246,3.988057,A,200,20,51.988048,-0.008246,51.988048,-0.008246,0.014521,0.014521
15.000000,1.700000,1.500000,54.000000,0.000000,23.975348,-0.023661,34.000000,0.000000,0.000000,20.000000,0.000000,57.975348,-0.023661,3.975419,A,200,20,53.975348,-0.023661,53.975348,-0.023661,0.034170,0.034170
16.000000,1.800000,1.600000,56.000000,0.000000,23.989781,0.005480,36.000000,0.000000,0.000000,20.000000,0.000000,59.989781,0.005480,3.989784,A,200,20,55.989781,0.005480,55.989781,0.005480,0.011596,0.011596
17.000000,1.900000,1.700000,58.000000,0.000000,24.007131,0.006165,38.000000,0.000000,0.000000,20.000000,0.000000,62.007131,0.006165,4.007136,A,200,20,58.007131,0.006165,58.007131,0.006165,0.009427,0.009427
18.000000,2.000000,1.800000,60.000000,0.000000,24.023141,-0.006263,40.000000,0.000000,0.000000,20.000000,0.000000,64.023141,-0.006263,4.023145,A,200,20,60.023141,-0.006263,60.023141,-0.006263,0.023973,0.023973
19.000000,2.100000,1.900000,62.000000,0.000000,23.998477,-0.017828,42.000000,0.000000,0.000000,20.000000,0.000000,65.998477,-0.017828,3.998517,A,200,20,61.998477,-0.017828,61.998477,-0.017828,0.017893,0.017893
20.000000,2.200000,2.000000,64.000000,0.000000,24.005732,0.004565,44.000000,0.000000,0.000000,20.000000,0.000000,68.005732,0.004565,4.005735,A,200,20,64.005732,0.004565,64.005732,0.004565,0.007328,0.007328
21.000000,2.300000,2.100000,66.000000,0.000000,24.016324,-0.020590,46.000000,0.000000,0.000000,20.000000,0.000000,70.016324,-0.020590,4.016377,A,200,20,66.016324,-0.020590,66.016324,-0.020590,0.026275,0.026275
22.000000,2.400000,2.200000,68.000000,0.000000,24.004825,0.004799,48.000000,0.000000,0.000000,20.000000,0.000000,72.004825,0.004799,4.004828,A,200,20,68.004825,0.004799,68.004825,0.004799,0.006805,0.006805
23.000000,2.500000,2.300000,70.000000,0.000000,23.975625,-0.003298,50.000000,0.000000,0.000000,20.000000,0.000000,73.975625,-0.003298,3.975627,A,200,20,69.975625,-0.003298,69.975625,-0.003298,0.024597,0.024597
24.000000,2.600000,2.400000,72.000000,0.000000,24.022257,-0.017678,52.000000,0.000000,0.000000,20.000000,0.000000,76.022257,-0.017678,4.022296,A,200,20,72.022257,-0.017678,72.022257,-0.017678,0.028424,0.028424
25.000000,2.700000,2.500000,74.000000,0.000000,24.028705,0.010052,54.000000,0.000000,0.000000,20.000000,0.000000,78.028705,0.010052,4.028718,A,200,20,74.028705,0.010052,74.028705,0.010052,0.030414,0.030414
26.000000,2.800000,2.600000,76.000000,0.000000,24.026754,0.015510,56.000000,0.000000,0.000000,20.000000,0.000000,80.026754,0.015510,4.026784,A,200,20,76.026754,0.015510,76.026754,0.015510,0.030925,0.030925
27.000000,2.900000,2.700000,78.000000,0.000000,24.020513,-0.025028,58.000000,0.000000,0.000000,20.000000,0.000000,82.020513,-0.025028,4.020591,A,200,20,78.020513,-0.025028,78.020513,-0.025028,0.032360,0.032360
28.000000,3.000000,2.800000,80.000000,0.000000,23.978849,-0.039588,60.000000,0.000000,0.000000,20.000000,0.000000,83.978849,-0.039588,3.979046,A,200,20,79.978849,-0.039588,79.978849,-0.039588,0.044884,0.044884
29.000000,3.100000,2.900000,82.000000,0.000000,23.992096,-0.002667,62.000000,0.000000,0.000000,20.000000,0.000000,85.992096,-0.002667,3.992097,A,200,20,81.992096,-0.002667,81.992096,-0.002667,0.008342,0.008342
30.000000,3.200000,3.000000,84.000000,0.000000,23.988141,0.009307,64.000000,0.000000,0.000000,20.000000,0.000000,87.988141,0.009307,3.988152,A,200,20,83.988141,0.009307,83.988141,0.009307,0.015075,0.015075
31.000000,3.300000,3.100000,86.000000,0.000000,23.994380,0.007974,66.000000,0.000000,0.000000,20.000000,0.000000,89.994380,0.007974,3.994388,A,200,20,85.994380,0.007974,85.994380,0.007974,0.009756,0.009756
32.000000,3.400000,3.200000,88.000000,0.000000,23.995486,0.005918,68.000000,0.000000,0.000000,20.000000,0.000000,91.995486,0.005918,3.995490,A,200,20,87.995486,0.005918,87.995486,0.005918,0.007443,0.007443
33.000000,3.500000,3.300000,90.000000,0.000000,23.990838,0.000734,70.000000,0.000000,0.000000,20.000000,0.000000,93.990838,0.000734,3.990838,A,200,20,89.990838,0.000734,89.990838,0.000734,0.009192,0.009192
34.000000,3.600000,3.400000,92.000000,0.000000,24.039950,-0.031429,72.000000,0.000000,0.000000,20.000000,0.000000,96.039950,-0.031429,4.040073,A,200,20,92.039950,-0.031429,92.039950,-0.031429,0.050831,0.050831
35.000000,3.700000,3.500000,94.000000,0.000000,23.978701,-0.026930,74.000000,0.000000,0.000000,20.000000,0.000000,97.978701,-0.026930,3.978792,A,200,20,93.978701,-0.026930,93.978701,-0.026930,0.034334,0.034334
36.000000,3.800000,3.600000,96.000000,0.000000,24.001011,0.007794,76.000000,0.000000,0.000000,20.000000,0.000000,100.001011,0.007794,4.001019,A,200,20,96.001011,0.007794,96.001011,0.007794,0.007860,0.007860
37.000000,3.900000,3.700000,98.000000,0.000000,24.024281,0.004651,78.000000,0.000000,0.000000,20.000000,0.000000,102.024281,0.004651,4.024284,A,200,20,98.024281,0.004651,98.024281,0.004651,0.024723,0.024723
38.000000,4.000000,3.800000,100.000000,0.000000,23.987124,0.006594,80.000000,0.000000,0.000000,20.000000,0.000000,103.987124,0.006594,3.987130,A,200,20,99.987124,0.006594,99.987124,0.006594,0.014466,0.014466
39.000000,4.100000,3.900000,102.000000,0.000000,23.989433,-0.019945,82.000000,0.000000,0.000000,20.000000,0.000000,105.989433,-0.019945,3.989483,A,200,20,101.989433,-0.019945,101.989433,-0.019945,0.022571,0.022571
40.000000,4.200000,4.000000,104.000000,0.000000,23.985367,-0.020016,84.000000,0.000000,0.000000,20.000000,0.000000,107.985367,-0.020016,3.985418,A,200,20,103.985367,-0.020016,103.985367,-0.020016,0.024794,0.024794
41.000000,4.300000,4.100000,106.000000,0.000000,24.007123,-0.039169,86.000000,0.000000,0.000000,20.000000,0.000000,110.007123,-0.039169,4.007314,A,200,20,106.007123,-0.039169,106.007123,-0.039169,0.039811,0.039811
42.000000,4.400000,4.200000,108.000000,0.000000,23.994609,-0.013192,88.000000,0.000000,0.000000,20.000000,0.000000,111.994609,-0.013192,3.994631,A,200,20,107.994609,-0.013192,107.994609,-0.013192,0.014251,0.014251
43.000000,4.500000,4.300000,110.000000,0.000000,24.029844,0.031036,90.000000,0.000000,0.000000,20.000000,0.000000,114.029844,0.031036,4.029963,A,200,20,110.029844,0.031036,110.029844,0.031036,0.043057,0.043057
44.000000,4.600000,4.400000,112.000000,0.000000,24.045800,0.016956,92.000000,0.000000,0.000000,20.000000,0.000000,116.045800,0.016956,4.045835,A,200,20,112.045800,0.016956,112.045800,0.016956,0.048838,0.048838
45.000000,4.700000,4.500000,114.000000,0.000000,24.019161,0.038878,94.000000,0.000000,0.000000,20.000000,0.000000,118.019161,0.038878,4.019349,A,200,20,114.019161,0.038878,114.019161,0.038878,0.043344,0.043344
46.000000,4.800000,4.600000,116.000000,0.000000,24.006197,0.012337,96.000000,0.000000,0.000000,20.000000,0.000000,120.006197,0.012337,4.006216,A,200,20,116.006197,0.012337,116.006197,0.012337,0.013806,0.013806
47.000000,4.900000,4.700000,118.000000,0.000000,24.011752,0.001428,98.000000,0.000000,0.000000,20.000000,0.000000,122.011752,0.001428,4.011753,A,200,20,118.011752,0.001428,118.011752,0.001428,0.011839,0.011839
48.000000,5.000000,4.800000,120.000000,0.000000,24.033101,0.012503,100.000000,0.000000,0.000000,20.000000,0.000000,124.033101,0.012503,4.033120,A,200,20,120.033101,0.012503,120.033101,0.012503,0.035384,0.035384
49.000000,5.100000,4.900000,122.000000,0.000000,23.991845,0.004564,102.000000,0.000000,0.000000,20.000000,0.000000,125.991845,0.004564,3.991847,A,200,20,121.991845,0.004564,121.991845,0.004564,0.009346,0.009346
50.000000,5.200000,5.000000,124.000000,0.000000,23.988067,-0.003354,104.000000,0.000000,0.000000,20.000000,0.000000,127.988067,-0.003354,3.988068,A,200,20,123.988067,-0.003354,123.988067,-0.003354,0.012396,0.012396
51.000000,5.300000,5.100000,126.000000,0.000000,24.003977,-0.058158,106.000000,0.000000,0.000000,20.000000,0.000000,130.003977,-0.058158,4.004399,A,200,20,126.003977,-0.058158,126.003977,-0.058158,0.058294,0.058294
52.000000,5.400000,5.200000,128.000000,0.000000,24.017675,0.020417,108.000000,0.000000,0.000000,20.000000,0.000000,132.017675,0.020417,4.017727,A,200,20,128.017675,0.020417,128.017675,0.020417,0.027005,0.027005
53.000000,5.500000,5.300000,130.000000,0.000000,23.968158,0.008976,110.000000,0.000000,0.000000,20.000000,0.000000,133.968158,0.008976,3.968168,A,200,20,129.968158,0.008976,129.968158,0.008976,0.033083,0.033083
54.000000,5.600000,5.400000,132.000000,0.000000,24.012684,-0.004835,112.000000,0.000000,0.000000,20.000000,0.000000,136.012684,-0.004835,4.012687,A,200,20,132.012684,-0.004835,132.012684,-0.004835,0.013574,0.013574
55.000000,5.700000,5.500000,134.000000,0.000000,24.015350,0.015396,114.000000,0.000000,0.000000,20.000000,0.000000,138.015350,0.015396,4.015380,A,200,20,134.015350,0.015396,134.015350,0.015396,0.021741,0.021741
56.000000,5.800000,5.600000,136.000000,0.000000,23.973971,0.023643,116.000000,0.000000,0.000000,20.000000,0.000000,139.973971,0.023643,3.974041,A,200,20,135.973971,0.023643,135.973971,0.023643,0.035164,0.035164
57.000000,5.900000,5.700000,138.000000,0.000000,24.029347,-0.041623,118.000000,0.000000,0.000000,20.000000,0.000000,142.029347,-0.041623,4.029562,A,200,20,138.029347,-0.041623,138.029347,-0.041623,0.050928,0.050928
58.000000,6.000000,5.800000,140.000000,0.000000,24.020951,-0.013984,120.000000,0.000000,0.000000,20.000000,0.000000,144.020951,-0.013984,4.020976,A,200,20,140.020951,-0.013984,140.020951,-0.013984,0.025189,0.025189
59.000000,6.100000,5.900000,142.000000,0.000000,23.986158,0.004430,122.000000,0.000000,0.000000,20.000000,0.000000,145.986158,0.004430,3.986160,A,200,20,141.986158,0.004430,141.986158,0.004430,0.014534,0.014534
60.000000,6.200000,6.000000,144.000000,0.000000,24.016476,-0.013126,124.000000,0.000000,0.000000,20.000000,0.000000,148.016476,-0.013126,4.016498,A,200,20,144.016476,-0.013126,144.016476,-0.013126,0.021065,0.021065
61.000000,6.300000,6.100000,146.000000,0.000000,23.982618,0.007859,126.000000,0.000000,0.000000,20.000000,0.000000,149.982618,0.007859,3.982626,A,200,20,145.982618,0.007859,145.982618,0.007859,0.019076,0.019076
62.000000,6.400000,6.200000,148.000000,0.000000,23.982944,0.031005,128.000000,0.000000,0.000000,20.000000,0.000000,151.982944,0.031005,3.983065,A,200,20,147.982944,0.031005,147.982944,0.031005,0.035386,0.035386
63.000000,6.500000,6.300000,150.000000,0.000000,24.008787,0.010114,130.000000,0.000000,0.000000,20.000000,0.000000,154.008787,0.010114,4.008800,A,200,20,150.008787,0.010114,150.008787,0.010114,0.013398,0.013398
64.000000,6.600000,6.400000,152.000000,0.000000,24.012169,0.019769,132.000000,0.000000,0.000000,20.000000,0.000000,156.012169,0.019769,4.012218,A,200,20,152.012169,0.019769,152.012169,0.019769,0.023215,0.023215
65.000000,6.700000,6.500000,154.000000,0.000000,24.020450,0.003101,134.000000,0.000000,0.000000,20.000000,0.000000,158.020450,0.003101,4.020451,A,200,20,154.020450,0.003101,154.020450,0.003101,0.020684,0.020684
66.000000,6.800000,6.600000,156.000000,0.000000,24.001498,0.000506,136.000000,0.000000,0.000000,20.000000,0.000000,160.001498,0.000506,4.001498,A,200,20,156.001498,0.000506,156.001498,0.000506,0.001582,0.001582
67.000000,6.900000,6.700000,158.000000,0.000000,23.995986,0.005350,138.000000,0.000000,0.000000,20.000000,0.000000,161.995986,0.005350,3.995990,A,200,20,157.995986,0.005350,157.995986,0.005350,0.006688,0.006688
68.000000,7.000000,6.800000,160.000000,0.000000,23.986333,0.006739,140.000000,0.000000,0.000000,20.000000,0.000000,163.986333,0.006739,3.986338,A,200,20,159.986333,0.006739,159.986333,0.006739,0.015238,0.015238
69.000000,7.100000,6.900000,162.000000,0.000000,23.981688,0.011844,142.000000,0.000000,0.000000,20.000000,0.000000,165.981688,0.011844,3.981706,A,200,20,161.981688,0.011844,161.981688,0.011844,0.021808,0.021808
70.000000,7.200000,7.000000,164.000000,0.000000,24.030216,-0.009410,144.000000,0.000000,0.000000,20.000000,0.000000,168.030216,-0.009410,4.030227,A,200,20,164.030216,-0.009410,164.030216,-0.009410,0.031647,0.031647
71.000000,7.300000,7.100000,166.000000,0.000000,24.030341,0.024400,146.000000,0.000000,0.000000,20.000000,0.000000,170.030341,0.024400,4.030415,A,200,20,166.030341,0.024400,166.030341,0.024400,0.038935,0.038935
72.000000,7.400000,7.200000,168.000000,0.000000,24.013822,-0.007724,148.000000,0.000000,0.000000,20.000000,0.000000,172.013822,-0.007724,4.013829,A,200,20,168.013822,-0.007724,168.013822,-0.007724,0.015834,0.015834
73.000000,7.500000,7.300000,170.000000,0.000000,24.016402,-0.025375,150.000000,0.000000,0.000000,20.000000,0.000000,174.016402,-0.025375,4.016482,A,200,20,170.016402,-0.025375,170.016402,-0.025375,0.030214,0.030214
74.000000,7.600000,7.400000,172.000000,0.000000,23.974563,-0.016580,152.000000,0.000000,0.000000,20.000000,0.000000,175.974563,-0.016580,3.974598,A,200,20,171.974563,-0.016580,171.974563,-0.016580,0.030363,0.030363
75.000000,7.700000,7.500000,174.000000,0.000000,24.008678,-0.001217,154.000000,0.000000,0.000000,20.000000,0.000000,178.008678,-0.001217,4.008678,A,200,20,174.008678,-0.001217,174.008678,-0.001217,0.008763,0.008763
76.000000,7.800000,7.600000,176.000000,0.000000,24.038073,0.026870,156.000000,0.000000,0.000000,20.000000,0.000000,180.038073,0.026870,4.038162,A,200,20,176.038073,0.026870,176.038073,0.026870,0.046600,0.046600
77.000000,7.900000,7.700000,178.000000,0.000000,24.001887,0.049389,158.000000,0.000000,0.000000,20.000000,0.000000,182.001887,0.049389,4.002191,A,200,20,178.001887,0.049389,178.001887,0.049389,0.049425,0.049425
78.000000,8.000000,7.800000,180.000000,0.000000,24.034403,0.003056,160.000000,0.000000,0.000000,20.000000,0.000000,184.034403,0.003056,4.034404,A,200,20,180.034403,0.003056,180.034403,0.003056,0.034538,0.034538
79.000000,8.100000,7.900000,182.000000,0.000000,24.004090,-0.017336,162.000000,0.000000,0.000000,20.000000,0.000000,186.004090,-0.017336,4.004128,A,200,20,182.004090,-0.017336,182.004090,-0.017336,0.017812,0.017812
80.000000,8.200000,8.000000,184.000000,0.000000,24.001446,0.004998,164.000000,0.000000,0.000000,20.000000,0.000000,188.001446,0.004998,4.001449,A,200,20,184.001446,0.004998,184.001446,0.004998,0.005203,0.005203
81.000000,8.300000,8.100000,186.000000,0.000000,24.016373,-0.016100,166.000000,0.000000,0.000000,20.000000,0.000000,190.016373,-0.016100,4.016405,A,200,20,186.016373,-0.016100,186.016373,-0.016100,0.022962,0.022962
82.000000,8.400000,8.200000,188.000000,0.000000,24.008151,-0.004988,168.000000,0.000000,0.000000,20.000000,0.000000,192.008151,-0.004988,4.008154,A,200,20,188.008151,-0.004988,188.008151,-0.004988,0.009556,0.009556
83.000000,8.500000,8.300000,190.000000,0.000000,23.996548,-0.016339,170.000000,0.000000,0.000000,20.000000,0.000000,193.996548,-0.016339,3.996581,A,200,20,189.996548,-0.016339,189.996548,-0.016339,0.016700,0.016700
84.000000,8.600000,8.400000,192.000000,0.000000,23.982892,-0.022764,172.000000,0.000000,0.000000,20.000000,0.000000,195.982892,-0.022764,3.982957,A,200,20,191.982892,-0.022764,191.982892,-0.022764,0.028476,0.028476
85.000000,8.700000,8.500000,194.000000,0.000000,24.020894,0.020396,174.000000,0.000000,0.000000,20.000000,0.000000,198.020894,0.020396,4.020946,A,200,20,194.020894,0.020396,194.020894,0.020396,0.029199,0.029199
86.000000,8.800000,8.600000,196.000000,0.000000,24.009800,-0.024132,176.000000,0.000000,0.000000,20.000000,0.000000,200.009800,-0.024132,4.009872,A,200,20,196.009800,-0.024132,196.009800,-0.024132,0.026046,0.026046
87.000000,8.900000,8.700000,198.000000,0.000000,24.013098,0.033162,178.000000,0.000000,0.000000,20.000000,0.000000,202.013098,0.033162,4.013235,A,200,20,198.013098,0.033162,198.013098,0.033162,0.035655,0.035655
88.000000,9.000000,8.800000,200.000000,0.000000,23.997099,0.002553,180.000000,0.000000,0.000000,20.000000,0.000000,203.997099,0.002553,3.997100,A,200,20,199.997099,0.002553,199.997099,0.002553,0.003864,0.003864
89.000000,9.100000,8.900000,202.000000,0.000000,23.960454,-0.017859,182.000000,0.000000,0.000000,20.000000,0.000000,205.960454,-0.017859,3.960494,A,200,20,201.960454,-0.017859,201.960454,-0.017859,0.043392,0.043392
90.000000,9.200000,9.000000,204.000000,0.000000,24.027311,-0.051690,184.000000,0.000000,0.000000,20.000000,0.000000,208.027311,-0.051690,4.027643,A,200,20,204.027311,-0.051690,204.027311,-0.051690,0.058462,0.058462
91.000000,9.300000,9.100000,206.000000,0.000000,23.976583,-0.036651,186.000000,0.000000,0.000000,20.000000,0.000000,209.976583,-0.036651,3.976752,A,200,20,205.976583,-0.036651,205.976583,-0.036651,0.043493,0.043493
92.000000,9.400000,9.200000,208.000000,0.000000,24.005714,-0.021971,188.000000,0.000000,0.000000,20.000000,0.000000,212.005714,-0.021971,4.005775,A,200,20,208.005714,-0.021971,208.005714,-0.021971,0.022701,0.022701
93.000000,9.500000,9.300000,210.000000,0.000000,23.986963,-0.018681,190.000000,0.000000,0.000000,20.000000,0.000000,213.986963,-0.018681,3.987007,A,200,20,209.986963,-0.018681,209.986963,-0.018681,0.022780,0.022780
94.000000,9.600000,9.400000,212.000000,0.000000,24.004691,-0.006739,192.000000,0.000000,0.000000,20.000000,0.000000,216.004691,-0.006739,4.004697,A,200,20,212.004691,-0.006739,212.004691,-0.006739,0.008211,0.008211
95.000000,9.700000,9.500000,214.000000,0.000000,23.991872,0.035227,194.000000,0.000000,0.000000,20.000000,0.000000,217.991872,0.035227,3.992027,A,200,20,213.991872,0.035227,213.991872,0.035227,0.036152,0.036152
96.000000,9.800000,9.600000,216.000000,0.000000,24.050770,0.011005,196.000000,0.000000,0.000000,20.000000,0.000000,220.050770,0.011005,4.050784,A,200,20,216.050770,0.011005,216.050770,0.011005,0.051949,0.051949
97.000000,9.900000,9.700000,218.000000,0.000000,24.008410,0.019849,198.000000,0.000000,0.000000,20.000000,0.000000,222.008410,0.019849,4.008459,A,200,20,218.008410,0.019849,218.008410,0.019849,0.021557,0.021557
98.000000,10.000000,9.800000,220.000000,0.000000,24.026251,0.017761,200.000000,0.000000,0.000000,20.000000,0.000000,224.026251,0.017761,4.026290,A,200,20,220.026251,0.017761,220.026251,0.017761,0.031695,0.031695
99.000000,10.100000,9.900000,222.000000,0.000000,24.016209,-0.035026,202.000000,0.000000,0.000000,20.000000,0.000000,226.016209,-0.035026,4.016362,A,200,20,222.016209,-0.035026,222.016209,-0.035026,0.038595,0.038595
0.000000,0.200000,0.000000,44.000000,0.000000,43.976214,0.023033,4.000000,0.000000,0.000000,20.000000,0.000000,47.976214,0.023033,3.976280,A,200,40,43.976214,0.023033,43.976214,0.023033,0.033111,0.033111
1.000000,0.300000,0.100000,46.000000,0.000000,43.990657,-0.005327,6.000000,0.000000,0.000000,20.000000,0.000000,49.990657,-0.005327,3.990660,A,200,40,45.990657,-0.005327,45.990657,-0.005327,0.010755,0.010755
2.000000,0.400000,0.200000,48.000000,0.000000,44.035777,0.004612,8.000000,0.000000,0.000000,20.000000,0.000000,52.035777,0.004612,4.035780,A,200,40,48.035777,0.004612,48.035777,0.004612,0.036073,0.036073
3.000000,0.500000,0.300000,50.000000,0.000000,43.935794,0.005680,10.000000,0.000000,0.000000,20.000000,0.000000,53.935794,0.005680,3.935798,A,200,40,49.935794,0.005680,49.935794,0.005680,0.064456,0.064456
4.000000,0.600000,0.400000,52.000000,0.000000,43.995265,0.023519,12.000000,0.000000,0.000000,20.000000,0.000000,55.995265,0.023519,3.995334,A,200,40,51.995265,0.023519,51.995265,0.023519,0.023990,0.023990
5.000000,0.700000,0.500000,54.000000,0.000000,44.010649,-0.020451,14.000000,0.000000,0.000000,20.000000,0.000000,58.010649,-0.020451,4.010701,A,200,40,54.010649,-0.020451,54.010649,-0.020451,0.023058,0.023058
6.000000,0.800000,0.600000,56.000000,0.000000,44.022440,-0.018873,16.000000,0.000000,0.000000,20.000000,0.000000,60.022440,-0.018873,4.022484,A,200,40,56.022440,-0.018873,56.022440,-0.018873,0.029321,0.029321
7.000000,0.900000,0.700000,58.000000,0.000000,44.018475,-0.002268,18.000000,0.000000,0.000000,20.000000,0.000000,62.018475,-0.002268,4.018476,A,200,40,58.018475,-0.002268,58.018475,-0.002268,0.018614,0.018614
8.000000,1.000000,0.800000,60.000000,0.000000,43.956235,0.020243,20.000000,0.000000,0.000000,20.000000,0.000000,63.956235,0.020243,3.956287,A,200,40,59.956235,0.020243,59.956235,0.020243,0.048220,0.048220
9.000000,1.100000,0.900000,62.000000,0.000000,43.982526,0.000896,22.000000,0.000000,0.000000,20.000000,0.000000,65.982526,0.000896,3.982526,A,200,40,61.982526,0.000896,61.982526,0.000896,0.017497,0.017497
10.000000,1.200000,1.000000,64.000000,0.000000,43.999355,-0.013416,24.000000,0.000000,0.000000,20.000000,0.000000,67.999355,-0.013416,3.999378,A,200,40,63.999355,-0.013416,63.999355,-0.013416,0.013432,0.013432
11.000000,1.300000,1.100000,66.000000,0.000000,43.980454,0.030661,26.000000,0.000000,0.000000,20.000000,0.000000,69.980454,0.030661,3.980572,A,200,40,65.980454,0.030661,65.980454,0.030661,0.036361,0.036361
12.000000,1.400000,1.200000,68.000000,0.000000,43.982281,0.012705,28.000000,0.000000,0.000000,20.000000,0.000000,71.982281,0.012705,3.982301,A,200,40,67.982281,0.012705,67.982281,0.012705,0.021804,0.021804
13.000000,1.500000,1.300000,70.000000,0.000000,43.996331,0.001824,30.000000,0.000000,0.000000,20.000000,0.000000,73.996331,0.001824,3.996332,A,200,40,69.996331,0.001824,69.996331,0.001824,0.004097,0.004097
14.000000,1.600000,1.400000,72.000000,0.000000,43.984206,-0.008136,32.000000,0.000000,0.000000,20.000000,0.000000,75.984206,-0.008136,3.984214,A,200,40,71.984206,-0.008136,71.984206,-0.008136,0.017767,0.017767
15.000000,1.700000,1.500000,74.000000,0.000000,44.000105,-0.013906,34.000000,0.000000,0.000000,20.000000,0.000000,78.000105,-0.013906,4.000130,A,200,40,74.000105,-0.013906,74.000105,-0.013906,0.013906,0.013906
16.000000,1.800000,1.600000,76.000000,0.000000,43.980696,-0.022265,36.000000,0.000000,0.000000,20.000000,0.000000,79.980696,-0.022265,3.980759,A,200,40,75.980696,-0.022265,75.980696,-0.022265,0.029468,0.029468
17.000000,1.900000,1.700000,78.000000,0.000000,43.987253,-0.010432,38.000000,0.000000,0.000000,20.000000,0.000000,81.987253,-0.010432,3.987267,A,200,40,77.987253,-0.010432,77.987253,-0.010432,0.016472,0.016472
18.000000,2.000000,1.800000,80.000000,0.000000,43.992730,-0.004057,40.000000,0.000000,0.000000,20.000000,0.000000,83.992730,-0.004057,3.992732,A,200,40,79.992730,-0.004057,79.992730,-0.004057,0.008325,0.008325
19.000000,2.100000,1.900000,82.000000,0.000000,44.004414,0.003102,42.000000,0.000000,0.000000,20.000000,0.000000,86.004414,0.003102,4.004415,A,200,40,82.004414,0.003102,82.004414,0.003102,0.005395,0.005395
20.000000,2.200000,2.000000,84.000000,0.000000,44.006266,-0.004637,44.000000,0.000000,0.000000,20.000000,0.000000,88.006266,-0.004637,4.006268,A,200,40,84.006266,-0.004637,84.006266,-0.004637,0.007795,0.007795
21.000000,2.300000,2.100000,86.000000,0.000000,44.014200,-0.004667,46.000000,0.000000,0.000000,20.000000,0.000000,90.014200,-0.004667,4.014203,A,200,40,86.014200,-0.004667,86.014200,-0.004667,0.014948,0.014948
22.000000,2.400000,2.200000,88.000000,0.000000,43.997597,-0.014507,48.000000,0.000000,0.000000,20.000000,0.000000,91.997597,-0.014507,3.997623,A,200,40,87.997597,-0.014507,87.997597,-0.014507,0.014705,0.014705
23.000000,2.500000,2.300000,90.000000,0.000000,43.986824,-0.012599,50.000000,0.000000,0.000000,20.000000,0.000000,93.986824,-0.012599,3.986844,A,200,40,89.986824,-0.012599,89.986824,-0.012599,0.018230,0.018230
24.000000,2.600000,2.400000,92.000000,0.000000,43.963479,-0.009432,52.000000,0.000000,0.000000,20.000000,0.000000,95.963479,-0.009432,3.963490,A,200,40,91.963479,-0.009432,91.963479,-0.009432,0.037720,0.037720
25.000000,2.700000,2.500000,94.000000,0.000000,44.005307,0.024551,54.000000,0.000000,0.000000,20.000000,0.000000,98.005307,0.024551,4.005382,A,200,40,94.005307,0.024551,94.005307,0.024551,0.025118,0.025118
26.000000,2.800000,2.600000,96.000000,0.000000,43.947058,0.022384,56.000000,0.000000,0.000000,20.000000,0.000000,99.947058,0.022384,3.947121,A,200,40,95.947058,0.022384,95.947058,0.022384,0.057480,0.057480
27.000000,2.900000,2.700000,98.000000,0.000000,44.013565,-0.006660,58.000000,0.000000,0.000000,20.000000,0.000000,102.013565,-0.006660,4.013570,A,200,40,98.013565,-0.006660,98.013565,-0.006660,0.015111,0.015111
28.000000,3.000000,2.800000,100.000000,0.000000,43.999437,0.012438,60.000000,0.000000,0.000000,20.000000,0.000000,103.999437,0.012438,3.999456,A,200,40,99.999437,0.012438,99.999437,0.012438,0.012451,0.012451
29.000000,3.100000,2.900000,102.000000,0.000000,44.000815,0.024644,62.000000,0.000000,0.000000,20.000000,0.000000,106.000815,0.024644,4.000891,A,200,40,102.000815,0.024644,102.000815,0.024644,0.024658,0.024658
30.000000,3.200000,3.000000,104.000000,0.000000,43.994697,0.010300,64.000000,0.000000,0.000000,20.000000,0.000000,107.994697,0.010300,3.994710,A,200,40,103.994697,0.010300,103.994697,0.010300,0.011585,0.011585
31.000000,3.300000,3.100000,106.000000,0.000000,44.022252,-0.013975,66.000000,0.000000,0.000000,20.000000,0.000000,110.022252,-0.013975,4.022276,A,200,40,106.022252,-0.013975,106.022252,-0.013975,0.026277,0.026277
32.000000,3.400000,3.200000,108.000000,0.000000,43.992972,0.008875,68.000000,0.000000,0.000000,20.000000,0.000000,111.992972,0.008875,3.992982,A,200,40,107.992972,0.008875,107.992972,0.008875,0.011321,0.011321
33.000000,3.500000,3.300000,110.000000,0.000000,44.025438,-0.023539,70.000000,0.000000,0.000000,20.000000,0.000000,114.025438,-0.023539,4.025507,A,200,40,110.025438,-0.023539,110.025438,-0.023539,0.034658,0.034658
34.000000,3.600000,3.400000,112.000000,0.000000,44.023289,0.014157,72.000000,0.000000,0.000000,20.000000,0.000000,116.023289,0.014157,4.023314,A,200,40,112.023289,0.014157,112.023289,0.014157,0.027255,0.027255
35.000000,3.700000,3.500000,114.000000,0.000000,43.984405,-0.020780,74.000000,0.000000,0.000000,20.000000,0.000000,117.984405,-0.020780,3.984459,A,200,40,113.984405,-0.020780,113.984405,-0.020780,0.025981,0.025981
36.000000,3.800000,3.600000,116.000000,0.000000,44.024536,-0.033313,76.000000,0.000000,0.000000,20.000000,0.000000,120.024536,-0.033313,4.024674,A,200,40,116.024536,-0.033313,116.024536,-0.033313,0.041374,0.041374
37.000000,3.900000,3.700000,118.000000,0.000000,44.001717,0.014205,78.000000,0.000000,0.000000,20.000000,0.000000,122.001717,0.014205,4.001742,A,200,40,118.001717,0.014205,118.001717,0.014205,0.014309,0.014309
38.000000,4.000000,3.800000,120.000000,0.000000,43.992014,0.030199,80.000000,0.000000,0.000000,20.000000,0.000000,123.992014,0.030199,3.992129,A,200,40,119.992014,0.030199,119.992014,0.030199,0.031237,0.031237
39.000000,4.100000,3.900000,122.000000,0.000000,43.975190,0.009707,82.000000,0.000000,0.000000,20.000000,0.000000,125.975190,0.009707,3.975202,A,200,40,121.975190,0.009707,121.975190,0.009707,0.026641,0.026641
40.000000,4.200000,4.000000,124.000000,0.000000,44.000276,0.025395,84.000000,0.000000,0.000000,20.000000,0.000000,128.000276,0.025395,4.000356,A,200,40,124.000276,0.025395,124.000276,0.025395,0.025396,0.025396
41.000000,4.300000,4.100000,126.000000,0.000000,43.992636,0.018586,86.000000,0.000000,0.000000,20.000000,0.000000,129.992636,0.018586,3.992680,A,200,40,125.992636,0.018586,125.992636,0.018586,0.019992,0.019992
42.000000,4.400000,4.200000,128.000000,0.000000,44.017387,-0.008507,88.000000,0.000000,0.000000,20.000000,0.000000,132.017387,-0.008507,4.017396,A,200,40,128.017387,-0.008507,128.017387,-0.008507,0.019356,0.019356
43.000000,4.500000,4.300000,130.000000,0.000000,44.008749,-0.018043,90.000000,0.000000,0.000000,20.000000,0.000000,134.008749,-0.018043,4.008790,A,200,40,130.008749,-0.018043,130.008749,-0.018043,0.020052,0.020052
44.000000,4.600000,4.400000,132.000000,0.000000,43.978551,0.003814,92.000000,0.000000,0.000000,20.000000,0.000000,135.978551,0.003814,3.978552,A,200,40,131.978551,0.003814,131.978551,0.003814,0.021786,0.021786
45.000000,4.700000,4.500000,134.000000,0.000000,44.008699,-0.009841,94.000000,0.000000,0.000000,20.000000,0.000000,138.008699,-0.009841,4.008711,A,200,40,134.008699,-0.009841,134.008699,-0.009841,0.013135,0.013135
46.000000,4.800000,4.600000,136.000000,0.000000,43.995713,0.023462,96.000000,0.000000,0.000000,20.000000,0.000000,139.995713,0.023462,3.995782,A,200,40,135.995713,0.023462,135.995713,0.023462,0.023851,0.023851
47.000000,4.900000,4.700000,138.000000,0.000000,43.988103,0.033091,98.000000,0.000000,0.000000,20.000000,0.000000,141.988103,0.033091,3.988240,A,200,40,137.988103,0.033091,137.988103,0.033091,0.035164,0.035164
48.000000,5.000000,4.800000,140.000000,0.000000,44.001668,0.011878,100.000000,0.000000,0.000000,20.000000,0.000000,144.001668,0.011878,4.001686,A,200,40,140.001668,0.011878,140.001668,0.011878,0.011995,0.011995
49.000000,5.100000,4.900000,142.000000,0.000000,44.041085,-0.012985,102.000000,0.000000,0.000000,20.000000,0.000000,146.041085,-0.012985,4.041105,A,200,40,142.041085,-0.012985,142.041085,-0.012985,0.043088,0.043088
50.000000,5.200000,5.000000,144.000000,0.000000,44.043596,-0.005710,104.000000,0.000000,0.000000,20.000000,0.000000,148.043596,-0.005710,4.043600,A,200,40,144.043596,-0.005710,144.043596,-0.005710,0.043969,0.043969
51.000000,5.300000,5.100000,146.000000,0.000000,44.000928,0.019813,106.000000,0.000000,0.000000,20.000000,0.000000,150.000928,0.019813,4.000977,A,200,40,146.000928,0.019813,146.000928,0.019813,0.019835,0.019835
52.000000,5.400000,5.200000,148.000000,0.000000,43.991208,0.024552,108.000000,0.000000,0.000000,20.000000,0.000000,151.991208,0.024552,3.991283,A,200,40,147.991208,0.024552,147.991208,0.024552,0.026079,0.026079
53.000000,5.500000,5.300000,150.000000,0.000000,43.988406,0.023567,110.000000,0.000000,0.000000,20.000000,0.000000,153.988406,0.023567,3.988475,A,200,40,149.988406,0.023567,149.988406,0.023567,0.026265,0.026265
54.000000,5.600000,5.400000,152.000000,0.000000,44.019110,-0.002526,112.000000,0.000000,0.000000,20.000000,0.000000,156.019110,-0.002526,4.019111,A,200,40,152.019110,-0.002526,152.019110,-0.002526,0.019276,0.019276
55.000000,5.700000,5.500000,154.000000,0.000000,43.995964,-0.041661,114.000000,0.000000,0.000000,20.000000,0.000000,157.995964,-0.041661,3.996181,A,200,40,153.995964,-0.041661,153.995964,-0.041661,0.041856,0.041856
56.000000,5.800000,5.600000,156.000000,0.000000,44.009929,-0.020938,116.000000,0.000000,0.000000,20.000000,0.000000,160.009929,-0.020938,4.009983,A,200,40,156.009929,-0.020938,156.009929,-0.020938,0.023173,0.023173
57.000000,5.900000,5.700000,158.000000,0.000000,44.010063,-0.015785,118.000000,0.000000,0.000000,20.000000,0.000000,162.010063,-0.015785,4.010094,A,200,40,158.010063,-0.015785,158.010063,-0.015785,0.018720,0.018720
58.000000,6.000000,5.800000,160.000000,0.000000,44.011157,-0.005840,120.000000,0.000000,0.000000,20.000000,0.000000,164.011157,-0.005840,4.011162,A,200,40,160.011157,-0.005840,160.011157,-0.005840,0.012593,0.012593
59.000000,6.100000,5.900000,162.000000,0.000000,43.984508,0.005975,122.000000,0.000000,0.000000,20.000000,0.000000,165.984508,0.005975,3.984513,A,200,40,161.984508,0.005975,161.984508,0.005975,0.016604,0.016604
60.000000,6.200000,6.000000,164.000000,0.000000,43.992856,0.032059,124.000000,0.000000,0.000000,20.000000,0.000000,167.992856,0.032059,3.992985,A,200,40,163.992856,0.032059,163.992856,0.032059,0.032845,0.032845
61.000000,6.300000,6.100000,166.000000,0.000000,43.984210,-0.001657,126.000000,0.000000,0.000000,20.000000,0.000000,169.984210,-0.001657,3.984210,A,200,40,165.984210,-0.001657,165.984210,-0.001657,0.015877,0.015877
62.000000,6.400000,6.200000,168.000000,0.000000,43.984984,-0.019468,128.000000,0.000000,0.000000,20.000000,0.000000,171.984984,-0.019468,3.985031,A,200,40,167.984984,-0.019468,167.984984,-0.019468,0.024586,0.024586
63.000000,6.500000,6.300000,170.000000,0.000000,44.021890,-0.004219,130.000000,0.000000,0.000000,20.000000,0.000000,174.021890,-0.004219,4.021892,A,200,40,170.021890,-0.004219,170.021890,-0.004219,0.022293,0.022293
64.000000,6.600000,6.400000,172.000000,0.000000,44.037813,-0.001890,132.000000,0.000000,0.000000,20.000000,0.000000,176.037813,-0.001890,4.037813,A,200,40,172.037813,-0.001890,172.037813,-0.001890,0.037860,0.037860
65.000000,6.700000,6.500000,174.000000,0.000000,44.005452,-0.005228,134.000000,0.000000,0.000000,20.000000,0.000000,178.005452,-0.005228,4.005456,A,200,40,174.005452,-0.005228,174.005452,-0.005228,0.007554,0.007554
66.000000,6.800000,6.600000,176.000000,0.000000,43.998288,0.017008,136.000000,0.000000,0.000000,20.000000,0.000000,179.998288,0.017008,3.998324,A,200,40,175.998288,0.017008,175.998288,0.017008,0.017094,0.017094
67.000000,6.900000,6.700000,178.000000,0.000000,44.008551,0.012676,138.000000,0.000000,0.000000,20.000000,0.000000,182.008551,0.012676,4.008571,A,200,40,178.008551,0.012676,178.008551,0.012676,0.015291,0.015291
68.000000,7.000000,6.800000,180.000000,0.000000,43.980317,-0.005892,140.000000,0.000000,0.000000,20.000000,0.000000,183.980317,-0.005892,3.980321,A,200,40,179.980317,-0.005892,179.980317,-0.005892,0.020546,0.020546
69.000000,7.100000,6.900000,182.000000,0.000000,43.994831,0.011270,142.000000,0.000000,0.000000,20.000000,0.000000,185.994831,0.011270,3.994847,A,200,40,181.994831,0.011270,181.994831,0.011270,0.012399,0.012399
70.000000,7.200000,7.000000,184.000000,0.000000,44.005160,0.023628,144.000000,0.000000,0.000000,20.000000,0.000000,188.005160,0.023628,4.005230,A,200,40,184.005160,0.023628,184.005160,0.023628,0.024184,0.024184
71.000000,7.300000,7.100000,186.000000,0.000000,44.015175,-0.007841,146.000000,0.000000,0.000000,20.000000,0.000000,190.015175,-0.007841,4.015183,A,200,40,186.015175,-0.007841,186.015175,-0.007841,0.017081,0.017081
72.000000,7.400000,7.200000,188.000000,0.000000,44.018112,0.003282,148.000000,0.000000,0.000000,20.000000,0.000000,192.018112,0.003282,4.018113,A,200,40,188.018112,0.003282,188.018112,0.003282,0.018407,0.018407
73.000000,7.500000,7.300000,190.000000,0.000000,43.994670,-0.001582,150.000000,0.000000,0.000000,20.000000,0.000000,193.994670,-0.001582,3.994671,A,200,40,189.994670,-0.001582,189.994670,-0.001582,0.005560,0.005560
74.000000,7.600000,7.400000,192.000000,0.000000,43.986962,0.004224,152.000000,0.000000,0.000000,20.000000,0.000000,195.986962,0.004224,3.986964,A,200,40,191.986962,0.004224,191.986962,0.004224,0.013705,0.013705
75.000000,7.700000,7.500000,194.000000,0.000000,43.981111,-0.006170,154.000000,0.000000,0.000000,20.000000,0.000000,197.981111,-0.006170,3.981116,A,200,40,193.981111,-0.006170,193.981111,-0.006170,0.019871,0.019871
76.000000,7.800000,7.600000,196.000000,0.000000,44.011357,0.000515,156.000000,0.000000,0.000000,20.000000,0.000000,200.011357,0.000515,4.011357,A,200,40,196.011357,0.000515,196.011357,0.000515,0.011368,0.011368
77.000000,7.900000,7.700000,198.000000,0.000000,43.997243,0.025999,158.000000,0.000000,0.000000,20.000000,0.000000,201.997243,0.025999,3.997327,A,200,40,197.997243,0.025999,197.997243,0.025999,0.026145,0.026145
78.000000,8.000000,7.800000,200.000000,0.000000,43.996563,-0.024593,160.000000,0.000000,0.000000,20.000000,0.000000,203.996563,-0.024593,3.996639,A,200,40,199.996563,-0.024593,199.996563,-0.024593,0.024832,0.024832
79.000000,8.100000,7.900000,202.000000,0.000000,43.998095,-0.010522,162.000000,0.000000,0.000000,20.000000,0.000000,205.998095,-0.010522,3.998109,A,200,40,201.998095,-0.010522,201.998095,-0.010522,0.010693,0.010693
80.000000,8.200000,8.000000,204.000000,0.000000,43.978189,-0.008029,164.000000,0.000000,0.000000,20.000000,0.000000,207.978189,-0.008029,3.978197,A,200,40,203.978189,-0.008029,203.978189,-0.008029,0.023242,0.023242
81.000000,8.300000,8.100000,206.000000,0.000000,44.002538,0.032846,166.000000,0.000000,0.000000,20.000000,0.000000,210.002538,0.032846,4.002673,A,200,40,206.002538,0.032846,206.002538,0.032846,0.032944,0.032944
82.000000,8.400000,8.200000,208.000000,0.000000,44.003727,0.039072,168.000000,0.000000,0.000000,20.000000,0.000000,212.003727,0.039072,4.003917,A,200,40,208.003727,0.039072,208.003727,0.039072,0.039249,0.039249
83.000000,8.500000,8.300000,210.000000,0.000000,44.022153,-0.004217,170.000000,0.000000,0.000000,20.000000,0.000000,214.022153,-0.004217,4.022155,A,200,40,210.022153,-0.004217,210.022153,-0.004217,0.022550,0.022550
84.000000,8.600000,8.400000,212.000000,0.000000,44.015282,-0.011585,172.000000,0.000000,0.000000,20.000000,0.000000,216.015282,-0.011585,4.015298,A,200,40,212.015282,-0.011585,212.015282,-0.011585,0.019177,0.019177
85.000000,8.700000,8.500000,214.000000,0.000000,44.001464,-0.008896,174.000000,0.000000,0.000000,20.000000,0.000000,218.001464,-0.008896,4.001474,A,200,40,214.001464,-0.008896,214.001464,-0.008896,0.009016,0.009016
86.000000,8.800000,8.600000,216.000000,0.000000,43.994807,0.002678,176.000000,0.000000,0.000000,20.000000,0.000000,219.994807,0.002678,3.994808,A,200,40,215.994807,0.002678,215.994807,0.002678,0.005842,0.005842
87.000000,8.900000,8.700000,218.000000,0.000000,44.011791,0.002977,178.000000,0.000000,0.000000,20.000000,0.000000,222.011791,0.002977,4.011792,A,200,40,218.011791,0.002977,218.011791,0.002977,0.012161,0.012161
88.000000,9.000000,8.800000,220.000000,0.000000,43.970537,0.002515,180.000000,0.000000,0.000000,20.000000,0.000000,223.970537,0.002515,3.970538,A,200,40,219.970537,0.002515,219.970537,0.002515,0.029570,0.029570
89.000000,9.100000,8.900000,222.000000,0.000000,43.988879,-0.034887,182.000000,0.000000,0.000000,20.000000,0.000000,225.988879,-0.034887,3.989031,A,200,40,221.988879,-0.034887,221.988879,-0.034887,0.036617,0.036617
90.000000,9.200000,9.000000,224.000000,0.000000,43.988482,-0.001690,184.000000,0.000000,0.000000,20.000000,0.000000,227.988482,-0.001690,3.988482,A,200,40,223.988482,-0.001690,223.988482,-0.001690,0.011642,0.011642
91.000000,9.300000,9.100000,226.000000,0.000000,44.026666,-0.043119,186.000000,0.000000,0.000000,20.000000,0.000000,230.026666,-0.043119,4.026897,A,200,40,226.026666,-0.043119,226.026666,-0.043119,0.050698,0.050698
92.000000,9.400000,9.200000,228.000000,0.000000,43.991165,0.001904,188.000000,0.000000,0.000000,20.000000,0.000000,231.991165,0.001904,3.991165,A,200,40,227.991165,0.001904,227.991165,0.001904,0.009038,0.009038
93.000000,9.500000,9.300000,230.000000,0.000000,43.975032,-0.020444,190.000000,0.000000,0.000000,20.000000,0.000000,233.975032,-0.020444,3.975085,A,200,40,229.975032,-0.020444,229.975032,-0.020444,0.032270,0.032270
94.000000,9.600000,9.400000,232.000000,0.000000,43.999905,-0.011631,192.000000,0.000000,0.000000,20.000000,0.000000,235.999905,-0.011631,3.999922,A,200,40,231.999905,-0.011631,231.999905,-0.011631,0.011631,0.011631
95.000000,9.700000,9.500000,234.000000,0.000000,43.994755,-0.009078,194.000000,0.000000,0.000000,20.000000,0.000000,237.994755,-0.009078,3.994765,A,200,40,233.994755,-0.009078,233.994755,-0.009078,0.010484,0.010484
96.000000,9.800000,9.600000,236.000000,0.000000,44.012579,-0.001265,196.000000,0.000000,0.000000,20.000000,0.000000,240.012579,-0.001265,4.012579,A,200,40,236.012579,-0.001265,236.012579,-0.001265,0.012643,0.012643
97.000000,9.900000,9.700000,238.000000,0.000000,43.990814,-0.006343,198.000000,0.000000,0.000000,20.000000,0.000000,241.990814,-0.006343,3.990820,A,200,40,237.990814,-0.006343,237.990814,-0.006343,0.011163,0.011163
98.000000,10.000000,9.800000,240.000000,0.000000,43.996163,-0.006835,200.000000,0.000000,0.000000,20.000000,0.000000,243.996163,-0.006835,3.996169,A,200,40,239.996163,-0.006835,239.996163,-0.006835,0.007839,0.007839
99.000000,10.100000,9.900000,242.000000,0.000000,44.004837,0.044150,202.000000,0.000000,0.000000,20.000000,0.000000,246.004837,0.044150,4.005080,A,200,40,242.004837,0.044150,242.004837,0.044150,0.044414,0.044414
0.000000,0.200000,0.200000,12.060000,0.000000,9.992403,0.004679,2.060000,0.000000,0.000000,10.600000,0.000000,12.052403,0.004679,0.008922,B,0,10,12.052403,0.004679,12.052403,0.004679,0.008922,0.008922
1.000000,0.300000,0.300000,13.135000,0.000000,10.022187,0.008278,3.135000,0.000000,0.000000,10.900000,0.000000,13.157187,0.008278,0.023681,B,0,10,13.157187,0.008278,13.157187,0.008278,0.023681,0.023681
2.000000,0.400000,0.400000,14.240000,0.000000,10.004787,-0.011534,4.240000,0.000000,0.000000,11.200000,0.000000,14.244787,-0.011534,0.012488,B,0,10,14.244787,-0.011534,14.244787,-0.011534,0.012488,0.012488
3.000000,0.500000,0.500000,15.375000,0.000000,9.994027,-0.012160,5.375000,0.000000,0.000000,11.500000,0.000000,15.369027,-0.012160,0.013547,B,0,10,15.369027,-0.012160,15.369027,-0.012160,0.013547,0.013547
4.000000,0.600000,0.600000,16.540000,0.000000,10.041064,-0.023595,6.540000,0.000000,0.000000,11.800000,0.000000,16.581064,-0.023595,0.047360,B,0,10,16.581064,-0.023595,16.581064,-0.023595,0.047360,0.047360
5.000000,0.700000,0.700000,17.735000,0.000000,10.005286,0.019518,7.735000,0.000000,0.000000,12.100000,0.000000,17.740286,0.019518,0.020221,B,0,10,17.740286,0.019518,17.740286,0.019518,0.020221,0.020221
6.000000,0.800000,0.800000,18.960000,0.000000,9.992488,-0.006275,8.960000,0.000000,0.000000,12.400000,0.000000,18.952488,-0.006275,0.009788,B,0,10,18.952488,-0.006275,18.952488,-0.006275,0.009788,0.009788
7.000000,0.900000,0.900000,20.215000,0.000000,10.014323,-0.030144,10.215000,0.000000,0.000000,12.700000,0.000000,20.229323,-0.030144,0.033373,B,0,10,20.229323,-0.030144,20.229323,-0.030144,0.033373,0.033373
8.000000,1.000000,1.000000,21.500000,0.000000,10.000948,-0.015238,11.500000,0.000000,0.000000,13.000000,0.000000,21.500948,-0.015238,0.015267,B,0,10,21.500948,-0.015238,21.500948,-0.015238,0.015267,0.015267
9.000000,1.100000,1.100000,22.815000,0.000000,10.003074,-0.008843,12.815000,0.000000,0.000000,13.300000,0.000000,22.818074,-0.008843,0.009362,B,0,10,22.818074,-0.008843,22.818074,-0.008843,0.009362,0.009362
10.000000,1.200000,1.200000,24.160000,0.000000,9.990738,-0.026795,14.160000,0.000000,0.000000,13.600000,0.000000,24.150738,-0.026795,0.028351,B,0,10,24.150738,-0.026795,24.150738,-0.026795,0.028351,0.028351
11.000000,1.300000,1.300000,25.535000,0.000000,9.989754,0.034807,15.535000,0.000000,0.000000,13.900000,0.000000,25.524754,0.034807,0.036283,B,0,10,25.524754,0.034807,25.524754,0.034807,0.036283,0.036283
12.000000,1.400000,1.400000,26.940000,0.000000,10.002858,0.007905,16.940000,0.000000,0.000000,14.200000,0.000000,26.942858,0.007905,0.008406,B,0,10,26.942858,0.007905,26.942858,0.007905,0.008406,0.008406
13.000000,1.500000,1.500000,28.375000,0.000000,9.996065,0.014223,18.375000,0.000000,0.000000,14.500000,0.000000,28.371065,0.014223,0.014757,B,0,10,28.371065,0.014223,28.371065,0.014223,0.014757,0.014757
14.000000,1.600000,1.600000,29.840000,0.000000,10.034438,0.025421,19.840000,0.000000,0.000000,14.800000,0.000000,29.874438,0.025421,0.042804,B,0,10,29.874438,0.025421,29.874438,0.025421,0.042804,0.042804
15.000000,1.700000,1.700000,31.335000,0.000000,10.007663,0.022947,21.335000,0.000000,0.000000,15.100000,0.000000,31.342663,0.022947,0.024193,B,0,10,31.342663,0.022947,31.342663,0.022947,0.024193,0.024193
16.000000,1.800000,1.800000,32.860000,0.000000,10.020122,-0.053936,22.860000,0.000000,0.000000,15.400000,0.000000,32.880122,-0.053936,0.057567,B,0,10,32.880122,-0.053936,32.880122,-0.053936,0.057567,0.057567
17.000000,1.900000,1.900000,34.415000,0.000000,9.967047,0.028002,24.415000,0.000000,0.000000,15.700000,0.000000,34.382047,0.028002,0.043244,B,0,10,34.382047,0.028002,34.382047,0.028002,0.043244,0.043244
18.000000,2.000000,2.000000,36.000000,0.000000,10.010722,-0.003208,26.000000,0.000000,0.000000,16.000000,0.000000,36.010722,-0.003208,0.011192,B,0,10,36.010722,-0.003208,36.010722,-0.003208,0.011192,0.011192
19.000000,2.100000,2.100000,37.615000,0.000000,9.992248,0.026594,27.615000,0.000000,0.000000,16.300000,0.000000,37.607248,0.026594,0.027701,B,0,10,37.607248,0.026594,37.607248,0.026594,0.027701,0.027701
20.000000,2.200000,2.200000,39.260000,0.000000,9.974184,0.007633,29.260000,0.000000,0.000000,16.600000,0.000000,39.234184,0.007633,0.026921,B,0,10,39.234184,0.007633,39.234184,0.007633,0.026921,0.026921
21.000000,2.300000,2.300000,40.935000,0.000000,10.013720,0.006776,30.935000,0.000000,0.000000,16.900000,0.000000,40.948720,0.006776,0.015302,B,0,10,40.948720,0.006776,40.948720,0.006776,0.015302,0.015302
22.000000,2.400000,2.400000,42.640000,0.000000,9.992086,0.032258,32.640000,0.000000,0.000000,17.200000,0.000000,42.632086,0.032258,0.033214,B,0,10,42.632086,0.032258,42.632086,0.032258,0.033214,0.033214
23.000000,2.500000,2.500000,44.375000,0.000000,10.007953,-0.011571,34.375000,0.000000,0.000000,17.500000,0.000000,44.382953,-0.011571,0.014040,B,0,10,44.382953,-0.011571,44.382953,-0.011571,0.014040,0.014040
24.000000,2.600000,2.600000,46.140000,0.000000,10.034944,0.013714,36.140000,0.000000,0.000000,17.800000,0.000000,46.174944,0.013714,0.037539,B,0,10,46.174944,0.013714,46.174944,0.013714,0.037539,0.037539
25.000000,2.700000,2.700000,47.935000,0.000000,9.996034,-0.000877,37.935000,0.000000,0.000000,18.100000,0.000000,47.931034,-0.000877,0.004062,B,0,10,47.931034,-0.000877,47.931034,-0.000877,0.004062,0.004062
26.000000,2.800000,2.800000,49.760000,0.000000,10.008705,-0.009420,39.760000,0.000000,0.000000,18.400000,0.000000,49.768705,-0.009420,0.012826,B,0,10,49.768705,-0.009420,49.768705,-0.009420,0.012826,0.012826
27.000000,2.900000,2.900000,51.615000,0.000000,9.972719,-0.024340,41.615000,0.000000,0.000000,18.700000,0.000000,51.587719,-0.024340,0.036561,B,0,10,51.587719,-0.024340,51.587719,-0.024340,0.036561,0.036561
28.000000,3.000000,3.000000,53.500000,0.000000,10.062015,0.000720,43.500000,0.000000,0.000000,19.000000,0.000000,53.562015,0.000720,0.062019,B,0,10,53.562015,0.000720,53.562015,0.000720,0.062019,0.062019
29.000000,3.100000,3.100000,55.415000,0.000000,9.985211,0.023919,45.415000,0.000000,0.000000,19.300000,0.000000,55.400211,0.023919,0.028122,B,0,10,55.400211,0.023919,55.400211,0.023919,0.028122,0.028122
30.000000,3.200000,3.200000,57.360000,0.000000,9.978752,-0.001509,47.360000,0.000000,0.000000,19.600000,0.000000,57.338752,-0.001509,0.021301,B,0,10,57.338752,-0.001509,57.338752,-0.001509,0.021301,0.021301
31.000000,3.300000,3.300000,59.335000,0.000000,10.015078,0.028176,49.335000,0.000000,0.000000,19.900000,0.000000,59.350078,0.028176,0.031956,B,0,10,59.350078,0.028176,59.350078,0.028176,0.031956,0.031956
32.000000,3.400000,3.400000,61.340000,0.000000,9.971535,-0.022385,51.340000,0.000000,0.000000,20.200000,0.000000,61.311535,-0.022385,0.036212,B,0,10,61.311535,-0.022385,61.311535,-0.022385,0.036212,0.036212
33.000000,3.500000,3.500000,63.375000,0.000000,9.968711,-0.007846,53.375000,0.000000,0.000000,20.500000,0.000000,63.343711,-0.007846,0.032257,B,0,10,63.343711,-0.007846,63.343711,-0.007846,0.032257,0.032257
34.000000,3.600000,3.600000,65.440000,0.000000,9.998837,-0.007767,55.440000,0.000000,0.000000,20.800000,0.000000,65.438837,-0.007767,0.007853,B,0,10,65.438837,-0.007767,65.438837,-0.007767,0.007853,0.007853
35.000000,3.700000,3.700000,67.535000,0.000000,10.007522,0.034863,57.535000,0.000000,0.000000,21.100000,0.000000,67.542522,0.034863,0.035665,B,0,10,67.542522,0.034863,67.542522,0.034863,0.035665,0.035665
36.000000,3.800000,3.800000,69.660000,0.000000,10.018399,0.011844,59.660000,0.000000,0.000000,21.400000,0.000000,69.678399,0.011844,0.021881,B,0,10,69.678399,0.011844,69.678399,0.011844,0.021881,0.021881
37.000000,3.900000,3.900000,71.815000,0.000000,9.999866,-0.033595,61.815000,0.000000,0.000000,21.700000,0.000000,71.814866,-0.033595,0.033595,B,0,10,71.814866,-0.033595,71.814866,-0.033595,0.033595,0.033595
38.000000,4.000000,4.000000,74.000000,0.000000,10.002810,0.003180,64.000000,0.000000,0.000000,22.000000,0.000000,74.002810,0.003180,0.004243,B,0,10,74.002810,0.003180,74.002810,0.003180,0.004243,0.004243
39.000000,4.100000,4.100000,76.215000,0.000000,10.009955,0.041935,66.215000,0.000000,0.000000,22.300000,0.000000,76.224955,0.041935,0.043100,B,0,10,76.224955,0.041935,76.224955,0.041935,0.043100,0.043100
40.000000,4.200000,4.200000,78.460000,0.000000,9.995789,-0.038137,68.460000,0.000000,0.000000,22.600000,0.000000,78.455789,-0.038137,0.038369,B,0,10,78.455789,-0.038137,78.455789,-0.038137,0.038369,0.038369
41.000000,4.300000,4.300000,80.735000,0.000000,10.001800,0.002782,70.735000,0.000000,0.000000,22.900000,0.000000,80.736800,0.002782,0.003314,B,0,10,80.736800,0.002782,80.736800,0.002782,0.003314,0.003314
42.000000,4.400000,4.400000,83.040000,0.000000,9.998086,-0.005090,73.040000,0.000000,0.000000,23.200000,0.000000,83.038086,-0.005090,0.005438,B,0,10,83.038086,-0.005090,83.038086,-0.005090,0.005438,0.005438
43.000000,4.500000,4.500000,85.375000,0.000000,9.996212,0.025421,75.375000,0.000000,0.000000,23.500000,0.000000,85.371212,0.025421,0.025702,B,0,10,85.371212,0.025421,85.371212,0.025421,0.025702,0.025702
44.000000,4.600000,4.600000,87.740000,0.000000,9.999326,0.022636,77.740000,0.000000,0.000000,23.800000,0.000000,87.739326,0.022636,0.022646,B,0,10,87.739326,0.022636,87.739326,0.022636,0.022646,0.022646
45.000000,4.700000,4.700000,90.135000,0.000000,9.999935,0.001149,80.135000,0.000000,0.000000,24.100000,0.000000,90.134935,0.001149,0.001150,B,0,10,90.134935,0.001149,90.134935,0.001149,0.001150,0.001150
46.000000,4.800000,4.800000,92.560000,0.000000,9.993864,-0.012197,82.560000,0.000000,0.000000,24.400000,0.000000,92.553864,-0.012197,0.013654,B,0,10,92.553864,-0.012197,92.553864,-0.012197,0.013654,0.013654
47.000000,4.900000,4.900000,95.015000,0.000000,10.002448,-0.009837,85.015000,0.000000,0.000000,24.700000,0.000000,95.017448,-0.009837,0.010137,B,0,10,95.017448,-0.009837,95.017448,-0.009837,0.010137,0.010137
48.000000,5.000000,5.000000,97.500000,0.000000,10.003768,0.011686,87.500000,0.000000,0.000000,25.000000,0.000000,97.503768,0.011686,0.012278,B,0,10,97.503768,0.011686,97.503768,0.011686,0.012278,0.012278
49.000000,5.100000,5.100000,100.015000,0.000000,10.008446,0.000130,90.015000,0.000000,0.000000,25.300000,0.000000,100.023446,0.000130,0.008447,B,0,10,100.023446,0.000130,100.023446,0.000130,0.008447,0.008447
50.000000,5.200000,5.200000,102.560000,0.000000,9.983021,-0.049730,92.560000,0.000000,0.000000,25.600000,0.000000,102.543021,-0.049730,0.052549,B,0,10,102.543021,-0.049730,102.543021,-0.049730,0.052549,0.052549
51.000000,5.300000,5.300000,105.135000,0.000000,10.017133,0.020397,95.135000,0.000000,0.000000,25.900000,0.000000,105.152133,0.020397,0.026638,B,0,10,105.152133,0.020397,105.152133,0.020397,0.026638,0.026638
52.000000,5.400000,5.400000,107.740000,0.000000,9.997558,0.000121,97.740000,0.000000,0.000000,26.200000,0.000000,107.737558,0.000121,0.002445,B,0,10,107.737558,0.000121,107.737558,0.000121,0.002445,0.002445
53.000000,5.500000,5.500000,110.375000,0.000000,10.020354,-0.003481,100.375000,0.000000,0.000000,26.500000,0.000000,110.395354,-0.003481,0.020650,B,0,10,110.395354,-0.003481,110.395354,-0.003481,0.020650,0.020650
54.000000,5.600000,5.600000,113.040000,0.000000,10.031830,0.013868,103.040000,0.000000,0.000000,26.800000,0.000000,113.071830,0.013868,0.034720,B,0,10,113.071830,0.013868,113.071830,0.013868,0.034720,0.034720
55.000000,5.700000,5.700000,115.735000,0.000000,10.004948,-0.009280,105.735000,0.000000,0.000000,27.100000,0.000000,115.739948,-0.009280,0.010516,B,0,10,115.739948,-0.009280,115.739948,-0.009280,0.010516,0.010516
56.000000,5.800000,5.800000,118.460000,0.000000,9.997372,0.012645,108.460000,0.000000,0.000000,27.400000,0.000000,118.457372,0.012645,0.012915,B,0,10,118.457372,0.012645,118.457372,0.012645,0.012915,0.012915
57.000000,5.900000,5.900000,121.215000,0.000000,10.006533,0.004669,111.215000,0.000000,0.000000,27.700000,0.000000,121.221533,0.004669,0.008030,B,0,10,121.221533,0.004669,121.221533,0.004669,0.008030,0.008030
58.000000,6.000000,6.000000,124.000000,0.000000,10.002217,0.007701,114.000000,0.000000,0.000000,28.000000,0.000000,124.002217,0.007701,0.008013,B,0,10,124.002217,0.007701,124.002217,0.007701,0.008013,0.008013
59.000000,6.100000,6.100000,126.815000,0.000000,9.998158,-0.036866,116.815000,0.000000,0.000000,28.300000,0.000000,126.813158,-0.036866,0.036912,B,0,10,126.813158,-0.036866,126.813158,-0.036866,0.036912,0.036912
60.000000,6.200000,6.200000,129.660000,0.000000,10.006965,0.010034,119.660000,0.000000,0.000000,28.600000,0.000000,129.666965,0.010034,0.012215,B,0,10,129.666965,0.010034,129.666965,0.010034,0.012215,0.012215
61.000000,6.300000,6.300000,132.535000,0.000000,9.999289,-0.003606,122.535000,0.000000,0.000000,28.900000,0.000000,132.534289,-0.003606,0.003676,B,0,10,132.534289,-0.003606,132.534289,-0.003606,0.003676,0.003676
62.000000,6.400000,6.400000,135.440000,0.000000,9.999004,-0.004776,125.440000,0.000000,0.000000,29.200000,0.000000,135.439004,-0.004776,0.004878,B,0,10,135.439004,-0.004776,135.439004,-0.004776,0.004878,0.004878
63.000000,6.500000,6.500000,138.375000,0.000000,10.000085,0.014419,128.375000,0.000000,0.000000,29.500000,0.000000,138.375085,0.014419,0.014419,B,0,10,138.375085,0.014419,138.375085,0.014419,0.014419,0.014419
64.000000,6.600000,6.600000,141.340000,0.000000,9.986737,0.026131,131.340000,0.000000,0.000000,29.800000,0.000000,141.326737,0.026131,0.029304,B,0,10,141.326737,0.026131,141.326737,0.026131,0.029304,0.029304
65.000000,6.700000,6.700000,144.335000,0.000000,10.023217,0.008994,134.335000,0.000000,0.000000,30.100000,0.000000,144.358217,0.008994,0.024898,B,0,10,144.358217,0.008994,144.358217,0.008994,0.024898,0.024898
66.000000,6.800000,6.800000,147.360000,0.000000,9.981783,0.014641,137.360000,0.000000,0.000000,30.400000,0.000000,147.341783,0.014641,0.023372,B,0,10,147.341783,0.014641,147.341783,0.014641,0.023372,0.023372
67.000000,6.900000,6.900000,150.415000,0.000000,9.996041,0.019384,140.415000,0.000000,0.000000,30.700000,0.000000,150.411041,0.019384,0.019784,B,0,10,150.411041,0.019384,150.411041,0.019384,0.019784,0.019784
68.000000,7.000000,7.000000,153.500000,0.000000,9.997593,-0.010829,143.500000,0.000000,0.000000,31.000000,0.000000,153.497593,-0.010829,0.011094,B,0,10,153.497593,-0.010829,153.497593,-0.010829,0.011094,0.011094
69.000000,7.100000,7.100000,156.615000,0.000000,10.010396,0.017494,146.615000,0.000000,0.000000,31.300000,0.000000,156.625396,0.017494,0.020350,B,0,10,156.625396,0.017494,156.625396,0.017494,0.020350,0.020350
70.000000,7.200000,7.200000,159.760000,0.000000,9.975570,-0.010050,149.760000,0.000000,0.000000,31.600000,0.000000,159.735570,-0.010050,0.026416,B,0,10,159.735570,-0.010050,159.735570,-0.010050,0.026416,0.026416
71.000000,7.300000,7.300000,162.935000,0.000000,9.991681,0.026465,152.935000,0.000000,0.000000,31.900000,0.000000,162.926681,0.026465,0.027742,B,0,10,162.926681,0.026465,162.926681,0.026465,0.027742,0.027742
72.000000,7.400000,7.400000,166.140000,0.000000,9.972092,-0.025108,156.140000,0.000000,0.000000,32.200000,0.000000,166.112092,-0.025108,0.037540,B,0,10,166.112092,-0.025108,166.112092,-0.025108,0.037540,0.037540
73.000000,7.500000,7.500000,169.375000,0.000000,9.987672,-0.016772,159.375000,0.000000,0.000000,32.500000,0.000000,169.362672,-0.016772,0.020816,B,0,10,169.362672,-0.016772,169.362672,-0.016772,0.020816,0.020816
74.000000,7.600000,7.600000,172.640000,0.000000,9.989281,0.030370,162.640000,0.000000,0.000000,32.800000,0.000000,172.629281,0.030370,0.032207,B,0,10,172.629281,0.030370,172.629281,0.030370,0.032207,0.032207
75.000000,7.700000,7.700000,175.935000,0.000000,9.977491,-0.010123,165.935000,0.000000,0.000000,33.100000,0.000000,175.912491,-0.010123,0.024680,B,0,10,175.912491,-0.010123,175.912491,-0.010123,0.024680,0.024680
76.000000,7.800000,7.800000,179.260000,0.000000,9.990605,0.010523,169.260000,0.000000,0.000000,33.400000,0.000000,179.250605,0.010523,0.014106,B,0,10,179.250605,0.010523,179.250605,0.010523,0.014106,0.014106
77.000000,7.900000,7.900000,182.615000,0.000000,9.992336,0.010211,172.615000,0.000000,0.000000,33.700000,0.000000,182.607336,0.010211,0.012767,B,0,10,182.607336,0.010211,182.607336,0.010211,0.012767,0.012767
78.000000,8.000000,8.000000,186.000000,0.000000,10.020942,0.035075,176.000000,0.000000,0.000000,34.000000,0.000000,186.020942,0.035075,0.040851,B,0,10,186.020942,0.035075,186.020942,0.035075,0.040851,0.040851
79.000000,8.100000,8.100000,189.415000,0.000000,10.008812,0.032137,179.415000,0.000000,0.000000,34.300000,0.000000,189.423812,0.032137,0.033323,B,0,10,189.423812,0.032137,189.423812,0.032137,0.033323,0.033323
80.000000,8.200000,8.200000,192.860000,0.000000,9.981393,0.031284,182.860000,0.000000,0.000000,34.600000,0.000000,192.841393,0.031284,0.036399,B,0,10,192.841393,0.031284,192.841393,0.031284,0.036399,0.036399
81.000000,8.300000,8.300000,196.335000,0.000000,9.995927,0.016677,186.335000,0.000000,0.000000,34.900000,0.000000,196.330927,0.016677,0.017167,B,0,10,196.330927,0.016677,196.330927,0.016677,0.017167,0.017167
82.000000,8.400000,8.400000,199.840000,0.000000,9.973074,0.021126,189.840000,0.000000,0.000000,35.200000,0.000000,199.813074,0.021126,0.034225,B,0,10,199.813074,0.021126,199.813074,0.021126,0.034225,0.034225
83.000000,8.500000,8.500000,203.375000,0.000000,10.009813,0.010323,193.375000,0.000000,0.000000,35.500000,0.000000,203.384813,0.010323,0.014242,B,0,10,203.384813,0.010323,203.384813,0.010323,0.014242,0.014242
84.000000,8.600000,8.600000,206.940000,0.000000,10.008117,0.025641,196.940000,0.000000,0.000000,35.800000,0.000000,206.948117,0.025641,0.026896,B,0,10,206.948117,0.025641,206.948117,0.025641,0.026896,0.026896
85.000000,8.700000,8.700000,210.535000,0.000000,9.986880,-0.005612,200.535000,0.000000,0.000000,36.100000,0.000000,210.521880,-0.005612,0.014270,B,0,10,210.521880,-0.005612,210.521880,-0.005612,0.014270,0.014270
86.000000,8.800000,8.800000,214.160000,0.000000,9.990619,0.005033,204.160000,0.000000,0.000000,36.400000,0.000000,214.150619,0.005033,0.010646,B,0,10,214.150619,0.005033,214.150619,0.005033,0.010646,0.010646
87.000000,8.900000,8.900000,217.815000,0.000000,9.973443,0.006438,207.815000,0.000000,0.000000,36.700000,0.000000,217.788443,0.006438,0.027326,B,0,10,217.788443,0.006438,217.788443,0.006438,0.027326,0.027326
88.000000,9.000000,9.000000,221.500000,0.000000,10.023293,-0.033389,211.500000,0.000000,0.000000,37.000000,0.000000,221.523293,-0.033389,0.040711,B,0,10,221.523293,-0.033389,221.523293,-0.033389,0.040711,0.040711
89.000000,9.100000,9.100000,225.215000,0.000000,10.006386,0.008731,215.215000,0.000000,0.000000,37.300000,0.000000,225.221386,0.008731,0.010817,B,0,10,225.221386,0.008731,225.221386,0.008731,0.010817,0.010817
90.000000,9.200000,9.200000,228.960000,0.000000,10.006025,0.014582,218.960000,0.000000,0.000000,37.600000,0.000000,228.966025,0.014582,0.015777,B,0,10,228.966025,0.014582,228.966025,0.014582,0.015777,0.015777
91.000000,9.300000,9.300000,232.735000,0.000000,9.994938,-0.037104,222.735000,0.000000,0.000000,37.900000,0.000000,232.729938,-0.037104,0.037448,B,0,10,232.729938,-0.037104,232.729938,-0.037104,0.037448,0.037448
92.000000,9.400000,9.400000,236.540000,0.000000,10.004624,0.007359,226.540000,0.000000,0.000000,38.200000,0.000000,236.544624,0.007359,0.008691,B,0,10,236.544624,0.007359,236.544624,0.007359,0.008691,0.008691
93.000000,9.500000,9.500000,240.375000,0.000000,9.966026,0.028270,230.375000,0.000000,0.000000,38.500000,0.000000,240.341026,0.028270,0.044198,B,0,10,240.341026,0.028270,240.341026,0.028270,0.044198,0.044198
94.000000,9.600000,9.600000,244.240000,0.000000,9.970760,0.037836,234.240000,0.000000,0.000000,38.800000,0.000000,244.210760,0.037836,0.047818,B,0,10,244.210760,0.037836,244.210760,0.037836,0.047818,0.047818
95.000000,9.700000,9.700000,248.135000,0.000000,9.999475,-0.015454,238.135000,0.000000,0.000000,39.100000,0.000000,248.134475,-0.015454,0.015463,B,0,10,248.134475,-0.015454,248.134475,-0.015454,0.015463,0.015463
96.000000,9.800000,9.800000,252.060000,0.000000,9.995924,0.001115,242.060000,0.000000,0.000000,39.400000,0.000000,252.055924,0.001115,0.004226,B,0,10,252.055924,0.001115,252.055924,0.001115,0.004226,0.004226
97.000000,9.900000,9.900000,256.015000,0.000000,9.976344,-0.016366,246.015000,0.000000,0.000000,39.700000,0.000000,255.991344,-0.016366,0.028765,B,0,10,255.991344,-0.016366,255.991344,-0.016366,0.028765,0.028765
98.000000,10.000000,10.000000,260.000000,0.000000,9.996765,0.042452,250.000000,0.000000,0.000000,40.000000,0.000000,259.996765,0.042452,0.042575,B,0,10,259.996765,0.042452,259.996765,0.042452,0.042575,0.042575
99.000000,10.100000,10.100000,264.015000,0.000000,9.983776,0.030181,254.015000,0.000000,0.000000,40.300000,0.000000,263.998776,0.030181,0.034265,B,0,10,263.998776,0.030181,263.998776,0.030181,0.034265,0.034265
0.000000,0.200000,0.200000,22.060000,0.000000,20.012799,0.009961,2.060000,0.000000,0.000000,10.600000,0.000000,22.072799,0.009961,0.016219,B,0,20,22.072799,0.009961,22.072799,0.009961,0.016219,0.016219
1.000000,0.300000,0.300000,23.135000,0.000000,19.982977,-0.001286,3.135000,0.000000,0.000000,10.900000,0.000000,23.117977,-0.001286,0.017071,B,0,20,23.117977,-0.001286,23.117977,-0.001286,0.017071,0.017071
2.000000,0.400000,0.400000,24.240000,0.000000,20.021868,-0.022695,4.240000,0.000000,0.000000,11.200000,0.000000,24.261868,-0.022695,0.031516,B,0,20,24.261868,-0.022695,24.261868,-0.022695,0.031516,0.031516
3.000000,0.500000,0.500000,25.375000,0.000000,20.036986,0.005422,5.375000,0.000000,0.000000,11.500000,0.000000,25.411986,0.005422,0.037382,B,0,20,25.411986,0.005422,25.411986,0.005422,0.037382,0.037382
4.000000,0.600000,0.600000,26.540000,0.000000,19.982531,0.012706,6.540000,0.000000,0.000000,11.800000,0.000000,26.522531,0.012706,0.021601,B,0,20,26.522531,0.012706,26.522531,0.012706,0.021601,0.021601
5.000000,0.700000,0.700000,27.735000,0.000000,20.026585,-0.024025,7.735000,0.000000,0.000000,12.100000,0.000000,27.761585,-0.024025,0.035833,B,0,20,27.761585,-0.024025,27.761585,-0.024025,0.035833,0.035833
6.000000,0.800000,0.800000,28.960000,0.000000,19.995208,-0.008571,8.960000,0.000000,0.000000,12.400000,0.000000,28.955208,-0.008571,0.009819,B,0,20,28.955208,-0.008571,28.955208,-0.008571,0.009819,0.009819
7.000000,0.900000,0.900000,30.215000,0.000000,20.017965,-0.004453,10.215000,0.000000,0.000000,12.700000,0.000000,30.232965,-0.004453,0.018509,B,0,20,30.232965,-0.004453,30.232965,-0.004453,0.018509,0.018509
8.000000,1.000000,1.000000,31.500000,0.000000,20.020386,0.017596,11.500000,0.000000,0.000000,13.000000,0.000000,31.520386,0.017596,0.026930,B,0,20,31.520386,0.017596,31.520386,0.017596,0.026930,0.026930
9.000000,1.100000,1.100000,32.815000,0.000000,19.997324,-0.038969,12.815000,0.000000,0.000000,13.300000,0.000000,32.812324,-0.038969,0.039061,B,0,20,32.812324,-0.038969,32.812324,-0.038969,0.039061,0.039061
10.000000,1.200000,1.200000,34.160000,0.000000,19.983790,-0.013710,14.160000,0.000000,0.000000,13.600000,0.000000,34.143790,-0.013710,0.021230,B,0,20,34.143790,-0.013710,34.143790,-0.013710,0.021230,0.021230
11.000000,1.300000,1.300000,35.535000,0.000000,19.983235,0.000871,15.535000,0.000000,0.000000,13.900000,0.000000,35.518235,0.000871,0.016787,B,0,20,35.518235,0.000871,35.518235,0.000871,0.016787,0.016787
12.000000,1.400000,1.400000,36.940000,0.000000,20.002394,-0.003407,16.940000,0.000000,0.000000,14.200000,0.000000,36.942394,-0.003407,0.004164,B,0,20,36.942394,-0.003407,36.942394,-0.003407,0.004164,0.004164
13.000000,1.500000,1.500000,38.375000,0.000000,20.020560,-0.010137,18.375000,0.000000,0.000000,14.500000,0.000000,38.395560,-0.010137,0.022923,B,0,20,38.395560,-0.010137,38.395560,-0.010137,0.022923,0.022923
14.000000,1.600000,1.600000,39.840000,0.000000,19.977772,-0.011815,19.840000,0.000000,0.000000,14.800000,0.000000,39.817772,-0.011815,0.025173,B,0,20,39.817772,-0.011815,39.817772,-0.011815,0.025173,0.025173
15.000000,1.700000,1.700000,41.335000,0.000000,19.966775,0.030363,21.335000,0.000000,0.000000,15.100000,0.000000,41.301775,0.030363,0.045009,B,0,20,41.301775,0.030363,41.301775,0.030363,0.045009,0.045009
16.000000,1.800000,1.800000,42.860000,0.000000,19.977050,0.041523,22.860000,0.000000,0.000000,15.400000,0.000000,42.837050,0.041523,0.047443,B,0,20,42.837050,0.041523,42.837050,0.041523,0.047443,0.047443
17.000000,1.900000,1.900000,44.415000,0.000000,19.998308,0.008800,24.415000,0.000000,0.000000,15.700000,0.000000,44.413308,0.008800,0.008961,B,0,20,44.413308,0.008800,44.413308,0.008800,0.008961,0.008961
18.000000,2.000000,2.000000,46.000000,0.000000,19.998751,-0.028060,26.000000,0.000000,0.000000,16.000000,0.000000,45.998751,-0.028060,0.028087,B,0,20,45.998751,-0.028060,45.998751,-0.028060,0.028087,0.028087
19.000000,2.100000,2.100000,47.615000,0.000000,20.013572,-0.016830,27.615000,0.000000,0.000000,16.300000,0.000000,47.628572,-0.016830,0.021621,B,0,20,47.628572,-0.016830,47.628572,-0.016830,0.021621,0.021621
20.000000,2.200000,2.200000,49.260000,0.000000,20.003982,0.002827,29.260000,0.000000,0.000000,16.600000,0.000000,49.263982,0.002827,0.004883,B,0,20,49.263982,0.002827,49.263982,0.002827,0.004883,0.004883
21.000000,2.300000,2.300000,50.935000,0.000000,19.982769,0.010900,30.935000,0.000000,0.000000,16.900000,0.000000,50.917769,0.010900,0.020389,B,0,20,50.917769,0.010900,50.917769,0.010900,0.020389,0.020389
22.000000,2.400000,2.400000,52.640000,0.000000,20.016956,0.003145,32.640000,0.000000,0.000000,17.200000,0.000000,52.656956,0.003145,0.017245,B,0,20,52.656956,0.003145,52.656956,0.003145,0.017245,0.017245
23.000000,2.500000,2.500000,54.375000,0.000000,20.006227,-0.047669,34.375000,0.000000,0.000000,17.500000,0.000000,54.381227,-0.047669,0.048074,B,0,20,54.381227,-0.047669,54.381227,-0.047669,0.048074,0.048074
24.000000,2.600000,2.600000,56.140000,0.000000,20.017249,0.015783,36.140000,0.000000,0.000000,17.800000,0.000000,56.157249,0.015783,0.023380,B,0,20,56.157249,0.015783,56.157249,0.015783,0.023380,0.023380
25.000000,2.700000,2.700000,57.935000,0.000000,19.999337,-0.007168,37.935000,0.000000,0.000000,18.100000,0.000000,57.934337,-0.007168,0.007199,B,0,20,57.934337,-0.007168,57.934337,-0.007168,0.007199,0.007199
26.000000,2.800000,2.800000,59.760000,0.000000,20.005215,-0.059477,39.760000,0.000000,0.000000,18.400000,0.000000,59.765215,-0.059477,0.059705,B,0,20,59.765215,-0.059477,59.765215,-0.059477,0.059705,0.059705
27.000000,2.900000,2.900000,61.615000,0.000000,19.987712,0.045982,41.615000,0.000000,0.000000,18.700000,0.000000,61.602712,0.045982,0.047596,B,0,20,61.602712,0.045982,61.602712,0.045982,0.047596,0.047596
28.000000,3.000000,3.000000,63.500000,0.000000,19.998785,-0.012401,43.500000,0.000000,0.000000,19.000000,0.000000,63.498785,-0.012401,0.012461,B,0,20,63.498785,-0.012401,63.498785,-0.012401,0.012461,0.012461
29.000000,3.100000,3.100000,65.415000,0.000000,20.047049,-0.003535,45.415000,0.000000,0.000000,19.300000,0.000000,65.462049,-0.003535,0.047181,B,0,20,65.462049,-0.003535,65.462049,-0.003535,0.047181,0.047181
30.000000,3.200000,3.200000,67.360000,0.000000,19.953812,-0.005404,47.360000,0.000000,0.000000,19.600000,0.000000,67.313812,-0.005404,0.046503,B,0,20,67.313812,-0.005404,67.313812,-0.005404,0.046503,0.046503
31.000000,3.300000,3.300000,69.335000,0.000000,20.003254,-0.062893,49.335000,0.000000,0.000000,19.900000,0.000000,69.338254,-0.062893,0.062977,B,0,20,69.338254,-0.062893,69.338254,-0.062893,0.062977,0.062977
32.000000,3.400000,3.400000,71.340000,0.000000,19.973084,0.017562,51.340000,0.000000,0.000000,20.200000,0.000000,71.313084,0.017562,0.032138,B,0,20,71.313084,0.017562,71.313084,0.017562,0.032138,0.032138
33.000000,3.500000,3.500000,73.375000,0.000000,20.025841,-0.001348,53.375000,0.000000,0.000000,20.500000,0.000000,73.400841,-0.001348,0.025877,B,0,20,73.400841,-0.001348,73.400841,-0.001348,0.025877,0.025877
34.000000,3.600000,3.600000,75.440000,0.000000,19.976421,0.020844,55.440000,0.000000,0.000000,20.800000,0.000000,75.416421,0.020844,0.031471,B,0,20,75.416421,0.020844,75.416421,0.020844,0.031471,0.031471
35.000000,3.700000,3.700000,77.535000,0.000000,20.006859,0.001105,57.535000,0.000000,0.000000,21.100000,0.000000,77.541859,0.001105,0.006947,B,0,20,77.541859,0.001105,77.541859,0.001105,0.006947,0.006947
36.000000,3.800000,3.800000,79.660000,0.000000,19.993632,-0.016656,59.660000,0.000000,0.000000,21.400000,0.000000,79.653632,-0.016656,0.017831,B,0,20,79.653632,-0.016656,79.653632,-0.016656,0.017831,0.017831
37.000000,3.900000,3.900000,81.815000,0.000000,19.954519,0.035500,61.815000,0.000000,0.000000,21.700000,0.000000,81.769519,0.035500,0.057695,B,0,20,81.769519,0.035500,81.769519,0.035500,0.057695,0.057695
38.000000,4.000000,4.000000,84.000000,0.000000,19.991242,-0.012858,64.000000,0.000000,0.000000,22.000000,0.000000,83.991242,-0.012858,0.015558,B,0,20,83.991242,-0.012858,83.991242,-0.012858,0.015558,0.015558
39.000000,4.100000,4.100000,86.215000,0.000000,20.030310,-0.007539,66.215000,0.000000,0.000000,22.300000,0.000000,86.245310,-0.007539,0.031233,B,0,20,86.245310,-0.007539,86.245310,-0.007539,0.031233,0.031233
40.000000,4.200000,4.200000,88.460000,0.000000,19.983367,-0.017381,68.460000,0.000000,0.000000,22.600000,0.000000,88.443367,-0.017381,0.024057,B,0,20,88.443367,-0.017381,88.443367,-0.017381,0.024057,0.024057
41.000000,4.300000,4.300000,90.735000,0.000000,19.981842,-0.005975,70.735000,0.000000,0.000000,22.900000,0.000000,90.716842,-0.005975,0.019116,B,0,20,90.716842,-0.005975,90.716842,-0.005975,0.019116,0.019116
42.000000,4.400000,4.400000,93.040000,0.000000,20.020024,-0.008783,73.040000,0.000000,0.000000,23.200000,0.000000,93.060024,-0.008783,0.021865,B,0,20,93.060024,-0.008783,93.060024,-0.008783,0.021865,0.021865
43.000000,4.500000,4.500000,95.375000,0.000000,20.011113,0.002207,75.375000,0.000000,0.000000,23.500000,0.000000,95.386113,0.002207,0.011330,B,0,20,95.386113,0.002207,95.386113,0.002207,0.011330,0.011330
44.000000,4.600000,4.600000,97.740000,0.000000,19.965671,-0.030098,77.740000,0.000000,0.000000,23.800000,0.000000,97.705671,-0.030098,0.045655,B,0,20,97.705671,-0.030098,97.705671,-0.030098,0.045655,0.045655
45.000000,4.700000,4.700000,100.135000,0.000000,19.982688,0.015260,80.135000,0.000000,0.000000,24.100000,0.000000,100.117688,0.015260,0.023078,B,0,20,100.117688,0.015260,100.117688,0.015260,0.023078,0.023078
46.000000,4.800000,4.800000,102.560000,0.000000,20.009690,-0.000844,82.560000,0.000000,0.000000,24.400000,0.000000,102.569690,-0.000844,0.009726,B,0,20,102.569690,-0.000844,102.569690,-0.000844,0.009726,0.009726
47.000000,4.900000,4.900000,105.015000,0.000000,20.008103,0.021003,85.015000,0.000000,0.000000,24.700000,0.000000,105.023103,0.021003,0.022512,B,0,20,105.023103,0.021003,105.023103,0.021003,0.022512,0.022512
48.000000,5.000000,5.000000,107.500000,0.000000,20.023127,-0.002583,87.500000,0.000000,0.000000,25.000000,0.000000,107.523127,-0.002583,0.023271,B,0,20,107.523127,-0.002583,107.523127,-0.002583,0.023271,0.023271
49.000000,5.100000,5.100000,110.015000,0.000000,19.971546,0.008037,90.015000,0.000000,0.000000,25.300000,0.000000,109.986546,0.008037,0.029567,B,0,20,109.986546,0.008037,109.986546,0.008037,0.029567,0.029567
50.000000,5.200000,5.200000,112.560000,0.000000,19.990518,-0.005412,92.560000,0.000000,0.000000,25.600000,0.000000,112.550518,-0.005412,0.010918,B,0,20,112.550518,-0.005412,112.550518,-0.005412,0.010918,0.010918
51.000000,5.300000,5.300000,115.135000,0.000000,19.978649,0.022137,95.135000,0.000000,0.000000,25.900000,0.000000,115.113649,0.022137,0.030755,B,0,20,115.113649,0.022137,115.113649,0.022137,0.030755,0.030755
52.000000,5.400000,5.400000,117.740000,0.000000,20.013497,0.000893,97.740000,0.000000,0.000000,26.200000,0.000000,117.753497,0.000893,0.013527,B,0,20,117.753497,0.000893,117.753497,0.000893,0.013527,0.013527
53.000000,5.500000,5.500000,120.375000,0.000000,20.006017,0.033936,100.375000,0.000000,0.000000,26.500000,0.000000,120.381017,0.033936,0.034465,B,0,20,120.381017,0.033936,120.381017,0.033936,0.034465,0.034465
54.000000,5.600000,5.600000,123.040000,0.000000,19.929368,-0.029063,103.040000,0.000000,0.000000,26.800000,0.000000,122.969368,-0.029063,0.076378,B,0,20,122.969368,-0.029063,122.969368,-0.029063,0.076378,0.076378
55.000000,5.700000,5.700000,125.735000,0.000000,19.994064,0.005163,105.735000,0.000000,0.000000,27.100000,0.000000,125.729064,0.005163,0.007867,B,0,20,125.729064,0.005163,125.729064,0.005163,0.007867,0.007867
56.000000,5.800000,5.800000,128.460000,0.000000,19.976899,-0.002463,108.460000,0.000000,0.000000,27.400000,0.000000,128.436899,-0.002463,0.023232,B,0,20,128.436899,-0.002463,128.436899,-0.002463,0.023232,0.023232
57.000000,5.900000,5.900000,131.215000,0.000000,19.994547,-0.028102,111.215000,0.000000,0.000000,27.700000,0.000000,131.209547,-0.028102,0.028626,B,0,20,131.209547,-0.028102,131.209547,-0.028102,0.028626,0.028626
58.000000,6.000000,6.000000,134.000000,0.000000,20.025089,0.011734,114.000000,0.000000,0.000000,28.000000,0.000000,134.025089,0.011734,0.027698,B,0,20,134.025089,0.011734,134.025089,0.011734,0.027698,0.027698
59.000000,6.100000,6.100000,136.815000,0.000000,19.997690,-0.028632,116.815000,0.000000,0.000000,28.300000,0.000000,136.812690,-0.028632,0.028725,B,0,20,136.812690,-0.028632,136.812690,-0.028632,0.028725,0.028725
60.000000,6.200000,6.200000,139.660000,0.000000,20.005178,0.038206,119.660000,0.000000,0.000000,28.600000,0.000000,139.665178,0.038206,0.038555,B,0,20,139.665178,0.038206,139.665178,0.038206,0.038555,0.038555
61.000000,6.300000,6.300000,142.535000,0.000000,20.008308,0.041970,122.535000,0.000000,0.000000,28.900000,0.000000,142.543308,0.041970,0.042784,B,0,20,142.543308,0.041970,142.543308,0.041970,0.042784,0.042784
62.000000,6.400000,6.400000,145.440000,0.000000,19.979445,-0.026141,125.440000,0.000000,0.000000,29.200000,0.000000,145.419445,-0.026141,0.033255,B,0,20,145.419445,-0.026141,145.419445,-0.026141,0.033255,0.033255
63.000000,6.500000,6.500000,148.375000,0.000000,19.997576,-0.013482,128.375000,0.000000,0.000000,29.500000,0.000000,148.372576,-0.013482,0.013699,B,0,20,148.372576,-0.013482,148.372576,-0.013482,0.013699,0.013699
64.000000,6.600000,6.600000,151.340000,0.000000,19.954252,0.003844,131.340000,0.000000,0.000000,29.800000,0.000000,151.294252,0.003844,0.045909,B,0,20,151.294252,0.003844,151.294252,0.003844,0.045909,0.045909
65.000000,6.700000,6.700000,154.335000,0.000000,19.957946,-0.018397,134.335000,0.000000,0.000000,30.100000,0.000000,154.292946,-0.018397,0.045902,B,0,20,154.292946,-0.018397,154.292946,-0.018397,0.045902,0.045902
66.000000,6.800000,6.800000,157.360000,0.000000,19.998614,0.054027,137.360000,0.000000,0.000000,30.400000,0.000000,157.358614,0.054027,0.054045,B,0,20,157.358614,0.054027,157.358614,0.054027,0.054045,0.054045
67.000000,6.900000,6.900000,160.415000,0.000000,19.994076,-0.009116,140.415000,0.000000,0.000000,30.700000,0.000000,160.409076,-0.009116,0.010871,B,0,20,160.409076,-0.009116,160.409076,-0.009116,0.010871,0.010871
68.000000,7.000000,7.000000,163.500000,0.000000,19.982656,-0.023133,143.500000,0.000000,0.000000,31.000000,0.000000,163.482656,-0.023133,0.028913,B,0,20,163.482656,-0.023133,163.482656,-0.023133,0.028913,0.028913
69.000000,7.100000,7.100000,166.615000,0.000000,19.986451,-0.019473,146.615000,0.000000,0.000000,31.300000,0.000000,166.601451,-0.019473,0.023723,B,0,20,166.601451,-0.019473,166.601451,-0.019473,0.023723,0.023723
70.000000,7.200000,7.200000,169.760000,0.000000,20.007457,0.025991,149.760000,0.000000,0.000000,31.600000,0.000000,169.767457,0.025991,0.027039,B,0,20,169.767457,0.025991,169.767457,0.025991,0.027039,0.027039
71.000000,7.300000,7.300000,172.935000,0.000000,20.042946,0.003755,152.935000,0.000000,0.000000,31.900000,0.000000,172.977946,0.003755,0.043110,B,0,20,172.977946,0.003755,172.977946,0.003755,0.043110,0.043110
72.000000,7.400000,7.400000,176.140000,0.000000,19.967007,0.045341,156.140000,0.000000,0.000000,32.200000,0.000000,176.107007,0.045341,0.056074,B,0,20,176.107007,0.045341,176.107007,0.045341,0.056074,0.056074
73.000000,7.500000,7.500000,179.375000,0.000000,19.973632,0.026911,159.375000,0.000000,0.000000,32.500000,0.000000,179.348632,0.026911,0.037676,B,0,20,179.348632,0.026911,179.348632,0.026911,0.037676,0.037676
74.000000,7.600000,7.600000,182.640000,0.000000,20.007071,0.010467,162.640000,0.000000,0.000000,32.800000,0.000000,182.647071,0.010467,0.012631,B,0,20,182.647071,0.010467,182.647071,0.010467,0.012631,0.012631
75.000000,7.700000,7.700000,185.935000,0.000000,20.027320,0.015653,165.935000,0.000000,0.000000,33.100000,0.000000,185.962320,0.015653,0.031486,B,0,20,185.962320,0.015653,185.962320,0.015653,0.031486,0.031486
76.000000,7.800000,7.800000,189.260000,0.000000,20.017518,0.032931,169.260000,0.000000,0.000000,33.400000,0.000000,189.277518,0.032931,0.037301,B,0,20,189.277518,0.032931,189.277518,0.032931,0.037301,0.037301
77.000000,7.900000,7.900000,192.615000,0.000000,20.041181,-0.000520,172.615000,0.000000,0.000000,33.700000,0.000000,192.656181,-0.000520,0.041184,B,0,20,192.656181,-0.000520,192.656181,-0.000520,0.041184,0.041184
78.000000,8.000000,8.000000,196.000000,0.000000,19.990809,-0.002927,176.000000,0.000000,0.000000,34.000000,0.000000,195.990809,-0.002927,0.009646,B,0,20,195.990809,-0.002927,195.990809,-0.002927,0.009646,0.009646
79.000000,8.100000,8.100000,199.415000,0.000000,20.008495,-0.001558,179.415000,0.000000,0.000000,34.300000,0.000000,199.423495,-0.001558,0.008637,B,0,20,199.423495,-0.001558,199.423495,-0.001558,0.008637,0.008637
80.000000,8.200000,8.200000,202.860000,0.000000,19.985900,0.006383,182.860000,0.000000,0.000000,34.600000,0.000000,202.845900,0.006383,0.015477,B,0,20,202.845900,0.006383,202.845900,0.006383,0.015477,0.015477
81.000000,8.300000,8.300000,206.335000,0.000000,20.021181,0.007036,186.335000,0.000000,0.000000,34.900000,0.000000,206.356181,0.007036,0.022319,B,0,20,206.356181,0.007036,206.356181,0.007036,0.022319,0.022319
82.000000,8.400000,8.400000,209.840000,0.000000,20.012032,0.022128,189.840000,0.000000,0.000000,35.200000,0.000000,209.852032,0.022128,0.025187,B,0,20,209.852032,0.022128,209.852032,0.022128,0.025187,0.025187
83.000000,8.500000,8.500000,213.375000,0.000000,19.969333,-0.016292,193.375000,0.000000,0.000000,35.500000,0.000000,213.344333,-0.016292,0.034727,B,0,20,213.344333,-0.016292,213.344333,-0.016292,0.034727,0.034727
84.000000,8.600000,8.600000,216.940000,0.000000,19.990745,-0.008046,196.940000,0.000000,0.000000,35.800000,0.000000,216.930745,-0.008046,0.012263,B,0,20,216.930745,-0.008046,216.930745,-0.008046,0.012263,0.012263
85.000000,8.700000,8.700000,220.535000,0.000000,19.992864,-0.018356,200.535000,0.000000,0.000000,36.100000,0.000000,220.527864,-0.018356,0.019695,B,0,20,220.527864,-0.018356,220.527864,-0.018356,0.019695,0.019695
86.000000,8.800000,8.800000,224.160000,0.000000,19.985624,0.005358,204.160000,0.000000,0.000000,36.400000,0.000000,224.145624,0.005358,0.015342,B,0,20,224.145624,0.005358,224.145624,0.005358,0.015342,0.015342
87.000000,8.900000,8.900000,227.815000,0.000000,19.937644,0.007999,207.815000,0.000000,0.000000,36.700000,0.000000,227.752644,0.007999,0.062867,B,0,20,227.752644,0.007999,227.752644,0.007999,0.062867,0.062867
88.000000,9.000000,9.000000,231.500000,0.000000,20.000068,-0.010595,211.500000,0.000000,0.000000,37.000000,0.000000,231.500068,-0.010595,0.010595,B,0,20,231.500068,-0.010595,231.500068,-0.010595,0.010595,0.010595
89.000000,9.100000,9.100000,235.215000,0.000000,19.957194,0.010748,215.215000,0.000000,0.000000,37.300000,0.000000,235.172194,0.010748,0.044135,B,0,20,235.172194,0.010748,235.172194,0.010748,0.044135,0.044135
90.000000,9.200000,9.200000,238.960000,0.000000,19.976012,0.003802,218.960000,0.000000,0.000000,37.600000,0.000000,238.936012,0.003802,0.024288,B,0,20,238.936012,0.003802,238.936012,0.003802,0.024288,0.024288
91.000000,9.300000,9.300000,242.735000,0.000000,19.961282,0.000122,222.735000,0.000000,0.000000,37.900000,0.000000,242.696282,0.000122,0.038718,B,0,20,242.696282,0.000122,242.696282,0.000122,0.038718,0.038718
92.000000,9.400000,9.400000,246.540000,0.000000,20.013479,-0.006830,226.540000,0.000000,0.000000,38.200000,0.000000,246.553479,-0.006830,0.015111,B,0,20,246.553479,-0.006830,246.553479,-0.006830,0.015111,0.015111
93.000000,9.500000,9.500000,250.375000,0.000000,19.997132,0.016411,230.375000,0.000000,0.000000,38.500000,0.000000,250.372132,0.016411,0.016660,B,0,20,250.372132,0.016411,250.372132,0.016411,0.016660,0.016660
94.000000,9.600000,9.600000,254.240000,0.000000,19.999017,-0.011871,234.240000,0.000000,0.000000,38.800000,0.000000,254.239017,-0.011871,0.011912,B,0,20,254.239017,-0.011871,254.239017,-0.011871,0.011912,0.011912
95.000000,9.700000,9.700000,258.135000,0.000000,19.978584,-0.001277,238.135000,0.000000,0.000000,39.100000,0.000000,258.113584,-0.001277,0.021454,B,0,20,258.113584,-0.001277,258.113584,-0.001277,0.021454,0.021454
96.000000,9.800000,9.800000,262.060000,0.000000,19.979268,-0.006985,242.060000,0.000000,0.000000,39.400000,0.000000,262.039268,-0.006985,0.021877,B,0,20,262.039268,-0.006985,262.039268,-0.006985,0.021877,0.021877
97.000000,9.900000,9.900000,266.015000,0.000000,19.996641,0.019810,246.015000,0.000000,0.000000,39.700000,0.000000,266.011641,0.019810,0.020093,B,0,20,266.011641,0.019810,266.011641,0.019810,0.020093,0.020093
98.000000,10.000000,10.000000,270.000000,0.000000,20.010862,-0.025884,250.000000,0.000000,0.000000,40.000000,0.000000,270.010862,-0.025884,0.028070,B,0,20,270.010862,-0.025884,270.010862,-0.025884,0.028070,0.028070
99.000000,10.100000,10.100000,274.015000,0.000000,20.002563,-0.006236,254.015000,0.000000,0.000000,40.300000,0.000000,274.017563,-0.006236,0.006742,B,0,20,274.017563,-0.006236,274.017563,-0.006236,0.006742,0.006742
0.000000,0.200000,0.200000,42.060000,0.000000,39.985112,-0.005108,2.060000,0.000000,0.000000,10.600000,0.000000,42.045112,-0.005108,0.015740,B,0,40,42.045112,-0.005108,42.045112,-0.005108,0.015740,0.015740
1.000000,0.300000,0.300000,43.135000,0.000000,39.999335,-0.004074,3.135000,0.000000,0.000000,10.900000,0.000000,43.134335,-0.004074,0.004128,B,0,40,43.134335,-0.004074,43.134335,-0.004074,0.004128,0.004128
2.000000,0.400000,0.400000,44.240000,0.000000,40.008119,-0.031092,4.240000,0.000000,0.000000,11.200000,0.000000,44.248119,-0.031092,0.032135,B,0,40,44.248119,-0.031092,44.248119,-0.031092,0.032135,0.032135
3.000000,0.500000,0.500000,45.375000,0.000000,39.997033,0.005337,5.375000,0.000000,0.000000,11.500000,0.000000,45.372033,0.005337,0.006106,B,0,40,45.372033,0.005337,45.372033,0.005337,0.006106,0.006106
4.000000,0.600000,0.600000,46.540000,0.000000,40.007242,0.004547,6.540000,0.000000,0.000000,11.800000,0.000000,46.547242,0.004547,0.008551,B,0,40,46.547242,0.004547,46.547242,0.004547,0.008551,0.008551
5.000000,0.700000,0.700000,47.735000,0.000000,39.988781,-0.024276,7.735000,0.000000,0.000000,12.100000,0.000000,47.723781,-0.024276,0.026744,B,0,40,47.723781,-0.024276,47.723781,-0.024276,0.026744,0.026744
6.000000,0.800000,0.800000,48.960000,0.000000,40.020775,-0.000926,8.960000,0.000000,0.000000,12.400000,0.000000,48.980775,-0.000926,0.020796,B,0,40,48.980775,-0.000926,48.980775,-0.000926,0.020796,0.020796
7.000000,0.900000,0.900000,50.215000,0.000000,39.985164,-0.007641,10.215000,0.000000,0.000000,12.700000,0.000000,50.200164,-0.007641,0.016688,B,0,40,50.200164,-0.007641,50.200164,-0.007641,0.016688,0.016688
8.000000,1.000000,1.000000,51.500000,0.000000,40.030057,-0.015178,11.500000,0.000000,0.000000,13.000000,0.000000,51.530057,-0.015178,0.033672,B,0,40,51.530057,-0.015178,51.530057,-0.015178,0.033672,0.033672
9.000000,1.100000,1.100000,52.815000,0.000000,40.025725,0.008793,12.815000,0.000000,0.000000,13.300000,0.000000,52.840725,0.008793,0.027186,B,0,40,52.840725,0.008793,52.840725,0.008793,0.027186,0.027186
10.000000,1.200000,1.200000,54.160000,0.000000,40.018009,0.007224,14.160000,0.000000,0.000000,13.600000,0.000000,54.178009,0.007224,0.019404,B,0,40,54.178009,0.007224,54.178009,0.007224,0.019404,0.019404
11.000000,1.300000,1.300000,55.535000,0.000000,39.999816,0.015983,15.535000,0.000000,0.000000,13.900000,0.000000,55.534816,0.015983,0.015984,B,0,40,55.534816,0.015983,55.534816,0.015983,0.015984,0.015984
12.000000,1.400000,1.400000,56.940000,0.000000,40.003639,0.004295,16.940000,0.000000,0.000000,14.200000,0.000000,56.943639,0.004295,0.005630,B,0,40,56.943639,0.004295,56.943639,0.004295,0.005630,0.005630
13.000000,1.500000,1.500000,58.375000,0.000000,39.967406,-0.008824,18.375000,0.000000,0.000000,14.500000,0.000000,58.342406,-0.008824,0.033767,B,0,40,58.342406,-0.008824,58.342406,-0.008824,0.033767,0.033767
14.000000,1.600000,1.600000,59.840000,0.000000,40.006864,0.056234,19.840000,0.000000,0.000000,14.800000,0.000000,59.846864,0.056234,0.056651,B,0,40,59.846864,0.056234,59.846864,0.056234,0.056651,0.056651
15.000000,1.700000,1.700000,61.335000,0.000000,40.023324,-0.032515,21.335000,0.000000,0.000000,15.100000,0.000000,61.358324,-0.032515,0.040015,B,0,40,61.358324,-0.032515,61.358324,-0.032515,0.040015,0.040015
16.000000,1.800000,1.800000,62.860000,0.000000,39.962074,0.041273,22.860000,0.000000,0.000000,15.400000,0.000000,62.822074,0.041273,0.056053,B,0,40,62.822074,0.041273,62.822074,0.041273,0.056053,0.056053
17.000000,1.900000,1.900000,64.415000,0.000000,39.993031,-0.007352,24.415000,0.000000,0.000000,15.700000,0.000000,64.408031,-0.007352,0.010130,B,0,40,64.408031,-0.007352,64.408031,-0.007352,0.010130,0.010130
18.000000,2.000000,2.000000,66.000000,0.000000,39.974699,-0.027418,26.000000,0.000000,0.000000,16.000000,0.000000,65.974699,-0.027418,0.037308,B,0,40,65.974699,-0.027418,65.974699,-0.027418,0.037308,0.037308
19.000000,2.100000,2.100000,67.615000,0.000000,39.999212,-0.015495,27.615000,0.000000,0.000000,16.300000,0.000000,67.614212,-0.015495,0.015515,B,0,40,67.614212,-0.015495,67.614212,-0.015495,0.015515,0.015515
20.000000,2.200000,2.200000,69.260000,0.000000,39.987611,-0.030917,29.260000,0.000000,0.000000,16.600000,0.000000,69.247611,-0.030917,0.033307,B,0,40,69.247611,-0.030917,69.247611,-0.030917,0.033307,0.033307
21.000000,2.300000,2.300000,70.935000,0.000000,40.031385,-0.002223,30.935000,0.000000,0.000000,16.900000,0.000000,70.966385,-0.002223,0.031464,B,0,40,70.966385,-0.002223,70.966385,-0.002223,0.031464,0.031464
22.000000,2.400000,2.400000,72.640000,0.000000,39.980385,0.029292,32.640000,0.000000,0.000000,17.200000,0.000000,72.620385,0.029292,0.035253,B,0,40,72.620385,0.029292,72.620385,0.029292,0.035253,0.035253
23.000000,2.500000,2.500000,74.375000,0.000000,39.994036,0.013150,34.375000,0.000000,0.000000,17.500000,0.000000,74.369036,0.013150,0.014439,B,0,40,74.369036,0.013150,74.369036,0.013150,0.014439,0.014439
24.000000,2.600000,2.600000,76.140000,0.000000,39.970978,0.011732,36.140000,0.000000,0.000000,17.800000,0.000000,76.110978,0.011732,0.031303,B,0,40,76.110978,0.011732,76.110978,0.011732,0.031303,0.031303
25.000000,2.700000,2.700000,77.935000,0.000000,39.996084,0.044598,37.935000,0.000000,0.000000,18.100000,0.000000,77.931084,0.044598,0.044769,B,0,40,77.931084,0.044598,77.931084,0.044598,0.044769,0.044769
26.000000,2.800000,2.800000,79.760000,0.000000,40.010596,0.010775,39.760000,0.000000,0.000000,18.400000,0.000000,79.770596,0.010775,0.015112,B,0,40,79.770596,0.010775,79.770596,0.010775,0.015112,0.015112
27.000000,2.900000,2.900000,81.615000,0.000000,40.006537,0.007503,41.615000,0.000000,0.000000,18.700000,0.000000,81.621537,0.007503,0.009951,B,0,40,81.621537,0.007503,81.621537,0.007503,0.009951,0.009951
28.000000,3.000000,3.000000,83.500000,0.000000,40.016478,-0.001220,43.500000,0.000000,0.000000,19.000000,0.000000,83.516478,-0.001220,0.016523,B,0,40,83.516478,-0.001220,83.516478,-0.001220,0.016523,0.016523
29.000000,3.100000,3.100000,85.415000,0.000000,40.008641,0.000688,45.415000,0.000000,0.000000,19.300000,0.000000,85.423641,0.000688,0.008668,B,0,40,85.423641,0.000688,85.423641,0.000688,0.008668,0.008668
30.000000,3.200000,3.200000,87.360000,0.000000,39.995868,-0.003431,47.360000,0.000000,0.000000,19.600000,0.000000,87.355868,-0.003431,0.005370,B,0,40,87.355868,-0.003431,87.355868,-0.003431,0.005370,0.005370
31.000000,3.300000,3.300000,89.335000,0.000000,39.981832,0.000469,49.335000,0.000000,0.000000,19.900000,0.000000,89.316832,0.000469,0.018174,B,0,40,89.316832,0.000469,89.316832,0.000469,0.018174,0.018174
32.000000,3.400000,3.400000,91.340000,0.000000,40.021015,0.013321,51.340000,0.000000,0.000000,20.200000,0.000000,91.361015,0.013321,0.024881,B,0,40,91.361015,0.013321,91.361015,0.013321,0.024881,0.024881
33.000000,3.500000,3.500000,93.375000,0.000000,40.005850,0.004864,53.375000,0.000000,0.000000,20.500000,0.000000,93.380850,0.004864,0.007608,B,0,40,93.380850,0.004864,93.380850,0.004864,0.007608,0.007608
34.000000,3.600000,3.600000,95.440000,0.000000,39.999655,-0.017024,55.440000,0.000000,0.000000,20.800000,0.000000,95.439655,-0.017024,0.017028,B,0,40,95.439655,-0.017024,95.439655,-0.017024,0.017028,0.017028
35.000000,3.700000,3.700000,97.535000,0.000000,40.021111,0.009593,57.535000,0.000000,0.000000,21.100000,0.000000,97.556111,0.009593,0.023188,B,0,40,97.556111,0.009593,97.556111,0.009593,0.023188,0.023188
36.000000,3.800000,3.800000,99.660000,0.000000,39.961711,0.012079,59.660000,0.000000,0.000000,21.400000,0.000000,99.621711,0.012079,0.040149,B,0,40,99.621711,0.012079,99.621711,0.012079,0.040149,0.040149
37.000000,3.900000,3.900000,101.815000,0.000000,39.989347,-0.009579,61.815000,0.000000,0.000000,21.700000,0.000000,101.804347,-0.009579,0.014326,B,0,40,101.804347,-0.009579,101.804347,-0.009579,0.014326,0.014326
38.000000,4.000000,4.000000,104.000000,0.000000,40.021382,-0.002475,64.000000,0.000000,0.000000,22.000000,0.000000,104.021382,-0.002475,0.021525,B,0,40,104.021382,-0.002475,104.021382,-0.002475,0.021525,0.021525
39.000000,4.100000,4.100000,106.215000,0.000000,40.001302,0.025521,66.215000,0.000000,0.000000,22.300000,0.000000,106.216302,0.025521,0.025554,B,0,40,106.216302,0.025521,106.216302,0.025521,0.025554,0.025554
40.000000,4.200000,4.200000,108.460000,0.000000,39.983740,-0.000389,68.460000,0.000000,0.000000,22.600000,0.000000,108.443740,-0.000389,0.016264,B,0,40,108.443740,-0.000389,108.443740,-0.000389,0.016264,0.016264
41.000000,4.300000,4.300000,110.735000,0.000000,40.017610,-0.007585,70.735000,0.000000,0.000000,22.900000,0.000000,110.752610,-0.007585,0.019174,B,0,40,110.752610,-0.007585,110.752610,-0.007585,0.019174,0.019174
42.000000,4.400000,4.400000,113.040000,0.000000,39.988644,-0.048743,73.040000,0.000000,0.000000,23.200000,0.000000,113.028644,-0.048743,0.050049,B,0,40,113.028644,-0.048743,113.028644,-0.048743,0.050049,0.050049
43.000000,4.500000,4.500000,115.375000,0.000000,40.027153,-0.041748,75.375000,0.000000,0.000000,23.500000,0.000000,115.402153,-0.041748,0.049801,B,0,40,115.402153,-0.041748,115.402153,-0.041748,0.049801,0.049801
44.000000,4.600000,4.600000,117.740000,0.000000,40.013332,-0.024797,77.740000,0.000000,0.000000,23.800000,0.000000,117.753332,-0.024797,0.028154,B,0,40,117.753332,-0.024797,117.753332,-0.024797,0.028154,0.028154
45.000000,4.700000,4.700000,120.135000,0.000000,40.022756,-0.036173,80.135000,0.000000,0.000000,24.100000,0.000000,120.157756,-0.036173,0.042735,B,0,40,120.157756,-0.036173,120.157756,-0.036173,0.042735,0.042735
46.000000,4.800000,4.800000,122.560000,0.000000,40.000066,0.015067,82.560000,0.000000,0.000000,24.400000,0.000000,122.560066,0.015067,0.015067,B,0,40,122.560066,0.015067,122.560066,0.015067,0.015067,0.015067
47.000000,4.900000,4.900000,125.015000,0.000000,39.990183,-0.004716,85.015000,0.000000,0.000000,24.700000,0.000000,125.005183,-0.004716,0.010891,B,0,40,125.005183,-0.004716,125.005183,-0.004716,0.010891,0.010891
48.000000,5.000000,5.000000,127.500000,0.000000,40.014950,-0.003669,87.500000,0.000000,0.000000,25.000000,0.000000,127.514950,-0.003669,0.015394,B,0,40,127.514950,-0.003669,127.514950,-0.003669,0.015394,0.015394
49.000000,5.100000,5.100000,130.015000,0.000000,40.004093,-0.019436,90.015000,0.000000,0.000000,25.300000,0.000000,130.019093,-0.019436,0.019862,B,0,40,130.019093,-0.019436,130.019093,-0.019436,0.019862,0.019862
50.000000,5.200000,5.200000,132.560000,0.000000,40.034384,0.003716,92.560000,0.000000,0.000000,25.600000,0.000000,132.594384,0.003716,0.034585,B,0,40,132.594384,0.003716,132.594384,0.003716,0.034585,0.034585
51.000000,5.300000,5.300000,135.135000,0.000000,40.016553,0.039924,95.135000,0.000000,0.000000,25.900000,0.000000,135.151553,0.039924,0.043220,B,0,40,135.151553,0.039924,135.151553,0.039924,0.043220,0.043220
52.000000,5.400000,5.400000,137.740000,0.000000,39.986149,0.010467,97.740000,0.000000,0.000000,26.200000,0.000000,137.726149,0.010467,0.017361,B,0,40,137.726149,0.010467,137.726149,0.010467,0.017361,0.017361
53.000000,5.500000,5.500000,140.375000,0.000000,40.014432,0.016384,100.375000,0.000000,0.000000,26.500000,0.000000,140.389432,0.016384,0.021833,B,0,40,140.389432,0.016384,140.389432,0.016384,0.021833,0.021833
54.000000,5.600000,5.600000,143.040000,0.000000,39.991279,-0.003386,103.040000,0.000000,0.000000,26.800000,0.000000,143.031279,-0.003386,0.009355,B,0,40,143.031279,-0.003386,143.031279,-0.003386,0.009355,0.009355
55.000000,5.700000,5.700000,145.735000,0.000000,40.043338,0.011988,105.735000,0.000000,0.000000,27.100000,0.000000,145.778338,0.011988,0.044966,B,0,40,145.778338,0.011988,145.778338,0.011988,0.044966,0.044966
56.000000,5.800000,5.800000,148.460000,0.000000,39.975073,-0.050691,108.460000,0.000000,0.000000,27.400000,0.000000,148.435073,-0.050691,0.056488,B,0,40,148.435073,-0.050691,148.435073,-0.050691,0.056488,0.056488
57.000000,5.900000,5.900000,151.215000,0.000000,40.001747,-0.002110,111.215000,0.000000,0.000000,27.700000,0.000000,151.216747,-0.002110,0.002739,B,0,40,151.216747,-0.002110,151.216747,-0.002110,0.002739,0.002739
58.000000,6.000000,6.000000,154.000000,0.000000,39.978592,-0.007251,114.000000,0.000000,0.000000,28.000000,0.000000,153.978592,-0.007251,0.022602,B,0,40,153.978592,-0.007251,153.978592,-0.007251,0.022602,0.022602
59.000000,6.100000,6.100000,156.815000,0.000000,40.015844,0.009588,116.815000,0.000000,0.000000,28.300000,0.000000,156.830844,0.009588,0.018519,B,0,40,156.830844,0.009588,156.830844,0.009588,0.018519,0.018519
60.000000,6.200000,6.200000,159.660000,0.000000,39.979918,-0.015234,119.660000,0.000000,0.000000,28.600000,0.000000,159.639918,-0.015234,0.025206,B,0,40,159.639918,-0.015234,159.639918,-0.015234,0.025206,0.025206
61.000000,6.300000,6.300000,162.535000,0.000000,40.019928,-0.001658,122.535000,0.000000,0.000000,28.900000,0.000000,162.554928,-0.001658,0.019997,B,0,40,162.554928,-0.001658,162.554928,-0.001658,0.019997,0.019997
62.000000,6.400000,6.400000,165.440000,0.000000,40.016182,-0.011341,125.440000,0.000000,0.000000,29.200000,0.000000,165.456182,-0.011341,0.019761,B,0,40,165.456182,-0.011341,165.456182,-0.011341,0.019761,0.019761
63.000000,6.500000,6.500000,168.375000,0.000000,40.024173,0.026962,128.375000,0.000000,0.000000,29.500000,0.000000,168.399173,0.026962,0.036212,B,0,40,168.399173,0.026962,168.399173,0.026962,0.036212,0.036212
64.000000,6.600000,6.600000,171.340000,0.000000,40.008774,0.007905,131.340000,0.000000,0.000000,29.800000,0.000000,171.348774,0.007905,0.011810,B,0,40,171.348774,0.007905,171.348774,0.007905,0.011810,0.011810
65.000000,6.700000,6.700000,174.335000,0.000000,40.022793,-0.002274,134.335000,0.000000,0.000000,30.100000,0.000000,174.357793,-0.002274,0.022906,B,0,40,174.357793,-0.002274,174.357793,-0.002274,0.022906,0.022906
66.000000,6.800000,6.800000,177.360000,0.000000,39.986308,-0.010826,137.360000,0.000000,0.000000,30.400000,0.000000,177.346308,-0.010826,0.017455,B,0,40,177.346308,-0.010826,177.346308,-0.010826,0.017455,0.017455
67.000000,6.900000,6.900000,180.415000,0.000000,40.044463,-0.004421,140.415000,0.000000,0.000000,30.700000,0.000000,180.459463,-0.004421,0.044682,B,0,40,180.459463,-0.004421,180.459463,-0.004421,0.044682,0.044682
68.000000,7.000000,7.000000,183.500000,0.000000,39.982364,0.017857,143.500000,0.000000,0.000000,31.000000,0.000000,183.482364,0.017857,0.025097,B,0,40,183.482364,0.017857,183.482364,0.017857,0.025097,0.025097
69.000000,7.100000,7.100000,186.615000,0.000000,40.008338,0.036473,146.615000,0.000000,0.000000,31.300000,0.000000,186.623338,0.036473,0.037414,B,0,40,186.623338,0.036473,186.623338,0.036473,0.037414,0.037414
70.000000,7.200000,7.200000,189.760000,0.000000,39.971666,0.031963,149.760000,0.000000,0.000000,31.600000,0.000000,189.731666,0.031963,0.042714,B,0,40,189.731666,0.031963,189.731666,0.031963,0.042714,0.042714
71.000000,7.300000,7.300000,192.935000,0.000000,40.017341,-0.020188,152.935000,0.000000,0.000000,31.900000,0.000000,192.952341,-0.020188,0.026613,B,0,40,192.952341,-0.020188,192.952341,-0.020188,0.026613,0.026613
72.000000,7.400000,7.400000,196.140000,0.000000,40.007859,0.001604,156.140000,0.000000,0.000000,32.200000,0.000000,196.147859,0.001604,0.008021,B,0,40,196.147859,0.001604,196.147859,0.001604,0.008021,0.008021
73.000000,7.500000,7.500000,199.375000,0.000000,39.989440,-0.003706,159.375000,0.000000,0.000000,32.500000,0.000000,199.364440,-0.003706,0.011191,B,0,40,199.364440,-0.003706,199.364440,-0.003706,0.011191,0.011191
74.000000,7.600000,7.600000,202.640000,0.000000,39.976660,-0.004907,162.640000,0.000000,0.000000,32.800000,0.000000,202.616660,-0.004907,0.023850,B,0,40,202.616660,-0.004907,202.616660,-0.004907,0.023850,0.023850
75.000000,7.700000,7.700000,205.935000,0.000000,39.983659,-0.002462,165.935000,0.000000,0.000000,33.100000,0.000000,205.918659,-0.002462,0.016526,B,0,40,205.918659,-0.002462,205.918659,-0.002462,0.016526,0.016526
76.000000,7.800000,7.800000,209.260000,0.000000,40.004211,-0.012289,169.260000,0.000000,0.000000,33.400000,0.000000,209.264211,-0.012289,0.012991,B,0,40,209.264211,-0.012289,209.264211,-0.012289,0.012991,0.012991
77.000000,7.900000,7.900000,212.615000,0.000000,39.985420,-0.028837,172.615000,0.000000,0.000000,33.700000,0.000000,212.600420,-0.028837,0.032314,B,0,40,212.600420,-0.028837,212.600420,-0.028837,0.032314,0.032314
78.000000,8.000000,8.000000,216.000000,0.000000,39.970407,0.006622,176.000000,0.000000,0.000000,34.000000,0.000000,215.970407,0.006622,0.030325,B,0,40,215.970407,0.006622,215.970407,0.006622,0.030325,0.030325
79.000000,8.100000,8.100000,219.415000,0.000000,39.977867,0.004303,179.415000,0.000000,0.000000,34.300000,0.000000,219.392867,0.004303,0.022548,B,0,40,219.392867,0.004303,219.392867,0.004303,0.022548,0.022548
80.000000,8.200000,8.200000,222.860000,0.000000,39.972201,-0.012279,182.860000,0.000000,0.000000,34.600000,0.000000,222.832201,-0.012279,0.030390,B,0,40,222.832201,-0.012279,222.832201,-0.012279,0.030390,0.030390
81.000000,8.300000,8.300000,226.335000,0.000000,40.005516,-0.038665,186.335000,0.000000,0.000000,34.900000,0.000000,226.340516,-0.038665,0.039057,B,0,40,226.340516,-0.038665,226.340516,-0.038665,0.039057,0.039057
82.000000,8.400000,8.400000,229.840000,0.000000,39.993212,0.001280,189.840000,0.000000,0.000000,35.200000,0.000000,229.833212,0.001280,0.006908,B,0,40,229.833212,0.001280,229.833212,0.001280,0.006908,0.006908
83.000000,8.500000,8.500000,233.375000,0.000000,40.009767,0.006941,193.375000,0.000000,0.000000,35.500000,0.000000,233.384767,0.006941,0.011982,B,0,40,233.384767,0.006941,233.384767,0.006941,0.011982,0.011982
84.000000,8.600000,8.600000,236.940000,0.000000,39.989435,-0.035209,196.940000,0.000000,0.000000,35.800000,0.000000,236.929435,-0.035209,0.036760,B,0,40,236.929435,-0.035209,236.929435,-0.035209,0.036760,0.036760
85.000000,8.700000,8.700000,240.535000,0.000000,40.022650,-0.001162,200.535000,0.000000,0.000000,36.100000,0.000000,240.557650,-0.001162,0.022679,B,0,40,240.557650,-0.001162,240.557650,-0.001162,0.022679,0.022679
86.000000,8.800000,8.800000,244.160000,0.000000,39.998334,-0.002888,204.160000,0.000000,0.000000,36.400000,0.000000,244.158334,-0.002888,0.003335,B,0,40,244.158334,-0.002888,244.158334,-0.002888,0.003335,0.003335
87.000000,8.900000,8.900000,247.815000,0.000000,39.978094,0.001588,207.815000,0.000000,0.000000,36.700000,0.000000,247.793094,0.001588,0.021963,B,0,40,247.793094,0.001588,247.793094,0.001588,0.021963,0.021963
88.000000,9.000000,9.000000,251.500000,0.000000,40.016654,0.023409,211.500000,0.000000,0.000000,37.000000,0.000000,251.516654,0.023409,0.028729,B,0,40,251.516654,0.023409,251.516654,0.023409,0.028729,0.028729
89.000000,9.100000,9.100000,255.215000,0.000000,39.983348,-0.010610,215.215000,0.000000,0.000000,37.300000,0.000000,255.198348,-0.010610,0.019745,B,0,40,255.198348,-0.010610,255.198348,-0.010610,0.019745,0.019745
90.000000,9.200000,9.200000,258.960000,0.000000,39.997044,-0.011799,218.960000,0.000000,0.000000,37.600000,0.000000,258.957044,-0.011799,0.012164,B,0,40,258.957044,-0.011799,258.957044,-0.011799,0.012164,0.012164
91.000000,9.300000,9.300000,262.735000,0.000000,40.023206,-0.026317,222.735000,0.000000,0.000000,37.900000,0.000000,262.758206,-0.026317,0.035087,B,0,40,262.758206,-0.026317,262.758206,-0.026317,0.035087,0.035087
92.000000,9.400000,9.400000,266.540000,0.000000,40.035492,-0.002068,226.540000,0.000000,0.000000,38.200000,0.000000,266.575492,-0.002068,0.035552,B,0,40,266.575492,-0.002068,266.575492,-0.002068,0.035552,0.035552
93.000000,9.500000,9.500000,270.375000,0.000000,40.021151,-0.021759,230.375000,0.000000,0.000000,38.500000,0.000000,270.396151,-0.021759,0.030345,B,0,40,270.396151,-0.021759,270.396151,-0.021759,0.030345,0.030345
94.000000,9.600000,9.600000,274.240000,0.000000,39.992131,-0.013878,234.240000,0.000000,0.000000,38.800000,0.000000,274.232131,-0.013878,0.015954,B,0,40,274.232131,-0.013878,274.232131,-0.013878,0.015954,0.015954
95.000000,9.700000,9.700000,278.135000,0.000000,40.016288,-0.002517,238.135000,0.000000,0.000000,39.100000,0.000000,278.151288,-0.002517,0.016481,B,0,40,278.151288,-0.002517,278.151288,-0.002517,0.016481,0.016481
96.000000,9.800000,9.800000,282.060000,0.000000,40.003335,0.000257,242.060000,0.000000,0.000000,39.400000,0.000000,282.063335,0.000257,0.003345,B,0,40,282.063335,0.000257,282.063335,0.000257,0.003345,0.003345
97.000000,9.900000,9.900000,286.015000,0.000000,40.010808,-0.021022,246.015000,0.000000,0.000000,39.700000,0.000000,286.025808,-0.021022,0.023638,B,0,40,286.025808,-0.021022,286.025808,-0.021022,0.023638,0.023638
98.000000,10.000000,10.000000,290.000000,0.000000,40.049818,-0.002664,250.000000,0.000000,0.000000,40.000000,0.000000,290.049818,-0.002664,0.049889,B,0,40,290.049818,-0.002664,290.049818,-0.002664,0.049889,0.049889
99.000000,10.100000,10.100000,294.015000,0.000000,40.014303,0.017968,254.015000,0.000000,0.000000,40.300000,0.000000,294.029303,0.017968,0.022966,B,0,40,294.029303,0.017968,294.029303,0.017968,0.022966,0.022966
0.000000,0.200000,0.150000,12.060000,0.000000,10.549993,-0.015966,2.060000,0.000000,0.000000,10.600000,0.000000,12.609993,-0.015966,0.550225,B,50,10,12.079993,-0.015966,12.079993,-0.015966,0.025586,0.025586
1.000000,0.300000,0.250000,13.135000,0.000000,10.563420,-0.000789,3.135000,0.000000,0.000000,10.900000,0.000000,13.698420,-0.000789,0.563420,B,50,10,13.153420,-0.000789,13.153420,-0.000789,0.018437,0.018437
2.000000,0.400000,0.350000,14.240000,0.000000,10.600521,-0.019390,4.240000,0.000000,0.000000,11.200000,0.000000,14.840521,-0.019390,0.600834,B,50,10,14.280521,-0.019390,14.280521,-0.019390,0.044921,0.044921
3.000000,0.500000,0.450000,15.375000,0.000000,10.578530,-0.003300,5.375000,0.000000,0.000000,11.500000,0.000000,15.953530,-0.003300,0.578539,B,50,10,15.378530,-0.003300,15.378530,-0.003300,0.004832,0.004832
4.000000,0.600000,0.550000,16.540000,0.000000,10.595571,0.008107,6.540000,0.000000,0.000000,11.800000,0.000000,17.135571,0.008107,0.595626,B,50,10,16.545571,0.008107,16.545571,0.008107,0.009836,0.009836
5.000000,0.700000,0.650000,17.735000,0.000000,10.593962,0.002323,7.735000,0.000000,0.000000,12.100000,0.000000,18.328962,0.002323,0.593966,B,50,10,17.723962,0.002323,17.723962,0.002323,0.011280,0.011280
6.000000,0.800000,0.750000,18.960000,0.000000,10.589109,0.022352,8.960000,0.000000,0.000000,12.400000,0.000000,19.549109,0.022352,0.589533,B,50,10,18.929109,0.022352,18.929109,0.022352,0.038130,0.038130
7.000000,0.900000,0.850000,20.215000,0.000000,10.670603,0.000903,10.215000,0.000000,0.000000,12.700000,0.000000,20.885603,0.000903,0.670604,B,50,10,20.250603,0.000903,20.250603,0.000903,0.035615,0.035615
8.000000,1.000000,0.950000,21.500000,0.000000,10.630930,-0.000699,11.500000,0.000000,0.000000,13.000000,0.000000,22.130930,-0.000699,0.630930,B,50,10,21.480930,-0.000699,21.480930,-0.000699,0.019083,0.019083
9.000000,1.100000,1.050000,22.815000,0.000000,10.688337,-0.011532,12.815000,0.000000,0.000000,13.300000,0.000000,23.503337,-0.011532,0.688434,B,50,10,22.838337,-0.011532,22.838337,-0.011532,0.026031,0.026031
10.000000,1.200000,1.150000,24.160000,0.000000,10.669336,0.014232,14.160000,0.000000,0.000000,13.600000,0.000000,24.829336,0.014232,0.669487,B,50,10,24.149336,0.014232,24.149336,0.014232,0.017784,0.017784
11.000000,1.300000,1.250000,25.535000,0.000000,10.705293,0.006507,15.535000,0.000000,0.000000,13.900000,0.000000,26.240293,0.006507,0.705323,B,50,10,25.545293,0.006507,25.545293,0.006507,0.012178,0.012178
12.000000,1.400000,1.350000,26.940000,0.000000,10.710607,-0.016176,16.940000,0.000000,0.000000,14.200000,0.000000,27.650607,-0.016176,0.710792,B,50,10,26.940607,-0.016176,26.940607,-0.016176,0.016188,0.016188
13.000000,1.500000,1.450000,28.375000,0.000000,10.750620,-0.006166,18.375000,0.000000,0.000000,14.500000,0.000000,29.125620,-0.006166,0.750646,B,50,10,28.400620,-0.006166,28.400620,-0.006166,0.026352,0.026352
14.000000,1.600000,1.550000,29.840000,0.000000,10.723477,0.000677,19.840000,0.000000,0.000000,14.800000,0.000000,30.563477,0.000677,0.723478,B,50,10,29.823477,0.000677,29.823477,0.000677,0.016536,0.016536
15.000000,1.700000,1.650000,31.335000,0.000000,10.783407,-0.028671,21.335000,0.000000,0.000000,15.100000,0.000000,32.118407,-0.028671,0.783932,B,50,10,31.363407,-0.028671,31.363407,-0.028671,0.040361,0.040361
16.000000,1.800000,1.750000,32.860000,0.000000,10.766787,-0.009049,22.860000,0.000000,0.000000,15.400000,0.000000,33.626787,-0.009049,0.766841,B,50,10,32.856787,-0.009049,32.856787,-0.009049,0.009602,0.009602
17.000000,1.900000,1.850000,34.415000,0.000000,10.788294,-0.007093,24.415000,0.000000,0.000000,15.700000,0.000000,35.203294,-0.007093,0.788326,B,50,10,34.418294,-0.007093,34.418294,-0.007093,0.007821,0.007821
18.000000,2.000000,1.950000,36.000000,0.000000,10.798321,-0.011098,26.000000,0.000000,0.000000,16.000000,0.000000,36.798321,-0.011098,0.798398,B,50,10,35.998321,-0.011098,35.998321,-0.011098,0.011225,0.011225
19.000000,2.100000,2.050000,37.615000,0.000000,10.829402,-0.015220,27.615000,0.000000,0.000000,16.300000,0.000000,38.444402,-0.015220,0.829542,B,50,10,37.629402,-0.015220,37.629402,-0.015220,0.020954,0.020954
20.000000,2.200000,2.150000,39.260000,0.000000,10.813861,0.033793,29.260000,0.000000,0.000000,16.600000,0.000000,40.073861,0.033793,0.814562,B,50,10,39.243861,0.033793,39.243861,0.033793,0.037449,0.037449
21.000000,2.300000,2.250000,40.935000,0.000000,10.846733,-0.007373,30.935000,0.000000,0.000000,16.900000,0.000000,41.781733,-0.007373,0.846765,B,50,10,40.936733,-0.007373,40.936733,-0.007373,0.007574,0.007574
22.000000,2.400000,2.350000,42.640000,0.000000,10.852527,0.002206,32.640000,0.000000,0.000000,17.200000,0.000000,43.492527,0.002206,0.852530,B,50,10,42.632527,0.002206,42.632527,0.002206,0.007792,0.007792
23.000000,2.500000,2.450000,44.375000,0.000000,10.844432,0.011912,34.375000,0.000000,0.000000,17.500000,0.000000,45.219432,0.011912,0.844516,B,50,10,44.344432,0.011912,44.344432,0.011912,0.032807,0.032807
24.000000,2.600000,2.550000,46.140000,0.000000,10.882180,-0.031035,36.140000,0.000000,0.000000,17.800000,0.000000,47.022180,-0.031035,0.882725,B,50,10,46.132180,-0.031035,46.132180,-0.031035,0.032005,0.032005
25.000000,2.700000,2.650000,47.935000,0.000000,10.911461,-0.033681,37.935000,0.000000,0.000000,18.100000,0.000000,48.846461,-0.033681,0.912083,B,50,10,47.941461,-0.033681,47.941461,-0.033681,0.034295,0.034295
26.000000,2.800000,2.750000,49.760000,0.000000,10.899809,-0.004888,39.760000,0.000000,0.000000,18.400000,0.000000,50.659809,-0.004888,0.899822,B,50,10,49.739809,-0.004888,49.739809,-0.004888,0.020774,0.020774
27.000000,2.900000,2.850000,51.615000,0.000000,10.918769,-0.020819,41.615000,0.000000,0.000000,18.700000,0.000000,52.533769,-0.020819,0.919005,B,50,10,51.598769,-0.020819,51.598769,-0.020819,0.026399,0.026399
28.000000,3.000000,2.950000,53.500000,0.000000,10.958214,-0.002832,43.500000,0.000000,0.000000,19.000000,0.000000,54.458214,-0.002832,0.958218,B,50,10,53.508214,-0.002832,53.508214,-0.002832,0.008688,0.008688
29.000000,3.100000,3.050000,55.415000,0.000000,10.996710,0.035595,45.415000,0.000000,0.000000,19.300000,0.000000,56.411710,0.035595,0.997345,B,50,10,55.446710,0.035595,55.446710,0.035595,0.047671,0.047671
30.000000,3.200000,3.150000,57.360000,0.000000,10.983331,-0.001241,47.360000,0.000000,0.000000,19.600000,0.000000,58.343331,-0.001241,0.983332,B,50,10,57.363331,-0.001241,57.363331,-0.001241,0.003555,0.003555
31.000000,3.300000,3.250000,59.335000,0.000000,11.028030,0.026359,49.335000,0.000000,0.000000,19.900000,0.000000,60.363030,0.026359,1.028368,B,50,10,59.368030,0.026359,59.368030,0.026359,0.042259,0.042259
32.000000,3.400000,3.350000,61.340000,0.000000,11.003470,-0.011185,51.340000,0.000000,0.000000,20.200000,0.000000,62.343470,-0.011185,1.003533,B,50,10,61.333470,-0.011185,61.333470,-0.011185,0.012951,0.012951
33.000000,3.500000,3.450000,63.375000,0.000000,11.036254,-0.025663,53.375000,0.000000,0.000000,20.500000,0.000000,64.411254,-0.025663,1.036571,B,50,10,63.386254,-0.025663,63.386254,-0.025663,0.028022,0.028022
34.000000,3.600000,3.550000,65.440000,0.000000,11.031312,-0.019005,55.440000,0.000000,0.000000,20.800000,0.000000,66.471312,-0.019005,1.031487,B,50,10,65.431312,-0.019005,65.431312,-0.019005,0.020896,0.020896
35.000000,3.700000,3.650000,67.535000,0.000000,11.074187,-0.008140,57.535000,0.000000,0.000000,21.100000,0.000000,68.609187,-0.008140,1.074218,B,50,10,67.554187,-0.008140,67.554187,-0.008140,0.020842,0.020842
36.000000,3.800000,3.750000,69.660000,0.000000,11.105562,0.033863,59.660000,0.000000,0.000000,21.400000,0.000000,70.765562,0.033863,1.106081,B,50,10,69.695562,0.033863,69.695562,0.033863,0.049106,0.049106
37.000000,3.900000,3.850000,71.815000,0.000000,11.098920,0.008397,61.815000,0.000000,0.000000,21.700000,0.000000,72.913920,0.008397,1.098952,B,50,10,71.828920,0.008397,71.828920,0.008397,0.016257,0.016257
38.000000,4.000000,3.950000,74.000000,0.000000,11.133825,0.007867,64.000000,0.000000,0.000000,22.000000,0.000000,75.133825,0.007867,1.133852,B,50,10,74.033825,0.007867,74.033825,0.007867,0.034728,0.034728
39.000000,4.100000,4.050000,76.215000,0.000000,11.143351,0.027215,66.215000,0.000000,0.000000,22.300000,0.000000,77.358351,0.027215,1.143675,B,50,10,76.243351,0.027215,76.243351,0.027215,0.039300,0.039300
40.000000,4.200000,4.150000,78.460000,0.000000,11.148625,-0.041966,68.460000,0.000000,0.000000,22.600000,0.000000,79.608625,-0.041966,1.149392,B,50,10,78.478625,-0.041966,78.478625,-0.041966,0.045914,0.045914
41.000000,4.300000,4.250000,80.735000,0.000000,11.124002,0.002604,70.735000,0.000000,0.000000,22.900000,0.000000,81.859002,0.002604,1.124005,B,50,10,80.714002,0.002604,80.714002,0.002604,0.021158,0.021158
42.000000,4.400000,4.350000,83.040000,0.000000,11.152997,0.004436,73.040000,0.000000,0.000000,23.200000,0.000000,84.192997,0.004436,1.153006,B,50,10,83.032997,0.004436,83.032997,0.004436,0.008290,0.008290
43.000000,4.500000,4.450000,85.375000,0.000000,11.179402,0.040668,75.375000,0.000000,0.000000,23.500000,0.000000,86.554402,0.040668,1.180103,B,50,10,85.379402,0.040668,85.379402,0.040668,0.040906,0.040906
44.000000,4.600000,4.550000,87.740000,0.000000,11.184787,-0.003471,77.740000,0.000000,0.000000,23.800000,0.000000,88.924787,-0.003471,1.184792,B,50,10,87.734787,-0.003471,87.734787,-0.003471,0.006263,0.006263
45.000000,4.700000,4.650000,90.135000,0.000000,11.193457,0.007129,80.135000,0.000000,0.000000,24.100000,0.000000,91.328457,0.007129,1.193479,B,50,10,90.123457,0.007129,90.123457,0.007129,0.013566,0.013566
46.000000,4.800000,4.750000,92.560000,0.000000,11.194446,0.028551,82.560000,0.000000,0.000000,24.400000,0.000000,93.754446,0.028551,1.194788,B,50,10,92.534446,0.028551,92.534446,0.028551,0.038316,0.038316
47.000000,4.900000,4.850000,95.015000,0.000000,11.256908,-0.018298,85.015000,0.000000,0.000000,24.700000,0.000000,96.271908,-0.018298,1.257041,B,50,10,95.036908,-0.018298,95.036908,-0.018298,0.028544,0.028544
48.000000,5.000000,4.950000,97.500000,0.000000,11.252239,-0.008301,87.500000,0.000000,0.000000,25.000000,0.000000,98.752239,-0.008301,1.252266,B,50,10,97.502239,-0.008301,97.502239,-0.008301,0.008597,0.008597
49.000000,5.100000,5.050000,100.015000,0.000000,11.258221,-0.019622,90.015000,0.000000,0.000000,25.300000,0.000000,101.273221,-0.019622,1.258373,B,50,10,100.008221,-0.019622,100.008221,-0.019622,0.020760,0.020760
50.000000,5.200000,5.150000,102.560000,0.000000,11.271269,-0.032271,92.560000,0.000000,0.000000,25.600000,0.000000,103.831269,-0.032271,1.271678,B,50,10,102.551269,-0.032271,102.551269,-0.032271,0.033432,0.033432
51.000000,5.300000,5.250000,105.135000,0.000000,11.291524,-0.042522,95.135000,0.000000,0.000000,25.900000,0.000000,106.426524,-0.042522,1.292224,B,50,10,105.131524,-0.042522,105.131524,-0.042522,0.042663,0.042663
52.000000,5.400000,5.350000,107.740000,0.000000,11.304946,-0.017125,97.740000,0.000000,0.000000,26.200000,0.000000,109.044946,-0.017125,1.305058,B,50,10,107.734946,-0.017125,107.734946,-0.017125,0.017855,0.017855
53.000000,5.500000,5.450000,110.375000,0.000000,11.300534,0.032437,100.375000,0.000000,0.000000,26.500000,0.000000,111.675534,0.032437,1.300939,B,50,10,110.350534,0.032437,110.350534,0.032437,0.040629,0.040629
54.000000,5.600000,5.550000,113.040000,0.000000,11.351874,0.011127,103.040000,0.000000,0.000000,26.800000,0.000000,114.391874,0.011127,1.351920,B,50,10,113.051874,0.011127,113.051874,0.011127,0.016273,0.016273
55.000000,5.700000,5.650000,115.735000,0.000000,11.348918,0.028612,105.735000,0.000000,0.000000,27.100000,0.000000,117.083918,0.028612,1.349221,B,50,10,115.728918,0.028612,115.728918,0.028612,0.029251,0.029251
56.000000,5.800000,5.750000,118.460000,0.000000,11.373439,-0.015197,108.460000,0.000000,0.000000,27.400000,0.000000,119.833439,-0.015197,1.373523,B,50,10,118.463439,-0.015197,118.463439,-0.015197,0.015581,0.015581
57.000000,5.900000,5.850000,121.215000,0.000000,11.352833,0.061743,111.215000,0.000000,0.000000,27.700000,0.000000,122.567833,0.061743,1.354242,B,50,10,121.182833,0.061743,121.182833,0.061743,0.069620,0.069620
58.000000,6.000000,5.950000,124.000000,0.000000,11.387438,0.032828,114.000000,0.000000,0.000000,28.000000,0.000000,125.387438,0.032828,1.387826,B,50,10,123.987438,0.032828,123.987438,0.032828,0.035149,0.035149
59.000000,6.100000,6.050000,126.815000,0.000000,11.442231,-0.008947,116.815000,0.000000,0.000000,28.300000,0.000000,128.257231,-0.008947,1.442259,B,50,10,126.842231,-0.008947,126.842231,-0.008947,0.028663,0.028663
60.000000,6.200000,6.150000,129.660000,0.000000,11.412803,-0.006810,119.660000,0.000000,0.000000,28.600000,0.000000,131.072803,-0.006810,1.412820,B,50,10,129.642803,-0.006810,129.642803,-0.006810,0.018496,0.018496
61.000000,6.300000,6.250000,132.535000,0.000000,11.426339,-0.005590,122.535000,0.000000,0.000000,28.900000,0.000000,133.961339,-0.005590,1.426350,B,50,10,132.516339,-0.005590,132.516339,-0.005590,0.019480,0.019480
62.000000,6.400000,6.350000,135.440000,0.000000,11.452264,0.006903,125.440000,0.000000,0.000000,29.200000,0.000000,136.892264,0.006903,1.452280,B,50,10,135.432264,0.006903,135.432264,0.006903,0.010368,0.010368
63.000000,6.500000,6.450000,138.375000,0.000000,11.502674,0.021832,128.375000,0.000000,0.000000,29.500000,0.000000,139.877674,0.021832,1.502832,B,50,10,138.402674,0.021832,138.402674,0.021832,0.035249,0.035249
64.000000,6.600000,6.550000,141.340000,0.000000,11.498338,-0.005717,131.340000,0.000000,0.000000,29.800000,0.000000,142.838338,-0.005717,1.498349,B,50,10,141.348338,-0.005717,141.348338,-0.005717,0.010110,0.010110
65.000000,6.700000,6.650000,144.335000,0.000000,11.492409,-0.031872,134.335000,0.000000,0.000000,30.100000,0.000000,145.827409,-0.031872,1.492749,B,50,10,144.322409,-0.031872,144.322409,-0.031872,0.034269,0.034269
66.000000,6.800000,6.750000,147.360000,0.000000,11.514666,0.010871,137.360000,0.000000,0.000000,30.400000,0.000000,148.874666,0.010871,1.514705,B,50,10,147.354666,0.010871,147.354666,0.010871,0.012110,0.012110
67.000000,6.900000,6.850000,150.415000,0.000000,11.513455,-0.002710,140.415000,0.000000,0.000000,30.700000,0.000000,151.928455,-0.002710,1.513457,B,50,10,150.393455,-0.002710,150.393455,-0.002710,0.021715,0.021715
68.000000,7.000000,6.950000,153.500000,0.000000,11.541396,-0.001240,143.500000,0.000000,0.000000,31.000000,0.000000,155.041396,-0.001240,1.541396,B,50,10,153.491396,-0.001240,153.491396,-0.001240,0.008693,0.008693
69.000000,7.100000,7.050000,156.615000,0.000000,11.567359,-0.018531,146.615000,0.000000,0.000000,31.300000,0.000000,158.182359,-0.018531,1.567468,B,50,10,156.617359,-0.018531,156.617359,-0.018531,0.018681,0.018681
70.000000,7.200000,7.150000,159.760000,0.000000,11.555243,-0.011199,149.760000,0.000000,0.000000,31.600000,0.000000,161.315243,-0.011199,1.555283,B,50,10,159.735243,-0.011199,159.735243,-0.011199,0.027172,0.027172
71.000000,7.300000,7.250000,162.935000,0.000000,11.578167,0.002026,152.935000,0.000000,0.000000,31.900000,0.000000,164.513167,0.002026,1.578169,B,50,10,162.918167,0.002026,162.918167,0.002026,0.016954,0.016954
72.000000,7.400000,7.350000,166.140000,0.000000,11.637575,0.015801,156.140000,0.000000,0.000000,32.200000,0.000000,167.777575,0.015801,1.637651,B,50,10,166.167575,0.015801,166.167575,0.015801,0.031781,0.031781
73.000000,7.500000,7.450000,169.375000,0.000000,11.629484,-0.014368,159.375000,0.000000,0.000000,32.500000,0.000000,171.004484,-0.014368,1.629548,B,50,10,169.379484,-0.014368,169.379484,-0.014368,0.015051,0.015051
74.000000,7.600000,7.550000,172.640000,0.000000,11.640593,-0.000697,162.640000,0.000000,0.000000,32.800000,0.000000,174.280593,-0.000697,1.640594,B,50,10,172.640593,-0.000697,172.640593,-0.000697,0.000916,0.000916
75.000000,7.700000,7.650000,175.935000,0.000000,11.676818,0.014304,165.935000,0.000000,0.000000,33.100000,0.000000,177.611818,0.014304,1.676879,B,50,10,175.956818,0.014304,175.956818,0.014304,0.026089,0.026089
76.000000,7.800000,7.750000,179.260000,0.000000,11.676722,-0.023346,169.260000,0.000000,0.000000,33.400000,0.000000,180.936722,-0.023346,1.676884,B,50,10,179.266722,-0.023346,179.266722,-0.023346,0.024294,0.024294
77.000000,7.900000,7.850000,182.615000,0.000000,11.683571,-0.018110,172.615000,0.000000,0.000000,33.700000,0.000000,184.298571,-0.018110,1.683668,B,50,10,182.613571,-0.018110,182.613571,-0.018110,0.018166,0.018166
78.000000,8.000000,7.950000,186.000000,0.000000,11.702309,-0.006657,176.000000,0.000000,0.000000,34.000000,0.000000,187.702309,-0.006657,1.702322,B,50,10,186.002309,-0.006657,186.002309,-0.006657,0.007046,0.007046
79.000000,8.100000,8.050000,189.415000,0.000000,11.738184,0.020399,179.415000,0.000000,0.000000,34.300000,0.000000,191.153184,0.020399,1.738303,B,50,10,189.438184,0.020399,189.438184,0.020399,0.030881,0.030881
80.000000,8.200000,8.150000,192.860000,0.000000,11.721859,0.034335,182.860000,0.000000,0.000000,34.600000,0.000000,194.581859,0.034335,1.722202,B,50,10,192.851859,0.034335,192.851859,0.034335,0.035287,0.035287
81.000000,8.300000,8.250000,196.335000,0.000000,11.720985,0.023351,186.335000,0.000000,0.000000,34.900000,0.000000,198.055985,0.023351,1.721143,B,50,10,196.310985,0.023351,196.310985,0.023351,0.033496,0.033496
82.000000,8.400000,8.350000,199.840000,0.000000,11.753096,-0.013925,189.840000,0.000000,0.000000,35.200000,0.000000,201.593096,-0.013925,1.753152,B,50,10,199.833096,-0.013925,199.833096,-0.013925,0.015543,0.015543
83.000000,8.500000,8.450000,203.375000,0.000000,11.761257,0.022592,193.375000,0.000000,0.000000,35.500000,0.000000,205.136257,0.022592,1.761402,B,50,10,203.361257,0.022592,203.361257,0.022592,0.026444,0.026444
84.000000,8.600000,8.550000,206.940000,0.000000,11.789395,0.004852,196.940000,0.000000,0.000000,35.800000,0.000000,208.729395,0.004852,1.789402,B,50,10,206.939395,0.004852,206.939395,0.004852,0.004890,0.004890
85.000000,8.700000,8.650000,210.535000,0.000000,11.819575,0.007960,200.535000,0.000000,0.000000,36.100000,0.000000,212.354575,0.007960,1.819593,B,50,10,210.549575,0.007960,210.549575,0.007960,0.016607,0.016607
86.000000,8.800000,8.750000,214.160000,0.000000,11.822671,-0.027700,204.160000,0.000000,0.000000,36.400000,0.000000,215.982671,-0.027700,1.822881,B,50,10,214.162671,-0.027700,214.162671,-0.027700,0.027828,0.027828
87.000000,8.900000,8.850000,217.815000,0.000000,11.845877,0.047608,207.815000,0.000000,0.000000,36.700000,0.000000,219.660877,0.047608,1.846491,B,50,10,217.825877,0.047608,217.825877,0.047608,0.048835,0.048835
88.000000,9.000000,8.950000,221.500000,0.000000,11.842298,-0.023388,211.500000,0.000000,0.000000,37.000000,0.000000,223.342298,-0.023388,1.842446,B,50,10,221.492298,-0.023388,221.492298,-0.023388,0.024623,0.024623
89.000000,9.100000,9.050000,225.215000,0.000000,11.861756,-0.010463,215.215000,0.000000,0.000000,37.300000,0.000000,227.076756,-0.010463,1.861786,B,50,10,225.211756,-0.010463,225.211756,-0.010463,0.010955,0.010955
90.000000,9.200000,9.150000,228.960000,0.000000,11.892727,0.021832,218.960000,0.000000,0.000000,37.600000,0.000000,230.852727,0.021832,1.892853,B,50,10,228.972727,0.021832,228.972727,0.021832,0.025271,0.025271
91.000000,9.300000,9.250000,232.735000,0.000000,11.905587,0.009352,222.735000,0.000000,0.000000,37.900000,0.000000,234.640587,0.009352,1.905610,B,50,10,232.745587,0.009352,232.745587,0.009352,0.014126,0.014126
92.000000,9.400000,9.350000,236.540000,0.000000,11.907854,-0.039458,226.540000,0.000000,0.000000,38.200000,0.000000,238.447854,-0.039458,1.908262,B,50,10,236.537854,-0.039458,236.537854,-0.039458,0.039517,0.039517
93.000000,9.500000,9.450000,240.375000,0.000000,11.944144,0.006850,230.375000,0.000000,0.000000,38.500000,0.000000,242.319144,0.006850,1.944156,B,50,10,240.394144,0.006850,240.394144,0.006850,0.020333,0.020333
94.000000,9.600000,9.550000,244.240000,0.000000,11.927660,-0.031980,234.240000,0.000000,0.000000,38.800000,0.000000,246.167660,-0.031980,1.927925,B,50,10,244.227660,-0.031980,244.227660,-0.031980,0.034279,0.034279
95.000000,9.700000,9.650000,248.135000,0.000000,11.966304,-0.010838,238.135000,0.000000,0.000000,39.100000,0.000000,250.101304,-0.010838,1.966334,B,50,10,248.146304,-0.010838,248.146304,-0.010838,0.015660,0.015660
96.000000,9.800000,9.750000,252.060000,0.000000,12.010056,0.026502,242.060000,0.000000,0.000000,39.400000,0.000000,254.070056,0.026502,2.010230,B,50,10,252.100056,0.026502,252.100056,0.026502,0.048029,0.048029
97.000000,9.900000,9.850000,256.015000,0.000000,12.006501,-0.011868,246.015000,0.000000,0.000000,39.700000,0.000000,258.021501,-0.011868,2.006536,B,50,10,256.036501,-0.011868,256.036501,-0.011868,0.024559,0.024559
98.000000,10.000000,9.950000,260.000000,0.000000,11.956823,0.001297,250.000000,0.000000,0.000000,40.000000,0.000000,261.956823,0.001297,1.956823,B,50,10,259.956823,0.001297,259.956823,0.001297,0.043197,0.043197
99.000000,10.100000,10.050000,264.015000,0.000000,11.986595,-0.017676,254.015000,0.000000,0.000000,40.300000,0.000000,266.001595,-0.017676,1.986673,B,50,10,263.986595,-0.017676,263.986595,-0.017676,0.033456,0.033456
0.000000,0.200000,0.150000,22.060000,0.000000,20.515233,0.021743,2.060000,0.000000,0.000000,10.600000,0.000000,22.575233,0.021743,0.515692,B,50,20,22.045233,0.021743,22.045233,0.021743,0.026283,0.026283
1.000000,0.300000,0.250000,23.135000,0.000000,20.552499,0.006059,3.135000,0.000000,0.000000,10.900000,0.000000,23.687499,0.006059,0.552532,B,50,20,23.142499,0.006059,23.142499,0.006059,0.009641,0.009641
2.000000,0.400000,0.350000,24.240000,0.000000,20.530883,0.025645,4.240000,0.000000,0.000000,11.200000,0.000000,24.770883,0.025645,0.531502,B,50,20,24.210883,0.025645,24.210883,0.025645,0.038801,0.038801
3.000000,0.500000,0.450000,25.375000,0.000000,20.607864,0.044460,5.375000,0.000000,0.000000,11.500000,0.000000,25.982864,0.044460,0.609487,B,50,20,25.407864,0.044460,25.407864,0.044460,0.055287,0.055287
4.000000,0.600000,0.550000,26.540000,0.000000,20.565186,0.006162,6.540000,0.000000,0.000000,11.800000,0.000000,27.105186,0.006162,0.565220,B,50,20,26.515186,0.006162,26.515186,0.006162,0.025567,0.025567
5.000000,0.700000,0.650000,27.735000,0.000000,20.624453,-0.015258,7.735000,0.000000,0.000000,12.100000,0.000000,28.359453,-0.015258,0.624640,B,50,20,27.754453,-0.015258,27.754453,-0.015258,0.024723,0.024723
6.000000,0.800000,0.750000,28.960000,0.000000,20.594619,-0.007759,8.960000,0.000000,0.000000,12.400000,0.000000,29.554619,-0.007759,0.594670,B,50,20,28.934619,-0.007759,28.934619,-0.007759,0.026540,0.026540
7.000000,0.900000,0.850000,30.215000,0.000000,20.600245,0.010635,10.215000,0.000000,0.000000,12.700000,0.000000,30.815245,0.010635,0.600340,B,50,20,30.180245,0.010635,30.180245,0.010635,0.036346,0.036346
8.000000,1.000000,0.950000,31.500000,0.000000,20.649009,-0.002513,11.500000,0.000000,0.000000,13.000000,0.000000,32.149009,-0.002513,0.649014,B,50,20,31.499009,-0.002513,31.499009,-0.002513,0.002701,0.002701
9.000000,1.100000,1.050000,32.815000,0.000000,20.656601,0.002608,12.815000,0.000000,0.000000,13.300000,0.000000,33.471601,0.002608,0.656607,B,50,20,32.806601,0.002608,32.806601,0.002608,0.008794,0.008794
10.000000,1.200000,1.150000,34.160000,0.000000,20.663788,0.006216,14.160000,0.000000,0.000000,13.600000,0.000000,34.823788,0.006216,0.663817,B,50,20,34.143788,0.006216,34.143788,0.006216,0.017363,0.017363
11.000000,1.300000,1.250000,35.535000,0.000000,20.678617,-0.022512,15.535000,0.000000,0.000000,13.900000,0.000000,36.213617,-0.022512,0.678991,B,50,20,35.518617,-0.022512,35.518617,-0.022512,0.027842,0.027842
12.000000,1.400000,1.350000,36.940000,0.000000,20.703581,-0.006316,16.940000,0.000000,0.000000,14.200000,0.000000,37.643581,-0.006316,0.703610,B,50,20,36.933581,-0.006316,36.933581,-0.006316,0.009005,0.009005
13.000000,1.500000,1.450000,38.375000,0.000000,20.695712,0.018056,18.375000,0.000000,0.000000,14.500000,0.000000,39.070712,0.018056,0.695946,B,50,20,38.345712,0.018056,38.345712,0.018056,0.034407,0.034407
14.000000,1.600000,1.550000,39.840000,0.000000,20.761334,0.023785,19.840000,0.000000,0.000000,14.800000,0.000000,40.601334,0.023785,0.761706,B,50,20,39.861334,0.023785,39.861334,0.023785,0.031952,0.031952
15.000000,1.700000,1.650000,41.335000,0.000000,20.734921,0.036741,21.335000,0.000000,0.000000,15.100000,0.000000,42.069921,0.036741,0.735839,B,50,20,41.314921,0.036741,41.314921,0.036741,0.041870,0.041870
16.000000,1.800000,1.750000,42.860000,0.000000,20.765342,0.011730,22.860000,0.000000,0.000000,15.400000,0.000000,43.625342,0.011730,0.765432,B,50,20,42.855342,0.011730,42.855342,0.011730,0.012621,0.012621
17.000000,1.900000,1.850000,44.415000,0.000000,20.784956,-0.033579,24.415000,0.000000,0.000000,15.700000,0.000000,45.199956,-0.033579,0.785674,B,50,20,44.414956,-0.033579,44.414956,-0.033579,0.033579,0.033579
18.000000,2.000000,1.950000,46.000000,0.000000,20.769204,-0.008141,26.000000,0.000000,0.000000,16.000000,0.000000,46.769204,-0.008141,0.769247,B,50,20,45.969204,-0.008141,45.969204,-0.008141,0.031854,0.031854
19.000000,2.100000,2.050000,47.615000,0.000000,20.775747,-0.018523,27.615000,0.000000,0.000000,16.300000,0.000000,48.390747,-0.018523,0.775968,B,50,20,47.575747,-0.018523,47.575747,-0.018523,0.043404,0.043404
20.000000,2.200000,2.150000,49.260000,0.000000,20.824048,-0.014959,29.260000,0.000000,0.000000,16.600000,0.000000,50.084048,-0.014959,0.824184,B,50,20,49.254048,-0.014959,49.254048,-0.014959,0.016099,0.016099
21.000000,2.300000,2.250000,50.935000,0.000000,20.826169,0.019133,30.935000,0.000000,0.000000,16.900000,0.000000,51.761169,0.019133,0.826391,B,50,20,50.916169,0.019133,50.916169,0.019133,0.026845,0.026845
22.000000,2.400000,2.350000,52.640000,0.000000,20.863229,0.027210,32.640000,0.000000,0.000000,17.200000,0.000000,53.503229,0.027210,0.863658,B,50,20,52.643229,0.027210,52.643229,0.027210,0.027401,0.027401
23.000000,2.500000,2.450000,54.375000,0.000000,20.859029,-0.056386,34.375000,0.000000,0.000000,17.500000,0.000000,55.234029,-0.056386,0.860877,B,50,20,54.359029,-0.056386,54.359029,-0.056386,0.058604,0.058604
24.000000,2.600000,2.550000,56.140000,0.000000,20.892647,-0.027837,36.140000,0.000000,0.000000,17.800000,0.000000,57.032647,-0.027837,0.893081,B,50,20,56.142647,-0.027837,56.142647,-0.027837,0.027963,0.027963
25.000000,2.700000,2.650000,57.935000,0.000000,20.898411,0.056714,37.935000,0.000000,0.000000,18.100000,0.000000,58.833411,0.056714,0.900200,B,50,20,57.928411,0.056714,57.928411,0.056714,0.057096,0.057096
26.000000,2.800000,2.750000,59.760000,0.000000,20.929179,0.028141,39.760000,0.000000,0.000000,18.400000,0.000000,60.689179,0.028141,0.929605,B,50,20,59.769179,0.028141,59.769179,0.028141,0.029600,0.029600
27.000000,2.900000,2.850000,61.615000,0.000000,20.924980,-0.006100,41.615000,0.000000,0.000000,18.700000,0.000000,62.539980,-0.006100,0.925000,B,50,20,61.604980,-0.006100,61.604980,-0.006100,0.011731,0.011731
28.000000,3.000000,2.950000,63.500000,0.000000,20.930286,0.028335,43.500000,0.000000,0.000000,19.000000,0.000000,64.430286,0.028335,0.930718,B,50,20,63.480286,0.028335,63.480286,0.028335,0.034518,0.034518
29.000000,3.100000,3.050000,65.415000,0.000000,20.939190,-0.003382,45.415000,0.000000,0.000000,19.300000,0.000000,66.354190,-0.003382,0.939196,B,50,20,65.389190,-0.003382,65.389190,-0.003382,0.026030,0.026030
30.000000,3.200000,3.150000,67.360000,0.000000,20.947600,-0.000598,47.360000,0.000000,0.000000,19.600000,0.000000,68.307600,-0.000598,0.947601,B,50,20,67.327600,-0.000598,67.327600,-0.000598,0.032405,0.032405
31.000000,3.300000,3.250000,69.335000,0.000000,20.990646,0.001740,49.335000,0.000000,0.000000,19.900000,0.000000,70.325646,0.001740,0.990648,B,50,20,69.330646,0.001740,69.330646,0.001740,0.004689,0.004689
32.000000,3.400000,3.350000,71.340000,0.000000,21.003692,-0.017519,51.340000,0.000000,0.000000,20.200000,0.000000,72.343692,-0.017519,1.003845,B,50,20,71.333692,-0.017519,71.333692,-0.017519,0.018620,0.018620
33.000000,3.500000,3.450000,73.375000,0.000000,21.021959,0.060920,53.375000,0.000000,0.000000,20.500000,0.000000,74.396959,0.060920,1.023774,B,50,20,73.371959,0.060920,73.371959,0.060920,0.060995,0.060995
34.000000,3.600000,3.550000,75.440000,0.000000,21.020322,-0.002530,55.440000,0.000000,0.000000,20.800000,0.000000,76.460322,-0.002530,1.020325,B,50,20,75.420322,-0.002530,75.420322,-0.002530,0.019840,0.019840
35.000000,3.700000,3.650000,77.535000,0.000000,21.027267,-0.046668,57.535000,0.000000,0.000000,21.100000,0.000000,78.562267,-0.046668,1.028327,B,50,20,77.507267,-0.046668,77.507267,-0.046668,0.054287,0.054287
36.000000,3.800000,3.750000,79.660000,0.000000,21.043508,0.000615,59.660000,0.000000,0.000000,21.400000,0.000000,80.703508,0.000615,1.043508,B,50,20,79.633508,0.000615,79.633508,0.000615,0.026499,0.026499
37.000000,3.900000,3.850000,81.815000,0.000000,21.075380,-0.039258,61.815000,0.000000,0.000000,21.700000,0.000000,82.890380,-0.039258,1.076096,B,50,20,81.805380,-0.039258,81.805380,-0.039258,0.040419,0.040419
38.000000,4.000000,3.950000,84.000000,0.000000,21.094660,-0.014798,64.000000,0.000000,0.000000,22.000000,0.000000,85.094660,-0.014798,1.094760,B,50,20,83.994660,-0.014798,83.994660,-0.014798,0.015732,0.015732
39.000000,4.100000,4.050000,86.215000,0.000000,21.092906,-0.005156,66.215000,0.000000,0.000000,22.300000,0.000000,87.307906,-0.005156,1.092919,B,50,20,86.192906,-0.005156,86.192906,-0.005156,0.022687,0.022687
40.000000,4.200000,4.150000,88.460000,0.000000,21.134069,-0.042945,68.460000,0.000000,0.000000,22.600000,0.000000,89.594069,-0.042945,1.134882,B,50,20,88.464069,-0.042945,88.464069,-0.042945,0.043137,0.043137
41.000000,4.300000,4.250000,90.735000,0.000000,21.179831,0.013610,70.735000,0.000000,0.000000,22.900000,0.000000,91.914831,0.013610,1.179909,B,50,20,90.769831,0.013610,90.769831,0.013610,0.037395,0.037395
42.000000,4.400000,4.350000,93.040000,0.000000,21.156964,0.005713,73.040000,0.000000,0.000000,23.200000,0.000000,94.196964,0.005713,1.156978,B,50,20,93.036964,0.005713,93.036964,0.005713,0.006470,0.006470
43.000000,4.500000,4.450000,95.375000,0.000000,21.186005,0.046949,75.375000,0.000000,0.000000,23.500000,0.000000,96.561005,0.046949,1.186934,B,50,20,95.386005,0.046949,95.386005,0.046949,0.048221,0.048221
44.000000,4.600000,4.550000,97.740000,0.000000,21.155977,0.023373,77.740000,0.000000,0.000000,23.800000,0.000000,98.895977,0.023373,1.156213,B,50,20,97.705977,0.023373,97.705977,0.023373,0.041278,0.041278
45.000000,4.700000,4.650000,100.135000,0.000000,21.172361,0.007990,80.135000,0.000000,0.000000,24.100000,0.000000,101.307361,0.007990,1.172388,B,50,20,100.102361,0.007990,100.102361,0.007990,0.033603,0.033603
46.000000,4.800000,4.750000,102.560000,0.000000,21.210738,0.003059,82.560000,0.000000,0.000000,24.400000,0.000000,103.770738,0.003059,1.210742,B,50,20,102.550738,0.003059,102.550738,0.003059,0.009754,0.009754
47.000000,4.900000,4.850000,105.015000,0.000000,21.231731,-0.015745,85.015000,0.000000,0.000000,24.700000,0.000000,106.246731,-0.015745,1.231831,B,50,20,105.011731,-0.015745,105.011731,-0.015745,0.016081,0.016081
48.000000,5.000000,4.950000,107.500000,0.000000,21.259879,0.000140,87.500000,0.000000,0.000000,25.000000,0.000000,108.759879,0.000140,1.259879,B,50,20,107.509879,0.000140,107.509879,0.000140,0.009880,0.009880
49.000000,5.100000,5.050000,110.015000,0.000000,21.256186,-0.020983,90.015000,0.000000,0.000000,25.300000,0.000000,111.271186,-0.020983,1.256362,B,50,20,110.006186,-0.020983,110.006186,-0.020983,0.022759,0.022759
50.000000,5.200000,5.150000,112.560000,0.000000,21.246923,-0.029391,92.560000,0.000000,0.000000,25.600000,0.000000,113.806923,-0.029391,1.247269,B,50,20,112.526923,-0.029391,112.526923,-0.029391,0.044249,0.044249
51.000000,5.300000,5.250000,115.135000,0.000000,21.303375,-0.002871,95.135000,0.000000,0.000000,25.900000,0.000000,116.438375,-0.002871,1.303378,B,50,20,115.143375,-0.002871,115.143375,-0.002871,0.008853,0.008853
52.000000,5.400000,5.350000,117.740000,0.000000,21.325533,-0.020461,97.740000,0.000000,0.000000,26.200000,0.000000,119.065533,-0.020461,1.325691,B,50,20,117.755533,-0.020461,117.755533,-0.020461,0.025689,0.025689
53.000000,5.500000,5.450000,120.375000,0.000000,21.314353,-0.002393,100.375000,0.000000,0.000000,26.500000,0.000000,121.689353,-0.002393,1.314356,B,50,20,120.364353,-0.002393,120.364353,-0.002393,0.010912,0.010912
54.000000,5.600000,5.550000,123.040000,0.000000,21.347704,0.050265,103.040000,0.000000,0.000000,26.800000,0.000000,124.387704,0.050265,1.348641,B,50,20,123.047704,0.050265,123.047704,0.050265,0.050852,0.050852
55.000000,5.700000,5.650000,125.735000,0.000000,21.354000,0.013955,105.735000,0.000000,0.000000,27.100000,0.000000,127.089000,0.013955,1.354071,B,50,20,125.734000,0.013955,125.734000,0.013955,0.013991,0.013991
56.000000,5.800000,5.750000,128.460000,0.000000,21.382410,-0.008482,108.460000,0.000000,0.000000,27.400000,0.000000,129.842410,-0.008482,1.382436,B,50,20,128.472410,-0.008482,128.472410,-0.008482,0.015032,0.015032
57.000000,5.900000,5.850000,131.215000,0.000000,21.373306,0.020304,111.215000,0.000000,0.000000,27.700000,0.000000,132.588306,0.020304,1.373456,B,50,20,131.203306,0.020304,131.203306,0.020304,0.023431,0.023431
58.000000,6.000000,5.950000,134.000000,0.000000,21.419715,-0.010436,114.000000,0.000000,0.000000,28.000000,0.000000,135.419715,-0.010436,1.419754,B,50,20,134.019715,-0.010436,134.019715,-0.010436,0.022307,0.022307
59.000000,6.100000,6.050000,136.815000,0.000000,21.391207,-0.009947,116.815000,0.000000,0.000000,28.300000,0.000000,138.206207,-0.009947,1.391242,B,50,20,136.791207,-0.009947,136.791207,-0.009947,0.025789,0.025789
60.000000,6.200000,6.150000,139.660000,0.000000,21.448376,-0.016722,119.660000,0.000000,0.000000,28.600000,0.000000,141.108376,-0.016722,1.448472,B,50,20,139.678376,-0.016722,139.678376,-0.016722,0.024845,0.024845
61.000000,6.300000,6.250000,142.535000,0.000000,21.428610,0.012438,122.535000,0.000000,0.000000,28.900000,0.000000,143.963610,0.012438,1.428664,B,50,20,142.518610,0.012438,142.518610,0.012438,0.020575,0.020575
62.000000,6.400000,6.350000,145.440000,0.000000,21.473328,0.012264,125.440000,0.000000,0.000000,29.200000,0.000000,146.913328,0.012264,1.473379,B,50,20,145.453328,0.012264,145.453328,0.012264,0.018112,0.018112
63.000000,6.500000,6.450000,148.375000,0.000000,21.475219,-0.024804,128.375000,0.000000,0.000000,29.500000,0.000000,149.850219,-0.024804,1.475427,B,50,20,148.375219,-0.024804,148.375219,-0.024804,0.024805,0.024805
64.000000,6.600000,6.550000,151.340000,0.000000,21.487634,0.008089,131.340000,0.000000,0.000000,29.800000,0.000000,152.827634,0.008089,1.487656,B,50,20,151.337634,0.008089,151.337634,0.008089,0.008428,0.008428
65.000000,6.700000,6.650000,154.335000,0.000000,21.529602,0.004128,134.335000,0.000000,0.000000,30.100000,0.000000,155.864602,0.004128,1.529608,B,50,20,154.359602,0.004128,154.359602,0.004128,0.024946,0.024946
66.000000,6.800000,6.750000,157.360000,0.000000,21.525218,-0.011653,137.360000,0.000000,0.000000,30.400000,0.000000,158.885218,-0.011653,1.525262,B,50,20,157.365218,-0.011653,157.365218,-0.011653,0.012768,0.012768
67.000000,6.900000,6.850000,160.415000,0.000000,21.515590,0.004446,140.415000,0.000000,0.000000,30.700000,0.000000,161.930590,0.004446,1.515597,B,50,20,160.395590,0.004446,160.395590,0.004446,0.019913,0.019913
68.000000,7.000000,6.950000,163.500000,0.000000,21.593592,0.043205,143.500000,0.000000,0.000000,31.000000,0.000000,165.093592,0.043205,1.594177,B,50,20,163.543592,0.043205,163.543592,0.043205,0.061375,0.061375
69.000000,7.100000,7.050000,166.615000,0.000000,21.577826,0.028041,146.615000,0.000000,0.000000,31.300000,0.000000,168.192826,0.028041,1.578075,B,50,20,166.627826,0.028041,166.627826,0.028041,0.030835,0.030835
70.000000,7.200000,7.150000,169.760000,0.000000,21.565263,0.015188,149.760000,0.000000,0.000000,31.600000,0.000000,171.325263,0.015188,1.565337,B,50,20,169.745263,0.015188,169.745263,0.015188,0.021163,0.021163
71.000000,7.300000,7.250000,172.935000,0.000000,21.589476,0.005095,152.935000,0.000000,0.000000,31.900000,0.000000,174.524476,0.005095,1.589485,B,50,20,172.929476,0.005095,172.929476,0.005095,0.007514,0.007514
72.000000,7.400000,7.350000,176.140000,0.000000,21.633366,-0.041688,156.140000,0.000000,0.000000,32.200000,0.000000,177.773366,-0.041688,1.633898,B,50,20,176.163366,-0.041688,176.163366,-0.041688,0.047790,0.047790
73.000000,7.500000,7.450000,179.375000,0.000000,21.627047,-0.007167,159.375000,0.000000,0.000000,32.500000,0.000000,181.002047,-0.007167,1.627063,B,50,20,179.377047,-0.007167,179.377047,-0.007167,0.007454,0.007454
74.000000,7.600000,7.550000,182.640000,0.000000,21.615700,0.025547,162.640000,0.000000,0.000000,32.800000,0.000000,184.255700,0.025547,1.615902,B,50,20,182.615700,0.025547,182.615700,0.025547,0.035258,0.035258
75.000000,7.700000,7.650000,185.935000,0.000000,21.672733,-0.005205,165.935000,0.000000,0.000000,33.100000,0.000000,187.607733,-0.005205,1.672741,B,50,20,185.952733,-0.005205,185.952733,-0.005205,0.018481,0.018481
76.000000,7.800000,7.750000,189.260000,0.000000,21.704829,-0.032526,169.260000,0.000000,0.000000,33.400000,0.000000,190.964829,-0.032526,1.705139,B,50,20,189.294829,-0.032526,189.294829,-0.032526,0.047655,0.047655
77.000000,7.900000,7.850000,192.615000,0.000000,21.678554,-0.004762,172.615000,0.000000,0.000000,33.700000,0.000000,194.293554,-0.004762,1.678561,B,50,20,192.608554,-0.004762,192.608554,-0.004762,0.008014,0.008014
78.000000,8.000000,7.950000,196.000000,0.000000,21.721050,0.000870,176.000000,0.000000,0.000000,34.000000,0.000000,197.721050,0.000870,1.721051,B,50,20,196.021050,0.000870,196.021050,0.000870,0.021068,0.021068
79.000000,8.100000,8.050000,199.415000,0.000000,21.668318,0.006528,179.415000,0.000000,0.000000,34.300000,0.000000,201.083318,0.006528,1.668331,B,50,20,199.368318,0.006528,199.368318,0.006528,0.047136,0.047136
80.000000,8.200000,8.150000,202.860000,0.000000,21.723053,-0.021281,182.860000,0.000000,0.000000,34.600000,0.000000,204.583053,-0.021281,1.723185,B,50,20,202.853053,-0.021281,202.853053,-0.021281,0.022386,0.022386
81.000000,8.300000,8.250000,206.335000,0.000000,21.756534,-0.016087,186.335000,0.000000,0.000000,34.900000,0.000000,208.091534,-0.016087,1.756607,B,50,20,206.346534,-0.016087,206.346534,-0.016087,0.019795,0.019795
82.000000,8.400000,8.350000,209.840000,0.000000,21.755797,0.008730,189.840000,0.000000,0.000000,35.200000,0.000000,211.595797,0.008730,1.755819,B,50,20,209.835797,0.008730,209.835797,0.008730,0.009689,0.009689
83.000000,8.500000,8.450000,213.375000,0.000000,21.763627,0.021451,193.375000,0.000000,0.000000,35.500000,0.000000,215.138627,0.021451,1.763757,B,50,20,213.363627,0.021451,213.363627,0.021451,0.024280,0.024280
84.000000,8.600000,8.550000,216.940000,0.000000,21.805200,-0.026071,196.940000,0.000000,0.000000,35.800000,0.000000,218.745200,-0.026071,1.805388,B,50,20,216.955200,-0.026071,216.955200,-0.026071,0.030179,0.030179
85.000000,8.700000,8.650000,220.535000,0.000000,21.768480,0.018845,200.535000,0.000000,0.000000,36.100000,0.000000,222.303480,0.018845,1.768581,B,50,20,220.498480,0.018845,220.498480,0.018845,0.041095,0.041095
86.000000,8.800000,8.750000,224.160000,0.000000,21.800844,-0.003793,204.160000,0.000000,0.000000,36.400000,0.000000,225.960844,-0.003793,1.800848,B,50,20,224.140844,-0.003793,224.140844,-0.003793,0.019528,0.019528
87.000000,8.900000,8.850000,227.815000,0.000000,21.847394,-0.053849,207.815000,0.000000,0.000000,36.700000,0.000000,229.662394,-0.053849,1.848179,B,50,20,227.827394,-0.053849,227.827394,-0.053849,0.055257,0.055257
88.000000,9.000000,8.950000,231.500000,0.000000,21.839652,0.000744,211.500000,0.000000,0.000000,37.000000,0.000000,233.339652,0.000744,1.839652,B,50,20,231.489652,0.000744,231.489652,0.000744,0.010375,0.010375
89.000000,9.100000,9.050000,235.215000,0.000000,21.885688,0.002028,215.215000,0.000000,0.000000,37.300000,0.000000,237.100688,0.002028,1.885689,B,50,20,235.235688,0.002028,235.235688,0.002028,0.020787,0.020787
90.000000,9.200000,9.150000,238.960000,0.000000,21.884092,-0.007854,218.960000,0.000000,0.000000,37.600000,0.000000,240.844092,-0.007854,1.884108,B,50,20,238.964092,-0.007854,238.964092,-0.007854,0.008855,0.008855
91.000000,9.300000,9.250000,242.735000,0.000000,21.886171,-0.017513,222.735000,0.000000,0.000000,37.900000,0.000000,244.621171,-0.017513,1.886252,B,50,20,242.726171,-0.017513,242.726171,-0.017513,0.019613,0.019613
92.000000,9.400000,9.350000,246.540000,0.000000,21.897541,0.018272,226.540000,0.000000,0.000000,38.200000,0.000000,248.437541,0.018272,1.897629,B,50,20,246.527541,0.018272,246.527541,0.018272,0.022115,0.022115
93.000000,9.500000,9.450000,250.375000,0.000000,21.907508,0.029491,230.375000,0.000000,0.000000,38.500000,0.000000,252.282508,0.029491,1.907736,B,50,20,250.357508,0.029491,250.357508,0.029491,0.034289,0.034289
94.000000,9.600000,9.550000,254.240000,0.000000,21.946412,-0.026135,234.240000,0.000000,0.000000,38.800000,0.000000,256.186412,-0.026135,1.946588,B,50,20,254.246412,-0.026135,254.246412,-0.026135,0.026910,0.026910
95.000000,9.700000,9.650000,258.135000,0.000000,21.940771,-0.005729,238.135000,0.000000,0.000000,39.100000,0.000000,260.075771,-0.005729,1.940780,B,50,20,258.120771,-0.005729,258.120771,-0.005729,0.015339,0.015339
96.000000,9.800000,9.750000,262.060000,0.000000,21.989424,0.009377,242.060000,0.000000,0.000000,39.400000,0.000000,264.049424,0.009377,1.989446,B,50,20,262.079424,0.009377,262.079424,0.009377,0.021569,0.021569
97.000000,9.900000,9.850000,266.015000,0.000000,21.972857,-0.005133,246.015000,0.000000,0.000000,39.700000,0.000000,267.987857,-0.005133,1.972864,B,50,20,266.002857,-0.005133,266.002857,-0.005133,0.013183,0.013183
98.000000,10.000000,9.950000,270.000000,0.000000,21.986798,0.000220,250.000000,0.000000,0.000000,40.000000,0.000000,271.986798,0.000220,1.986798,B,50,20,269.986798,0.000220,269.986798,0.000220,0.013204,0.013204
99.000000,10.100000,10.050000,274.015000,0.000000,22.011134,0.003253,254.015000,0.000000,0.000000,40.300000,0.000000,276.026134,0.003253,2.011137,B,50,20,274.011134,0.003253,274.011134,0.003253,0.005052,0.005052
0.000000,0.200000,0.150000,42.060000,0.000000,40.547038,0.018073,2.060000,0.000000,0.000000,10.600000,0.000000,42.607038,0.018073,0.547336,B,50,40,42.077038,0.018073,42.077038,0.018073,0.024838,0.024838
1.000000,0.300000,0.250000,43.135000,0.000000,40.527983,-0.026676,3.135000,0.000000,0.000000,10.900000,0.000000,43.662983,-0.026676,0.528657,B,50,40,43.117983,-0.026676,43.117983,-0.026676,0.031641,0.031641
2.000000,0.400000,0.350000,44.240000,0.000000,40.587687,-0.034240,4.240000,0.000000,0.000000,11.200000,0.000000,44.827687,-0.034240,0.588684,B,50,40,44.267687,-0.034240,44.267687,-0.034240,0.044033,0.044033
3.000000,0.500000,0.450000,45.375000,0.000000,40.559395,0.051845,5.375000,0.000000,0.000000,11.500000,0.000000,45.934395,0.051845,0.561793,B,50,40,45.359395,0.051845,45.359395,0.051845,0.054142,0.054142
4.000000,0.600000,0.550000,46.540000,0.000000,40.604959,-0.024503,6.540000,0.000000,0.000000,11.800000,0.000000,47.144959,-0.024503,0.605455,B,50,40,46.554959,-0.024503,46.554959,-0.024503,0.028709,0.028709
5.000000,0.700000,0.650000,47.735000,0.000000,40.606128,-0.001545,7.735000,0.000000,0.000000,12.100000,0.000000,48.341128,-0.001545,0.606130,B,50,40,47.736128,-0.001545,47.736128,-0.001545,0.001913,0.001913
6.000000,0.800000,0.750000,48.960000,0.000000,40.601305,0.016084,8.960000,0.000000,0.000000,12.400000,0.000000,49.561305,0.016084,0.601520,B,50,40,48.941305,0.016084,48.941305,0.016084,0.024662,0.024662
7.000000,0.900000,0.850000,50.215000,0.000000,40.631626,-0.003185,10.215000,0.000000,0.000000,12.700000,0.000000,50.846626,-0.003185,0.631634,B,50,40,50.211626,-0.003185,50.211626,-0.003185,0.004640,0.004640
8.000000,1.000000,0.950000,51.500000,0.000000,40.657638,0.005829,11.500000,0.000000,0.000000,13.000000,0.000000,52.157638,0.005829,0.657663,B,50,40,51.507638,0.005829,51.507638,0.005829,0.009608,0.009608
9.000000,1.100000,1.050000,52.815000,0.000000,40.681525,0.002897,12.815000,0.000000,0.000000,13.300000,0.000000,53.496525,0.002897,0.681531,B,50,40,52.831525,0.002897,52.831525,0.002897,0.016777,0.016777
10.000000,1.200000,1.150000,54.160000,0.000000,40.660757,-0.010494,14.160000,0.000000,0.000000,13.600000,0.000000,54.820757,-0.010494,0.660840,B,50,40,54.140757,-0.010494,54.140757,-0.010494,0.021918,0.021918
11.000000,1.300000,1.250000,55.535000,0.000000,40.697517,0.001484,15.535000,0.000000,0.000000,13.900000,0.000000,56.232517,0.001484,0.697519,B,50,40,55.537517,0.001484,55.537517,0.001484,0.002922,0.002922
12.000000,1.400000,1.350000,56.940000,0.000000,40.671186,0.025810,16.940000,0.000000,0.000000,14.200000,0.000000,57.611186,0.025810,0.671682,B,50,40,56.901186,0.025810,56.901186,0.025810,0.046612,0.046612
13.000000,1.500000,1.450000,58.375000,0.000000,40.707782,0.011183,18.375000,0.000000,0.000000,14.500000,0.000000,59.082782,0.011183,0.707870,B,50,40,58.357782,0.011183,58.357782,0.011183,0.020531,0.020531
14.000000,1.600000,1.550000,59.840000,0.000000,40.770274,0.004845,19.840000,0.000000,0.000000,14.800000,0.000000,60.610274,0.004845,0.770290,B,50,40,59.870274,0.004845,59.870274,0.004845,0.030660,0.030660
15.000000,1.700000,1.650000,61.335000,0.000000,40.724076,0.018243,21.335000,0.000000,0.000000,15.100000,0.000000,62.059076,0.018243,0.724306,B,50,40,61.304076,0.018243,61.304076,0.018243,0.035904,0.035904
16.000000,1.800000,1.750000,62.860000,0.000000,40.748313,-0.010245,22.860000,0.000000,0.000000,15.400000,0.000000,63.608313,-0.010245,0.748383,B,50,40,62.838313,-0.010245,62.838313,-0.010245,0.023985,0.023985
17.000000,1.900000,1.850000,64.415000,0.000000,40.776082,-0.025656,24.415000,0.000000,0.000000,15.700000,0.000000,65.191082,-0.025656,0.776506,B,50,40,64.406082,-0.025656,64.406082,-0.025656,0.027161,0.027161
18.000000,2.000000,1.950000,66.000000,0.000000,40.785471,-0.013643,26.000000,0.000000,0.000000,16.000000,0.000000,66.785471,-0.013643,0.785590,B,50,40,65.985471,-0.013643,65.985471,-0.013643,0.019931,0.019931
19.000000,2.100000,2.050000,67.615000,0.000000,40.823082,-0.021034,27.615000,0.000000,0.000000,16.300000,0.000000,68.438082,-0.021034,0.823351,B,50,40,67.623082,-0.021034,67.623082,-0.021034,0.022534,0.022534
20.000000,2.200000,2.150000,69.260000,0.000000,40.818317,0.010715,29.260000,0.000000,0.000000,16.600000,0.000000,70.078317,0.010715,0.818387,B,50,40,69.248317,0.010715,69.248317,0.010715,0.015853,0.015853
21.000000,2.300000,2.250000,70.935000,0.000000,40.843580,0.041691,30.935000,0.000000,0.000000,16.900000,0.000000,71.778580,0.041691,0.844610,B,50,40,70.933580,0.041691,70.933580,0.041691,0.041716,0.041716
22.000000,2.400000,2.350000,72.640000,0.000000,40.839522,0.008974,32.640000,0.000000,0.000000,17.200000,0.000000,73.479522,0.008974,0.839570,B,50,40,72.619522,0.008974,72.619522,0.008974,0.022358,0.022358
23.000000,2.500000,2.450000,74.375000,0.000000,40.886966,-0.029150,34.375000,0.000000,0.000000,17.500000,0.000000,75.261966,-0.029150,0.887445,B,50,40,74.386966,-0.029150,74.386966,-0.029150,0.031510,0.031510
24.000000,2.600000,2.550000,76.140000,0.000000,40.882561,0.016615,36.140000,0.000000,0.000000,17.800000,0.000000,77.022561,0.016615,0.882717,B,50,40,76.132561,0.016615,76.132561,0.016615,0.018205,0.018205
25.000000,2.700000,2.650000,77.935000,0.000000,40.886149,0.000216,37.935000,0.000000,0.000000,18.100000,0.000000,78.821149,0.000216,0.886149,B,50,40,77.916149,0.000216,77.916149,0.000216,0.018853,0.018853
26.000000,2.800000,2.750000,79.760000,0.000000,40.861926,0.024272,39.760000,0.000000,0.000000,18.400000,0.000000,80.621926,0.024272,0.862268,B,50,40,79.701926,0.024272,79.701926,0.024272,0.062942,0.062942
27.000000,2.900000,2.850000,81.615000,0.000000,40.941264,-0.012628,41.615000,0.000000,0.000000,18.700000,0.000000,82.556264,-0.012628,0.941349,B,50,40,81.621264,-0.012628,81.621264,-0.012628,0.014096,0.014096
28.000000,3.000000,2.950000,83.500000,0.000000,40.990216,0.000214,43.500000,0.000000,0.000000,19.000000,0.000000,84.490216,0.000214,0.990216,B,50,40,83.540216,0.000214,83.540216,0.000214,0.040217,0.040217
29.000000,3.100000,3.050000,85.415000,0.000000,40.940781,0.014492,45.415000,0.000000,0.000000,19.300000,0.000000,86.355781,0.014492,0.940893,B,50,40,85.390781,0.014492,85.390781,0.014492,0.028223,0.028223
30.000000,3.200000,3.150000,87.360000,0.000000,40.977416,-0.009448,47.360000,0.000000,0.000000,19.600000,0.000000,88.337416,-0.009448,0.977462,B,50,40,87.357416,-0.009448,87.357416,-0.009448,0.009794,0.009794
31.000000,3.300000,3.250000,89.335000,0.000000,41.003903,-0.004707,49.335000,0.000000,0.000000,19.900000,0.000000,90.338903,-0.004707,1.003914,B,50,40,89.343903,-0.004707,89.343903,-0.004707,0.010070,0.010070
32.000000,3.400000,3.350000,91.340000,0.000000,41.020504,0.031631,51.340000,0.000000,0.000000,20.200000,0.000000,92.360504,0.031631,1.020994,B,50,40,91.350504,0.031631,91.350504,0.031631,0.033330,0.033330
33.000000,3.500000,3.450000,93.375000,0.000000,41.035580,0.008951,53.375000,0.000000,0.000000,20.500000,0.000000,94.410580,0.008951,1.035619,B,50,40,93.385580,0.008951,93.385580,0.008951,0.013859,0.013859
34.000000,3.600000,3.550000,95.440000,0.000000,41.048561,-0.006651,55.440000,0.000000,0.000000,20.800000,0.000000,96.488561,-0.006651,1.048583,B,50,40,95.448561,-0.006651,95.448561,-0.006651,0.010841,0.010841
35.000000,3.700000,3.650000,97.535000,0.000000,41.058238,0.030512,57.535000,0.000000,0.000000,21.100000,0.000000,98.593238,0.030512,1.058678,B,50,40,97.538238,0.030512,97.538238,0.030512,0.030684,0.030684
36.000000,3.800000,3.750000,99.660000,0.000000,41.079084,0.010985,59.660000,0.000000,0.000000,21.400000,0.000000,100.739084,0.010985,1.079140,B,50,40,99.669084,0.010985,99.669084,0.010985,0.014255,0.014255
37.000000,3.900000,3.850000,101.815000,0.000000,41.068417,0.046292,61.815000,0.000000,0.000000,21.700000,0.000000,102.883417,0.046292,1.069419,B,50,40,101.798417,0.046292,101.798417,0.046292,0.049172,0.049172
38.000000,4.000000,3.950000,104.000000,0.000000,41.046439,-0.007140,64.000000,0.000000,0.000000,22.000000,0.000000,105.046439,-0.007140,1.046464,B,50,40,103.946439,-0.007140,103.946439,-0.007140,0.054034,0.054034
39.000000,4.100000,4.050000,106.215000,0.000000,41.096817,0.003505,66.215000,0.000000,0.000000,22.300000,0.000000,107.311817,0.003505,1.096822,B,50,40,106.196817,0.003505,106.196817,0.003505,0.018518,0.018518
40.000000,4.200000,4.150000,108.460000,0.000000,41.129744,0.020207,68.460000,0.000000,0.000000,22.600000,0.000000,109.589744,0.020207,1.129924,B,50,40,108.459744,0.020207,108.459744,0.020207,0.020208,0.020208
41.000000,4.300000,4.250000,110.735000,0.000000,41.113321,-0.021939,70.735000,0.000000,0.000000,22.900000,0.000000,111.848321,-0.021939,1.113537,B,50,40,110.703321,-0.021939,110.703321,-0.021939,0.038534,0.038534
42.000000,4.400000,4.350000,113.040000,0.000000,41.168293,0.028448,73.040000,0.000000,0.000000,23.200000,0.000000,114.208293,0.028448,1.168640,B,50,40,113.048293,0.028448,113.048293,0.028448,0.029632,0.029632
43.000000,4.500000,4.450000,115.375000,0.000000,41.201645,-0.005442,75.375000,0.000000,0.000000,23.500000,0.000000,116.576645,-0.005442,1.201658,B,50,40,115.401645,-0.005442,115.401645,-0.005442,0.027195,0.027195
44.000000,4.600000,4.550000,117.740000,0.000000,41.189139,0.019938,77.740000,0.000000,0.000000,23.800000,0.000000,118.929139,0.019938,1.189307,B,50,40,117.739139,0.019938,117.739139,0.019938,0.019956,0.019956
45.000000,4.700000,4.650000,120.135000,0.000000,41.208074,-0.000369,80.135000,0.000000,0.000000,24.100000,0.000000,121.343074,-0.000369,1.208074,B,50,40,120.138074,-0.000369,120.138074,-0.000369,0.003096,0.003096
46.000000,4.800000,4.750000,122.560000,0.000000,41.212819,0.006158,82.560000,0.000000,0.000000,24.400000,0.000000,123.772819,0.006158,1.212834,B,50,40,122.552819,0.006158,122.552819,0.006158,0.009460,0.009460
47.000000,4.900000,4.850000,125.015000,0.000000,41.238530,-0.028331,85.015000,0.000000,0.000000,24.700000,0.000000,126.253530,-0.028331,1.238854,B,50,40,125.018530,-0.028331,125.018530,-0.028331,0.028550,0.028550
48.000000,5.000000,4.950000,127.500000,0.000000,41.280437,0.010945,87.500000,0.000000,0.000000,25.000000,0.000000,128.780437,0.010945,1.280483,B,50,40,127.530437,0.010945,127.530437,0.010945,0.032345,0.032345
49.000000,5.100000,5.050000,130.015000,0.000000,41.261177,0.008203,90.015000,0.000000,0.000000,25.300000,0.000000,131.276177,0.008203,1.261204,B,50,40,130.011177,0.008203,130.011177,0.008203,0.009050,0.009050
50.000000,5.200000,5.150000,132.560000,0.000000,41.293245,-0.022064,92.560000,0.000000,0.000000,25.600000,0.000000,133.853245,-0.022064,1.293434,B,50,40,132.573245,-0.022064,132.573245,-0.022064,0.025735,0.025735
51.000000,5.300000,5.250000,135.135000,0.000000,41.290139,0.006560,95.135000,0.000000,0.000000,25.900000,0.000000,136.425139,0.006560,1.290156,B,50,40,135.130139,0.006560,135.130139,0.006560,0.008165,0.008165
52.000000,5.400000,5.350000,137.740000,0.000000,41.279310,-0.032680,97.740000,0.000000,0.000000,26.200000,0.000000,139.019310,-0.032680,1.279727,B,50,40,137.709310,-0.032680,137.709310,-0.032680,0.044831,0.044831
53.000000,5.500000,5.450000,140.375000,0.000000,41.310732,0.022245,100.375000,0.000000,0.000000,26.500000,0.000000,141.685732,0.022245,1.310921,B,50,40,140.360732,0.022245,140.360732,0.022245,0.026428,0.026428
54.000000,5.600000,5.550000,143.040000,0.000000,41.334285,-0.021569,103.040000,0.000000,0.000000,26.800000,0.000000,144.374285,-0.021569,1.334459,B,50,40,143.034285,-0.021569,143.034285,-0.021569,0.022313,0.022313
55.000000,5.700000,5.650000,145.735000,0.000000,41.352113,0.029708,105.735000,0.000000,0.000000,27.100000,0.000000,147.087113,0.029708,1.352439,B,50,40,145.732113,0.029708,145.732113,0.029708,0.029848,0.029848
56.000000,5.800000,5.750000,148.460000,0.000000,41.365410,-0.003865,108.460000,0.000000,0.000000,27.400000,0.000000,149.825410,-0.003865,1.365415,B,50,40,148.455410,-0.003865,148.455410,-0.003865,0.006001,0.006001
57.000000,5.900000,5.850000,151.215000,0.000000,41.370975,-0.000149,111.215000,0.000000,0.000000,27.700000,0.000000,152.585975,-0.000149,1.370975,B,50,40,151.200975,-0.000149,151.200975,-0.000149,0.014026,0.014026
58.000000,6.000000,5.950000,154.000000,0.000000,41.393564,-0.021032,114.000000,0.000000,0.000000,28.000000,0.000000,155.393564,-0.021032,1.393723,B,50,40,153.993564,-0.021032,153.993564,-0.021032,0.021995,0.021995
59.000000,6.100000,6.050000,156.815000,0.000000,41.404404,-0.025482,116.815000,0.000000,0.000000,28.300000,0.000000,158.219404,-0.025482,1.404635,B,50,40,156.804404,-0.025482,156.804404,-0.025482,0.027597,0.027597
60.000000,6.200000,6.150000,159.660000,0.000000,41.405441,-0.006025,119.660000,0.000000,0.000000,28.600000,0.000000,161.065441,-0.006025,1.405454,B,50,40,159.635441,-0.006025,159.635441,-0.006025,0.025287,0.025287
61.000000,6.300000,6.250000,162.535000,0.000000,41.428500,-0.019730,122.535000,0.000000,0.000000,28.900000,0.000000,163.963500,-0.019730,1.428636,B,50,40,162.518500,-0.019730,162.518500,-0.019730,0.025720,0.025720
62.000000,6.400000,6.350000,165.440000,0.000000,41.456032,-0.002857,125.440000,0.000000,0.000000,29.200000,0.000000,166.896032,-0.002857,1.456035,B,50,40,165.436032,-0.002857,165.436032,-0.002857,0.004889,0.004889
63.000000,6.500000,6.450000,168.375000,0.000000,41.476796,-0.032770,128.375000,0.000000,0.000000,29.500000,0.000000,169.851796,-0.032770,1.477159,B,50,40,168.376796,-0.032770,168.376796,-0.032770,0.032819,0.032819
64.000000,6.600000,6.550000,171.340000,0.000000,41.493446,0.032367,131.340000,0.000000,0.000000,29.800000,0.000000,172.833446,0.032367,1.493796,B,50,40,171.343446,0.032367,171.343446,0.032367,0.032550,0.032550
65.000000,6.700000,6.650000,174.335000,0.000000,41.493719,0.000239,134.335000,0.000000,0.000000,30.100000,0.000000,175.828719,0.000239,1.493719,B,50,40,174.323719,0.000239,174.323719,0.000239,0.011284,0.011284
66.000000,6.800000,6.750000,177.360000,0.000000,41.535532,0.021528,137.360000,0.000000,0.000000,30.400000,0.000000,178.895532,0.021528,1.535683,B,50,40,177.375532,0.021528,177.375532,0.021528,0.026546,0.026546
67.000000,6.900000,6.850000,180.415000,0.000000,41.529077,-0.014584,140.415000,0.000000,0.000000,30.700000,0.000000,181.944077,-0.014584,1.529146,B,50,40,180.409077,-0.014584,180.409077,-0.014584,0.015741,0.015741
68.000000,7.000000,6.950000,183.500000,0.000000,41.532691,-0.021497,143.500000,0.000000,0.000000,31.000000,0.000000,185.032691,-0.021497,1.532842,B,50,40,183.482691,-0.021497,183.482691,-0.021497,0.027599,0.027599
69.000000,7.100000,7.050000,186.615000,0.000000,41.549492,0.014765,146.615000,0.000000,0.000000,31.300000,0.000000,188.164492,0.014765,1.549562,B,50,40,186.599492,0.014765,186.599492,0.014765,0.021413,0.021413
70.000000,7.200000,7.150000,189.760000,0.000000,41.574666,0.006017,149.760000,0.000000,0.000000,31.600000,0.000000,191.334666,0.006017,1.574677,B,50,40,189.754666,0.006017,189.754666,0.006017,0.008041,0.008041
71.000000,7.300000,7.250000,192.935000,0.000000,41.557409,0.011892,152.935000,0.000000,0.000000,31.900000,0.000000,194.492409,0.011892,1.557454,B,50,40,192.897409,0.011892,192.897409,0.011892,0.039427,0.039427
72.000000,7.400000,7.350000,196.140000,0.000000,41.560103,0.022969,156.140000,0.000000,0.000000,32.200000,0.000000,197.700103,0.022969,1.560273,B,50,40,196.090103,0.022969,196.090103,0.022969,0.054930,0.054930
73.000000,7.500000,7.450000,199.375000,0.000000,41.646161,-0.013535,159.375000,0.000000,0.000000,32.500000,0.000000,201.021161,-0.013535,1.646216,B,50,40,199.396161,-0.013535,199.396161,-0.013535,0.025119,0.025119
74.000000,7.600000,7.550000,202.640000,0.000000,41.624237,0.010190,162.640000,0.000000,0.000000,32.800000,0.000000,204.264237,0.010190,1.624269,B,50,40,202.624237,0.010190,202.624237,0.010190,0.018770,0.018770
75.000000,7.700000,7.650000,205.935000,0.000000,41.654270,0.015214,165.935000,0.000000,0.000000,33.100000,0.000000,207.589270,0.015214,1.654340,B,50,40,205.934270,0.015214,205.934270,0.015214,0.015232,0.015232
76.000000,7.800000,7.750000,209.260000,0.000000,41.648903,-0.011618,169.260000,0.000000,0.000000,33.400000,0.000000,210.908903,-0.011618,1.648944,B,50,40,209.238903,-0.011618,209.238903,-0.011618,0.024085,0.024085
77.000000,7.900000,7.850000,212.615000,0.000000,41.673627,0.030694,172.615000,0.000000,0.000000,33.700000,0.000000,214.288627,0.030694,1.673909,B,50,40,212.603627,0.030694,212.603627,0.030694,0.032733,0.032733
78.000000,8.000000,7.950000,216.000000,0.000000,41.675955,0.012618,176.000000,0.000000,0.000000,34.000000,0.000000,217.675955,0.012618,1.676003,B,50,40,215.975955,0.012618,215.975955,0.012618,0.027154,0.027154
79.000000,8.100000,8.050000,219.415000,0.000000,41.721826,-0.001874,179.415000,0.000000,0.000000,34.300000,0.000000,221.136826,-0.001874,1.721827,B,50,40,219.421826,-0.001874,219.421826,-0.001874,0.007079,0.007079
80.000000,8.200000,8.150000,222.860000,0.000000,41.719886,-0.001096,182.860000,0.000000,0.000000,34.600000,0.000000,224.579886,-0.001096,1.719886,B,50,40,222.849886,-0.001096,222.849886,-0.001096,0.010173,0.010173
81.000000,8.300000,8.250000,226.335000,0.000000,41.763128,-0.027641,186.335000,0.000000,0.000000,34.900000,0.000000,228.098128,-0.027641,1.763345,B,50,40,226.353128,-0.027641,226.353128,-0.027641,0.033056,0.033056
82.000000,8.400000,8.350000,229.840000,0.000000,41.780112,-0.013800,189.840000,0.000000,0.000000,35.200000,0.000000,231.620112,-0.013800,1.780165,B,50,40,229.860112,-0.013800,229.860112,-0.013800,0.024391,0.024391
83.000000,8.500000,8.450000,233.375000,0.000000,41.789461,0.003655,193.375000,0.000000,0.000000,35.500000,0.000000,235.164461,0.003655,1.789465,B,50,40,233.389461,0.003655,233.389461,0.003655,0.014916,0.014916
84.000000,8.600000,8.550000,236.940000,0.000000,41.798449,0.023289,196.940000,0.000000,0.000000,35.800000,0.000000,238.738449,0.023289,1.798600,B,50,40,236.948449,0.023289,236.948449,0.023289,0.024774,0.024774
85.000000,8.700000,8.650000,240.535000,0.000000,41.811231,0.026483,200.535000,0.000000,0.000000,36.100000,0.000000,242.346231,0.026483,1.811424,B,50,40,240.541231,0.026483,240.541231,0.026483,0.027206,0.027206
86.000000,8.800000,8.750000,244.160000,0.000000,41.809028,0.013137,204.160000,0.000000,0.000000,36.400000,0.000000,245.969028,0.013137,1.809076,B,50,40,244.149028,0.013137,244.149028,0.013137,0.017116,0.017116
87.000000,8.900000,8.850000,247.815000,0.000000,41.825124,0.000239,207.815000,0.000000,0.000000,36.700000,0.000000,249.640124,0.000239,1.825124,B,50,40,247.805124,0.000239,247.805124,0.000239,0.009879,0.009879
88.000000,9.000000,8.950000,251.500000,0.000000,41.827120,0.005634,211.500000,0.000000,0.000000,37.000000,0.000000,253.327120,0.005634,1.827129,B,50,40,251.477120,0.005634,251.477120,0.005634,0.023563,0.023563
89.000000,9.100000,9.050000,255.215000,0.000000,41.877130,0.002034,215.215000,0.000000,0.000000,37.300000,0.000000,257.092130,0.002034,1.877132,B,50,40,255.227130,0.002034,255.227130,0.002034,0.012300,0.012300
90.000000,9.200000,9.150000,258.960000,0.000000,41.864497,0.026858,218.960000,0.000000,0.000000,37.600000,0.000000,260.824497,0.026858,1.864691,B,50,40,258.944497,0.026858,258.944497,0.026858,0.031011,0.031011
91.000000,9.300000,9.250000,262.735000,0.000000,41.881110,0.033165,222.735000,0.000000,0.000000,37.900000,0.000000,264.616110,0.033165,1.881402,B,50,40,262.721110,0.033165,262.721110,0.033165,0.035957,0.035957
92.000000,9.400000,9.350000,266.540000,0.000000,41.940258,0.036614,226.540000,0.000000,0.000000,38.200000,0.000000,268.480258,0.036614,1.940604,B,50,40,266.570258,0.036614,266.570258,0.036614,0.047499,0.047499
93.000000,9.500000,9.450000,270.375000,0.000000,41.928231,0.020386,230.375000,0.000000,0.000000,38.500000,0.000000,272.303231,0.020386,1.928339,B,50,40,270.378231,0.020386,270.378231,0.020386,0.020640,0.020640
94.000000,9.600000,9.550000,274.240000,0.000000,41.924779,-0.019309,234.240000,0.000000,0.000000,38.800000,0.000000,276.164779,-0.019309,1.924876,B,50,40,274.224779,-0.019309,274.224779,-0.019309,0.024586,0.024586
95.000000,9.700000,9.650000,278.135000,0.000000,41.992922,-0.004389,238.135000,0.000000,0.000000,39.100000,0.000000,280.127922,-0.004389,1.992927,B,50,40,278.172922,-0.004389,278.172922,-0.004389,0.038175,0.038175
96.000000,9.800000,9.750000,282.060000,0.000000,41.975092,0.008283,242.060000,0.000000,0.000000,39.400000,0.000000,284.035092,0.008283,1.975109,B,50,40,282.065092,0.008283,282.065092,0.008283,0.009722,0.009722
97.000000,9.900000,9.850000,286.015000,0.000000,41.963684,-0.029353,246.015000,0.000000,0.000000,39.700000,0.000000,287.978684,-0.029353,1.963903,B,50,40,285.993684,-0.029353,285.993684,-0.029353,0.036276,0.036276
98.000000,10.000000,9.950000,290.000000,0.000000,42.008277,0.019024,250.000000,0.000000,0.000000,40.000000,0.000000,292.008277,0.019024,2.008367,B,50,40,290.008277,0.019024,290.008277,0.019024,0.020747,0.020747
99.000000,10.100000,10.050000,294.015000,0.000000,41.967491,-0.021948,254.015000,0.000000,0.000000,40.300000,0.000000,295.982491,-0.021948,1.967613,B,50,40,293.967491,-0.021948,293.967491,-0.021948,0.052334,0.052334
0.000000,0.200000,0.100000,12.060000,0.000000,11.019651,0.009845,2.060000,0.000000,0.000000,10.600000,0.000000,13.079651,0.009845,1.019698,B,100,10,12.019651,0.009845,12.019651,0.009845,0.041533,0.041533
1.000000,0.300000,0.200000,13.135000,0.000000,11.075378,-0.010747,3.135000,0.000000,0.000000,10.900000,0.000000,14.210378,-0.010747,1.075432,B,100,10,13.120378,-0.010747,13.120378,-0.010747,0.018146,0.018146
2.000000,0.400000,0.300000,14.240000,0.000000,11.090812,0.036649,4.240000,0.000000,0.000000,11.200000,0.000000,15.330812,0.036649,1.091428,B,100,10,14.210812,0.036649,14.210812,0.036649,0.046851,0.046851
3.000000,0.500000,0.400000,15.375000,0.000000,11.156325,-0.010084,5.375000,0.000000,0.000000,11.500000,0.000000,16.531325,-0.010084,1.156368,B,100,10,15.381325,-0.010084,15.381325,-0.010084,0.011903,0.011903
4.000000,0.600000,0.500000,16.540000,0.000000,11.148435,-0.015773,6.540000,0.000000,0.000000,11.800000,0.000000,17.688435,-0.015773,1.148544,B,100,10,16.508435,-0.015773,16.508435,-0.015773,0.035286,0.035286
5.000000,0.700000,0.600000,17.735000,0.000000,11.216337,0.002756,7.735000,0.000000,0.000000,12.100000,0.000000,18.951337,0.002756,1.216340,B,100,10,17.741337,0.002756,17.741337,0.002756,0.006910,0.006910
6.000000,0.800000,0.700000,18.960000,0.000000,11.195266,-0.005784,8.960000,0.000000,0.000000,12.400000,0.000000,20.155266,-0.005784,1.195280,B,100,10,18.915266,-0.005784,18.915266,-0.005784,0.045106,0.045106
7.000000,0.900000,0.800000,20.215000,0.000000,11.268115,0.040767,10.215000,0.000000,0.000000,12.700000,0.000000,21.483115,0.040767,1.268771,B,100,10,20.213115,0.040767,20.213115,0.040767,0.040810,0.040810
8.000000,1.000000,0.900000,21.500000,0.000000,11.279104,0.028313,11.500000,0.000000,0.000000,13.000000,0.000000,22.779104,0.028313,1.279417,B,100,10,21.479104,0.028313,21.479104,0.028313,0.035189,0.035189
9.000000,1.100000,1.000000,22.815000,0.000000,11.306388,-0.004085,12.815000,0.000000,0.000000,13.300000,0.000000,24.121388,-0.004085,1.306394,B,100,10,22.791388,-0.004085,22.791388,-0.004085,0.023963,0.023963
10.000000,1.200000,1.100000,24.160000,0.000000,11.370650,0.003074,14.160000,0.000000,0.000000,13.600000,0.000000,25.530650,0.003074,1.370654,B,100,10,24.170650,0.003074,24.170650,0.003074,0.011085,0.011085
11.000000,1.300000,1.200000,25.535000,0.000000,11.403010,-0.003928,15.535000,0.000000,0.000000,13.900000,0.000000,26.938010,-0.003928,1.403016,B,100,10,25.548010,-0.003928,25.548010,-0.003928,0.013590,0.013590
12.000000,1.400000,1.300000,26.940000,0.000000,11.394907,-0.015261,16.940000,0.000000,0.000000,14.200000,0.000000,28.334907,-0.015261,1.394991,B,100,10,26.914907,-0.015261,26.914907,-0.015261,0.029369,0.029369
13.000000,1.500000,1.400000,28.375000,0.000000,11.469524,0.015927,18.375000,0.000000,0.000000,14.500000,0.000000,29.844524,0.015927,1.469610,B,100,10,28.394524,0.015927,28.394524,0.015927,0.025196,0.025196
14.000000,1.600000,1.500000,29.840000,0.000000,11.465891,-0.000087,19.840000,0.000000,0.000000,14.800000,0.000000,31.305891,-0.000087,1.465891,B,100,10,29.825891,-0.000087,29.825891,-0.000087,0.014109,0.014109
15.000000,1.700000,1.600000,31.335000,0.000000,11.469410,0.003252,21.335000,0.000000,0.000000,15.100000,0.000000,32.804410,0.003252,1.469414,B,100,10,31.294410,0.003252,31.294410,0.003252,0.040720,0.040720
16.000000,1.800000,1.700000,32.860000,0.000000,11.506324,-0.005483,22.860000,0.000000,0.000000,15.400000,0.000000,34.366324,-0.005483,1.506334,B,100,10,32.826324,-0.005483,32.826324,-0.005483,0.034119,0.034119
17.000000,1.900000,1.800000,34.415000,0.000000,11.528463,-0.013796,24.415000,0.000000,0.000000,15.700000,0.000000,35.943463,-0.013796,1.528525,B,100,10,34.373463,-0.013796,34.373463,-0.013796,0.043768,0.043768
18.000000,2.000000,1.900000,36.000000,0.000000,11.594451,0.021570,26.000000,0.000000,0.000000,16.000000,0.000000,37.594451,0.021570,1.594597,B,100,10,35.994451,0.021570,35.994451,0.021570,0.022272,0.022272
19.000000,2.100000,2.000000,37.615000,0.000000,11.595207,0.015254,27.615000,0.000000,0.000000,16.300000,0.000000,39.210207,0.015254,1.595279,B,100,10,37.580207,0.015254,37.580207,0.015254,0.037990,0.037990
20.000000,2.200000,2.100000,39.260000,0.000000,11.672811,0.002200,29.260000,0.000000,0.000000,16.600000,0.000000,40.932811,0.002200,1.672812,B,100,10,39.272811,0.002200,39.272811,0.002200,0.012998,0.012998
21.000000,2.300000,2.200000,40.935000,0.000000,11.683829,0.003279,30.935000,0.000000,0.000000,16.900000,0.000000,42.618829,0.003279,1.683832,B,100,10,40.928829,0.003279,40.928829,0.003279,0.006988,0.006988
22.000000,2.400000,2.300000,42.640000,0.000000,11.701843,-0.002762,32.640000,0.000000,0.000000,17.200000,0.000000,44.341843,-0.002762,1.701845,B,100,10,42.621843,-0.002762,42.621843,-0.002762,0.018366,0.018366
23.000000,2.500000,2.400000,44.375000,0.000000,11.739539,0.013891,34.375000,0.000000,0.000000,17.500000,0.000000,46.114539,0.013891,1.739594,B,100,10,44.364539,0.013891,44.364539,0.013891,0.017390,0.017390
24.000000,2.600000,2.500000,46.140000,0.000000,11.750596,0.011168,36.140000,0.000000,0.000000,17.800000,0.000000,47.890596,0.011168,1.750631,B,100,10,46.110596,0.011168,46.110596,0.011168,0.031454,0.031454
25.000000,2.700000,2.600000,47.935000,0.000000,11.790928,0.020195,37.935000,0.000000,0.000000,18.100000,0.000000,49.725928,0.020195,1.791042,B,100,10,47.915928,0.020195,47.915928,0.020195,0.027777,0.027777
26.000000,2.800000,2.700000,49.760000,0.000000,11.832049,-0.000108,39.760000,0.000000,0.000000,18.400000,0.000000,51.592049,-0.000108,1.832049,B,100,10,49.752049,-0.000108,49.752049,-0.000108,0.007951,0.007951
27.000000,2.900000,2.800000,51.615000,0.000000,11.802666,-0.020574,41.615000,0.000000,0.000000,18.700000,0.000000,53.417666,-0.020574,1.802783,B,100,10,51.547666,-0.020574,51.547666,-0.020574,0.070407,0.070407
28.000000,3.000000,2.900000,53.500000,0.000000,11.869052,-0.005806,43.500000,0.000000,0.000000,19.000000,0.000000,55.369052,-0.005806,1.869061,B,100,10,53.469052,-0.005806,53.469052,-0.005806,0.031488,0.031488
29.000000,3.100000,3.000000,55.415000,0.000000,11.879232,-0.042900,45.415000,0.000000,0.000000,19.300000,0.000000,57.294232,-0.042900,1.879722,B,100,10,55.364232,-0.042900,55.364232,-0.042900,0.066466,0.066466
30.000000,3.200000,3.100000,57.360000,0.000000,11.976274,0.014470,47.360000,0.000000,0.000000,19.600000,0.000000,59.336274,0.014470,1.976327,B,100,10,57.376274,0.014470,57.376274,0.014470,0.021776,0.021776
31.000000,3.300000,3.200000,59.335000,0.000000,11.940010,0.016737,49.335000,0.000000,0.000000,19.900000,0.000000,61.275010,0.016737,1.940082,B,100,10,59.285010,0.016737,59.285010,0.016737,0.052717,0.052717
32.000000,3.400000,3.300000,61.340000,0.000000,11.970611,0.003818,51.340000,0.000000,0.000000,20.200000,0.000000,63.310611,0.003818,1.970615,B,100,10,61.290611,0.003818,61.290611,0.003818,0.049536,0.049536
33.000000,3.500000,3.400000,63.375000,0.000000,12.057502,-0.004334,53.375000,0.000000,0.000000,20.500000,0.000000,65.432502,-0.004334,2.057507,B,100,10,63.382502,-0.004334,63.382502,-0.004334,0.008664,0.008664
34.000000,3.600000,3.500000,65.440000,0.000000,12.109595,-0.000238,55.440000,0.000000,0.000000,20.800000,0.000000,67.549595,-0.000238,2.109595,B,100,10,65.469595,-0.000238,65.469595,-0.000238,0.029596,0.029596
35.000000,3.700000,3.600000,67.535000,0.000000,12.078567,0.019657,57.535000,0.000000,0.000000,21.100000,0.000000,69.613567,0.019657,2.078660,B,100,10,67.503567,0.019657,67.503567,0.019657,0.037073,0.037073
36.000000,3.800000,3.700000,69.660000,0.000000,12.123979,0.029865,59.660000,0.000000,0.000000,21.400000,0.000000,71.783979,0.029865,2.124189,B,100,10,69.643979,0.029865,69.643979,0.029865,0.033891,0.033891
37.000000,3.900000,3.800000,71.815000,0.000000,12.151850,-0.020310,61.815000,0.000000,0.000000,21.700000,0.000000,73.966850,-0.020310,2.151946,B,100,10,71.796850,-0.020310,71.796850,-0.020310,0.027238,0.027238
38.000000,4.000000,3.900000,74.000000,0.000000,12.185585,-0.008166,64.000000,0.000000,0.000000,22.000000,0.000000,76.185585,-0.008166,2.185600,B,100,10,73.985585,-0.008166,73.985585,-0.008166,0.016567,0.016567
39.000000,4.100000,4.000000,76.215000,0.000000,12.188192,-0.057942,66.215000,0.000000,0.000000,22.300000,0.000000,78.403192,-0.057942,2.188959,B,100,10,76.173192,-0.057942,76.173192,-0.057942,0.071450,0.071450
40.000000,4.200000,4.100000,78.460000,0.000000,12.236869,-0.021409,68.460000,0.000000,0.000000,22.600000,0.000000,80.696869,-0.021409,2.236971,B,100,10,78.436869,-0.021409,78.436869,-0.021409,0.031518,0.031518
41.000000,4.300000,4.200000,80.735000,0.000000,12.295816,0.022075,70.735000,0.000000,0.000000,22.900000,0.000000,83.030816,0.022075,2.295922,B,100,10,80.740816,0.022075,80.740816,0.022075,0.022829,0.022829
42.000000,4.400000,4.300000,83.040000,0.000000,12.324278,0.036819,73.040000,0.000000,0.000000,23.200000,0.000000,85.364278,0.036819,2.324569,B,100,10,83.044278,0.036819,83.044278,0.036819,0.037066,0.037066
43.000000,4.500000,4.400000,85.375000,0.000000,12.335367,0.001433,75.375000,0.000000,0.000000,23.500000,0.000000,87.710367,0.001433,2.335368,B,100,10,85.360367,0.001433,85.360367,0.001433,0.014702,0.014702
44.000000,4.600000,4.500000,87.740000,0.000000,12.389984,0.013665,77.740000,0.000000,0.000000,23.800000,0.000000,90.129984,0.013665,2.390023,B,100,10,87.749984,0.013665,87.749984,0.013665,0.016924,0.016924
45.000000,4.700000,4.600000,90.135000,0.000000,12.390123,0.015575,80.135000,0.000000,0.000000,24.100000,0.000000,92.525123,0.015575,2.390174,B,100,10,90.115123,0.015575,90.115123,0.015575,0.025252,0.025252
46.000000,4.800000,4.700000,92.560000,0.000000,12.459800,-0.010414,82.560000,0.000000,0.000000,24.400000,0.000000,95.019800,-0.010414,2.459822,B,100,10,92.579800,-0.010414,92.579800,-0.010414,0.022372,0.022372
47.000000,4.900000,4.800000,95.015000,0.000000,12.445989,-0.010236,85.015000,0.000000,0.000000,24.700000,0.000000,97.460989,-0.010236,2.446010,B,100,10,94.990989,-0.010236,94.990989,-0.010236,0.026102,0.026102
48.000000,5.000000,4.900000,97.500000,0.000000,12.467735,0.006778,87.500000,0.000000,0.000000,25.000000,0.000000,99.967735,0.006778,2.467745,B,100,10,97.467735,0.006778,97.467735,0.006778,0.032969,0.032969
49.000000,5.100000,5.000000,100.015000,0.000000,12.483866,0.014863,90.015000,0.000000,0.000000,25.300000,0.000000,102.498866,0.014863,2.483911,B,100,10,99.968866,0.014863,99.968866,0.014863,0.048469,0.048469
50.000000,5.200000,5.100000,102.560000,0.000000,12.544515,0.002931,92.560000,0.000000,0.000000,25.600000,0.000000,105.104515,0.002931,2.544517,B,100,10,102.544515,0.002931,102.544515,0.002931,0.015760,0.015760
51.000000,5.300000,5.200000,105.135000,0.000000,12.604045,-0.000820,95.135000,0.000000,0.000000,25.900000,0.000000,107.739045,-0.000820,2.604045,B,100,10,105.149045,-0.000820,105.149045,-0.000820,0.014069,0.014069
52.000000,5.400000,5.300000,107.740000,0.000000,12.602896,0.003891,97.740000,0.000000,0.000000,26.200000,0.000000,110.342896,0.003891,2.602898,B,100,10,107.722896,0.003891,107.722896,0.003891,0.017541,0.017541
53.000000,5.500000,5.400000,110.375000,0.000000,12.601566,-0.018773,100.375000,0.000000,0.000000,26.500000,0.000000,112.976566,-0.018773,2.601634,B,100,10,110.326566,-0.018773,110.326566,-0.018773,0.051945,0.051945
54.000000,5.600000,5.500000,113.040000,0.000000,12.654904,0.001843,103.040000,0.000000,0.000000,26.800000,0.000000,115.694904,0.001843,2.654905,B,100,10,113.014904,0.001843,113.014904,0.001843,0.025164,0.025164
55.000000,5.700000,5.600000,115.735000,0.000000,12.678794,-0.016791,105.735000,0.000000,0.000000,27.100000,0.000000,118.413794,-0.016791,2.678847,B,100,10,115.703794,-0.016791,115.703794,-0.016791,0.035436,0.035436
56.000000,5.800000,5.700000,118.460000,0.000000,12.689716,-0.030027,108.460000,0.000000,0.000000,27.400000,0.000000,121.149716,-0.030027,2.689884,B,100,10,118.409716,-0.030027,118.409716,-0.030027,0.058567,0.058567
57.000000,5.900000,5.800000,121.215000,0.000000,12.771851,-0.023338,111.215000,0.000000,0.000000,27.700000,0.000000,123.986851,-0.023338,2.771949,B,100,10,121.216851,-0.023338,121.216851,-0.023338,0.023411,0.023411
58.000000,6.000000,5.900000,124.000000,0.000000,12.797007,0.009266,114.000000,0.000000,0.000000,28.000000,0.000000,126.797007,0.009266,2.797022,B,100,10,123.997007,0.009266,123.997007,0.009266,0.009737,0.009737
59.000000,6.100000,6.000000,126.815000,0.000000,12.809256,0.006096,116.815000,0.000000,0.000000,28.300000,0.000000,129.624256,0.006096,2.809262,B,100,10,126.794256,0.006096,126.794256,0.006096,0.021621,0.021621
60.000000,6.200000,6.100000,129.660000,0.000000,12.867117,-0.003467,119.660000,0.000000,0.000000,28.600000,0.000000,132.527117,-0.003467,2.867120,B,100,10,129.667117,-0.003467,129.667117,-0.003467,0.007917,0.007917
61.000000,6.300000,6.200000,132.535000,0.000000,12.889738,0.020062,122.535000,0.000000,0.000000,28.900000,0.000000,135.424738,0.020062,2.889808,B,100,10,132.534738,0.020062,132.534738,0.020062,0.020064,0.020064
62.000000,6.400000,6.300000,135.440000,0.000000,12.927112,-0.005924,125.440000,0.000000,0.000000,29.200000,0.000000,138.367112,-0.005924,2.927118,B,100,10,135.447112,-0.005924,135.447112,-0.005924,0.009256,0.009256
63.000000,6.500000,6.400000,138.375000,0.000000,12.918314,0.031663,128.375000,0.000000,0.000000,29.500000,0.000000,141.293314,0.031663,2.918486,B,100,10,138.343314,0.031663,138.343314,0.031663,0.044794,0.044794
64.000000,6.600000,6.500000,141.340000,0.000000,12.967167,-0.017978,131.340000,0.000000,0.000000,29.800000,0.000000,144.307167,-0.017978,2.967221,B,100,10,141.327167,-0.017978,141.327167,-0.017978,0.022088,0.022088
65.000000,6.700000,6.600000,144.335000,0.000000,12.973071,0.011110,134.335000,0.000000,0.000000,30.100000,0.000000,147.308071,0.011110,2.973091,B,100,10,144.298071,0.011110,144.298071,0.011110,0.038564,0.038564
66.000000,6.800000,6.700000,147.360000,0.000000,13.011770,0.009934,137.360000,0.000000,0.000000,30.400000,0.000000,150.371770,0.009934,3.011787,B,100,10,147.331770,0.009934,147.331770,0.009934,0.029927,0.029927
67.000000,6.900000,6.800000,150.415000,0.000000,13.074134,0.008995,140.415000,0.000000,0.000000,30.700000,0.000000,153.489134,0.008995,3.074147,B,100,10,150.419134,0.008995,150.419134,0.008995,0.009900,0.009900
68.000000,7.000000,6.900000,153.500000,0.000000,13.115285,0.008359,143.500000,0.000000,0.000000,31.000000,0.000000,156.615285,0.008359,3.115296,B,100,10,153.515285,0.008359,153.515285,0.008359,0.017422,0.017422
69.000000,7.100000,7.000000,156.615000,0.000000,13.100004,-0.004072,146.615000,0.000000,0.000000,31.300000,0.000000,159.715004,-0.004072,3.100006,B,100,10,156.585004,-0.004072,156.585004,-0.004072,0.030272,0.030272
70.000000,7.200000,7.100000,159.760000,0.000000,13.180814,0.031201,149.760000,0.000000,0.000000,31.600000,0.000000,162.940814,0.031201,3.180967,B,100,10,159.780814,0.031201,159.780814,0.031201,0.037506,0.037506
71.000000,7.300000,7.200000,162.935000,0.000000,13.170583,-0.010630,152.935000,0.000000,0.000000,31.900000,0.000000,166.105583,-0.010630,3.170600,B,100,10,162.915583,-0.010630,162.915583,-0.010630,0.022137,0.022137
72.000000,7.400000,7.300000,166.140000,0.000000,13.224184,-0.004901,156.140000,0.000000,0.000000,32.200000,0.000000,169.364184,-0.004901,3.224187,B,100,10,166.144184,-0.004901,166.144184,-0.004901,0.006444,0.006444
73.000000,7.500000,7.400000,169.375000,0.000000,13.209620,-0.016915,159.375000,0.000000,0.000000,32.500000,0.000000,172.584620,-0.016915,3.209665,B,100,10,169.334620,-0.016915,169.334620,-0.016915,0.043780,0.043780
74.000000,7.600000,7.500000,172.640000,0.000000,13.273301,-0.004071,162.640000,0.000000,0.000000,32.800000,0.000000,175.913301,-0.004071,3.273303,B,100,10,172.633301,-0.004071,172.633301,-0.004071,0.007839,0.007839
75.000000,7.700000,7.600000,175.935000,0.000000,13.316818,-0.007713,165.935000,0.000000,0.000000,33.100000,0.000000,179.251818,-0.007713,3.316827,B,100,10,175.941818,-0.007713,175.941818,-0.007713,0.010294,0.010294
76.000000,7.800000,7.700000,179.260000,0.000000,13.315125,0.011549,169.260000,0.000000,0.000000,33.400000,0.000000,182.575125,0.011549,3.315145,B,100,10,179.235125,0.011549,179.235125,0.011549,0.027425,0.027425
77.000000,7.900000,7.800000,182.615000,0.000000,13.361964,0.008430,172.615000,0.000000,0.000000,33.700000,0.000000,185.976964,0.008430,3.361974,B,100,10,182.606964,0.008430,182.606964,0.008430,0.011647,0.011647
78.000000,8.000000,7.900000,186.000000,0.000000,13.357385,0.011761,176.000000,0.000000,0.000000,34.000000,0.000000,189.357385,0.011761,3.357406,B,100,10,185.957385,0.011761,185.957385,0.011761,0.044208,0.044208
79.000000,8.100000,8.000000,189.415000,0.000000,13.409335,0.004293,179.415000,0.000000,0.000000,34.300000,0.000000,192.824335,0.004293,3.409338,B,100,10,189.394335,0.004293,189.394335,0.004293,0.021106,0.021106
80.000000,8.200000,8.100000,192.860000,0.000000,13.455982,0.026946,182.860000,0.000000,0.000000,34.600000,0.000000,196.315982,0.026946,3.456087,B,100,10,192.855982,0.026946,192.855982,0.026946,0.027244,0.027244
81.000000,8.300000,8.200000,196.335000,0.000000,13.465998,0.023812,186.335000,0.000000,0.000000,34.900000,0.000000,199.800998,0.023812,3.466079,B,100,10,196.310998,0.023812,196.310998,0.023812,0.033810,0.033810
82.000000,8.400000,8.300000,199.840000,0.000000,13.495045,-0.006209,189.840000,0.000000,0.000000,35.200000,0.000000,203.335045,-0.006209,3.495050,B,100,10,199.815045,-0.006209,199.815045,-0.006209,0.025716,0.025716
83.000000,8.500000,8.400000,203.375000,0.000000,13.531256,-0.015094,193.375000,0.000000,0.000000,35.500000,0.000000,206.906256,-0.015094,3.531288,B,100,10,203.356256,-0.015094,203.356256,-0.015094,0.024066,0.024066
84.000000,8.600000,8.500000,206.940000,0.000000,13.599024,0.007354,196.940000,0.000000,0.000000,35.800000,0.000000,210.539024,0.007354,3.599032,B,100,10,206.959024,0.007354,206.959024,0.007354,0.020396,0.020396
85.000000,8.700000,8.600000,210.535000,0.000000,13.612612,-0.000250,200.535000,0.000000,0.000000,36.100000,0.000000,214.147612,-0.000250,3.612612,B,100,10,210.537612,-0.000250,210.537612,-0.000250,0.002624,0.002624
86.000000,8.800000,8.700000,214.160000,0.000000,13.643298,-0.021642,204.160000,0.000000,0.000000,36.400000,0.000000,217.803298,-0.021642,3.643363,B,100,10,214.163298,-0.021642,214.163298,-0.021642,0.021892,0.021892
87.000000,8.900000,8.800000,217.815000,0.000000,13.639501,-0.019698,207.815000,0.000000,0.000000,36.700000,0.000000,221.454501,-0.019698,3.639554,B,100,10,217.784501,-0.019698,217.784501,-0.019698,0.036307,0.036307
88.000000,9.000000,8.900000,221.500000,0.000000,13.705986,-0.002501,211.500000,0.000000,0.000000,37.000000,0.000000,225.205986,-0.002501,3.705987,B,100,10,221.505986,-0.002501,221.505986,-0.002501,0.006488,0.006488
89.000000,9.100000,9.000000,225.215000,0.000000,13.710601,-0.010685,215.215000,0.000000,0.000000,37.300000,0.000000,228.925601,-0.010685,3.710616,B,100,10,225.195601,-0.010685,225.195601,-0.010685,0.022148,0.022148
90.000000,9.200000,9.100000,228.960000,0.000000,13.712169,0.003692,218.960000,0.000000,0.000000,37.600000,0.000000,232.672169,0.003692,3.712171,B,100,10,228.912169,0.003692,228.912169,0.003692,0.047973,0.047973
91.000000,9.300000,9.200000,232.735000,0.000000,13.770297,0.012072,222.735000,0.000000,0.000000,37.900000,0.000000,236.505297,0.012072,3.770317,B,100,10,232.715297,0.012072,232.715297,0.012072,0.023107,0.023107
92.000000,9.400000,9.300000,236.540000,0.000000,13.828134,0.002483,226.540000,0.000000,0.000000,38.200000,0.000000,240.368134,0.002483,3.828135,B,100,10,236.548134,0.002483,236.548134,0.002483,0.008504,0.008504
93.000000,9.500000,9.400000,240.375000,0.000000,13.840013,0.014179,230.375000,0.000000,0.000000,38.500000,0.000000,244.215013,0.014179,3.840040,B,100,10,240.365013,0.014179,240.365013,0.014179,0.017343,0.017343
94.000000,9.600000,9.500000,244.240000,0.000000,13.866272,0.019222,234.240000,0.000000,0.000000,38.800000,0.000000,248.106272,0.019222,3.866320,B,100,10,244.226272,0.019222,244.226272,0.019222,0.023621,0.023621
95.000000,9.700000,9.600000,248.135000,0.000000,13.927220,0.011127,238.135000,0.000000,0.000000,39.100000,0.000000,252.062220,0.011127,3.927235,B,100,10,248.152220,0.011127,248.152220,0.011127,0.020502,0.020502
96.000000,9.800000,9.700000,252.060000,0.000000,13.933584,-0.035898,242.060000,0.000000,0.000000,39.400000,0.000000,255.993584,-0.035898,3.933748,B,100,10,252.053584,-0.035898,252.053584,-0.035898,0.036467,0.036467
97.000000,9.900000,9.800000,256.015000,0.000000,13.979661,0.004774,246.015000,0.000000,0.000000,39.700000,0.000000,259.994661,0.004774,3.979664,B,100,10,256.024661,0.004774,256.024661,0.004774,0.010776,0.010776
98.000000,10.000000,9.900000,260.000000,0.000000,13.990858,0.027511,250.000000,0.000000,0.000000,40.000000,0.000000,263.990858,0.027511,3.990952,B,100,10,259.990858,0.027511,259.990858,0.027511,0.028991,0.028991
99.000000,10.100000,10.000000,264.015000,0.000000,14.006302,-0.015154,254.015000,0.000000,0.000000,40.300000,0.000000,268.021302,-0.015154,4.006330,B,100,10,263.991302,-0.015154,263.991302,-0.015154,0.028129,0.028129
0.000000,0.200000,0.100000,22.060000,0.000000,21.052328,0.006364,2.060000,0.000000,0.000000,10.600000,0.000000,23.112328,0.006364,1.052347,B,100,20,22.052328,0.006364,22.052328,0.006364,0.009968,0.009968
1.000000,0.300000,0.200000,23.135000,0.000000,21.077564,-0.018079,3.135000,0.000000,0.000000,10.900000,0.000000,24.212564,-0.018079,1.077716,B,100,20,23.122564,-0.018079,23.122564,-0.018079,0.021943,0.021943
2.000000,0.400000,0.300000,24.240000,0.000000,21.099509,0.034139,4.240000,0.000000,0.000000,11.200000,0.000000,25.339509,0.034139,1.100038,B,100,20,24.219509,0.034139,24.219509,0.034139,0.039817,0.039817
3.000000,0.500000,0.400000,25.375000,0.000000,21.127858,-0.021371,5.375000,0.000000,0.000000,11.500000,0.000000,26.502858,-0.021371,1.128061,B,100,20,25.352858,-0.021371,25.352858,-0.021371,0.030773,0.030773
4.000000,0.600000,0.500000,26.540000,0.000000,21.130405,-0.027357,6.540000,0.000000,0.000000,11.800000,0.000000,27.670405,-0.027357,1.130736,B,100,20,26.490405,-0.027357,26.490405,-0.027357,0.056640,0.056640
5.000000,0.700000,0.600000,27.735000,0.000000,21.201721,-0.010290,7.735000,0.000000,0.000000,12.100000,0.000000,28.936721,-0.010290,1.201765,B,100,20,27.726721,-0.010290,27.726721,-0.010290,0.013207,0.013207
6.000000,0.800000,0.700000,28.960000,0.000000,21.222800,0.003679,8.960000,0.000000,0.000000,12.400000,0.000000,30.182800,0.003679,1.222805,B,100,20,28.942800,0.003679,28.942800,0.003679,0.017589,0.017589
7.000000,0.900000,0.800000,30.215000,0.000000,21.242651,-0.002505,10.215000,0.000000,0.000000,12.700000,0.000000,31.457651,-0.002505,1.242653,B,100,20,30.187651,-0.002505,30.187651,-0.002505,0.027463,0.027463
8.000000,1.000000,0.900000,31.500000,0.000000,21.281128,-0.024489,11.500000,0.000000,0.000000,13.000000,0.000000,32.781128,-0.024489,1.281362,B,100,20,31.481128,-0.024489,31.481128,-0.024489,0.030917,0.030917
9.000000,1.100000,1.000000,32.815000,0.000000,21.356920,-0.000403,12.815000,0.000000,0.000000,13.300000,0.000000,34.171920,-0.000403,1.356921,B,100,20,32.841920,-0.000403,32.841920,-0.000403,0.026923,0.026923
10.000000,1.200000,1.100000,34.160000,0.000000,21.317379,0.006596,14.160000,0.000000,0.000000,13.600000,0.000000,35.477379,0.006596,1.317395,B,100,20,34.117379,0.006596,34.117379,0.006596,0.043129,0.043129
11.000000,1.300000,1.200000,35.535000,0.000000,21.399946,-0.002366,15.535000,0.000000,0.000000,13.900000,0.000000,36.934946,-0.002366,1.399948,B,100,20,35.544946,-0.002366,35.544946,-0.002366,0.010224,0.010224
12.000000,1.400000,1.300000,36.940000,0.000000,21.393495,-0.028435,16.940000,0.000000,0.000000,14.200000,0.000000,38.333495,-0.028435,1.393786,B,100,20,36.913495,-0.028435,36.913495,-0.028435,0.038872,0.038872
13.000000,1.500000,1.400000,38.375000,0.000000,21.450565,0.030564,18.375000,0.000000,0.000000,14.500000,0.000000,39.825565,0.030564,1.450887,B,100,20,38.375565,0.030564,38.375565,0.030564,0.030569,0.030569
14.000000,1.600000,1.500000,39.840000,0.000000,21.446140,0.006994,19.840000,0.000000,0.000000,14.800000,0.000000,41.286140,0.006994,1.446157,B,100,20,39.806140,0.006994,39.806140,0.006994,0.034575,0.034575
15.000000,1.700000,1.600000,41.335000,0.000000,21.503560,-0.011218,21.335000,0.000000,0.000000,15.100000,0.000000,42.838560,-0.011218,1.503602,B,100,20,41.328560,-0.011218,41.328560,-0.011218,0.012935,0.012935
16.000000,1.800000,1.700000,42.860000,0.000000,21.526092,-0.005662,22.860000,0.000000,0.000000,15.400000,0.000000,44.386092,-0.005662,1.526102,B,100,20,42.846092,-0.005662,42.846092,-0.005662,0.015017,0.015017
17.000000,1.900000,1.800000,44.415000,0.000000,21.562199,0.011395,24.415000,0.000000,0.000000,15.700000,0.000000,45.977199,0.011395,1.562241,B,100,20,44.407199,0.011395,44.407199,0.011395,0.013810,0.013810
18.000000,2.000000,1.900000,46.000000,0.000000,21.640394,-0.020285,26.000000,0.000000,0.000000,16.000000,0.000000,47.640394,-0.020285,1.640519,B,100,20,46.040394,-0.020285,46.040394,-0.020285,0.045201,0.045201
19.000000,2.100000,2.000000,47.615000,0.000000,21.599371,0.018407,27.615000,0.000000,0.000000,16.300000,0.000000,49.214371,0.018407,1.599477,B,100,20,47.584371,0.018407,47.584371,0.018407,0.035734,0.035734
20.000000,2.200000,2.100000,49.260000,0.000000,21.683566,-0.003699,29.260000,0.000000,0.000000,16.600000,0.000000,50.943566,-0.003699,1.683570,B,100,20,49.283566,-0.003699,49.283566,-0.003699,0.023855,0.023855
21.000000,2.300000,2.200000,50.935000,0.000000,21.690204,0.010226,30.935000,0.000000,0.000000,16.900000,0.000000,52.625204,0.010226,1.690235,B,100,20,50.935204,0.010226,50.935204,0.010226,0.010228,0.010228
22.000000,2.400000,2.300000,52.640000,0.000000,21.728978,-0.016001,32.640000,0.000000,0.000000,17.200000,0.000000,54.368978,-0.016001,1.729052,B,100,20,52.648978,-0.016001,52.648978,-0.016001,0.018348,0.018348
23.000000,2.500000,2.400000,54.375000,0.000000,21.744716,0.033139,34.375000,0.000000,0.000000,17.500000,0.000000,56.119716,0.033139,1.745031,B,100,20,54.369716,0.033139,54.369716,0.033139,0.033557,0.033557
24.000000,2.600000,2.500000,56.140000,0.000000,21.784820,0.002263,36.140000,0.000000,0.000000,17.800000,0.000000,57.924820,0.002263,1.784822,B,100,20,56.144820,0.002263,56.144820,0.002263,0.005325,0.005325
25.000000,2.700000,2.600000,57.935000,0.000000,21.784875,-0.017169,37.935000,0.000000,0.000000,18.100000,0.000000,59.719875,-0.017169,1.784958,B,100,20,57.909875,-0.017169,57.909875,-0.017169,0.030431,0.030431
26.000000,2.800000,2.700000,59.760000,0.000000,21.862672,-0.025927,39.760000,0.000000,0.000000,18.400000,0.000000,61.622672,-0.025927,1.862852,B,100,20,59.782672,-0.025927,59.782672,-0.025927,0.034442,0.034442
27.000000,2.900000,2.800000,61.615000,0.000000,21.868705,0.018463,41.615000,0.000000,0.000000,18.700000,0.000000,63.483705,0.018463,1.868796,B,100,20,61.613705,0.018463,61.613705,0.018463,0.018508,0.018508
28.000000,3.000000,2.900000,63.500000,0.000000,21.876219,-0.003768,43.500000,0.000000,0.000000,19.000000,0.000000,65.376219,-0.003768,1.876222,B,100,20,63.476219,-0.003768,63.476219,-0.003768,0.024078,0.024078
29.000000,3.100000,3.000000,65.415000,0.000000,21.926504,-0.007859,45.415000,0.000000,0.000000,19.300000,0.000000,67.341504,-0.007859,1.926520,B,100,20,65.411504,-0.007859,65.411504,-0.007859,0.008602,0.008602
30.000000,3.200000,3.100000,67.360000,0.000000,21.940749,0.003071,47.360000,0.000000,0.000000,19.600000,0.000000,69.300749,0.003071,1.940751,B,100,20,67.340749,0.003071,67.340749,0.003071,0.019495,0.019495
31.000000,3.300000,3.200000,69.335000,0.000000,21.953085,-0.025374,49.335000,0.000000,0.000000,19.900000,0.000000,71.288085,-0.025374,1.953250,B,100,20,69.298085,-0.025374,69.298085,-0.025374,0.044795,0.044795
32.000000,3.400000,3.300000,71.340000,0.000000,22.004616,0.002739,51.340000,0.000000,0.000000,20.200000,0.000000,73.344616,0.002739,2.004618,B,100,20,71.324616,0.002739,71.324616,0.002739,0.015626,0.015626
33.000000,3.500000,3.400000,73.375000,0.000000,22.024710,0.021693,53.375000,0.000000,0.000000,20.500000,0.000000,75.399710,0.021693,2.024827,B,100,20,73.349710,0.021693,73.349710,0.021693,0.033319,0.033319
34.000000,3.600000,3.500000,75.440000,0.000000,22.044156,-0.016962,55.440000,0.000000,0.000000,20.800000,0.000000,77.484156,-0.016962,2.044226,B,100,20,75.404156,-0.016962,75.404156,-0.016962,0.039655,0.039655
35.000000,3.700000,3.600000,77.535000,0.000000,22.096564,-0.003400,57.535000,0.000000,0.000000,21.100000,0.000000,79.631564,-0.003400,2.096567,B,100,20,77.521564,-0.003400,77.521564,-0.003400,0.013859,0.013859
36.000000,3.800000,3.700000,79.660000,0.000000,22.126270,-0.005131,59.660000,0.000000,0.000000,21.400000,0.000000,81.786270,-0.005131,2.126277,B,100,20,79.646270,-0.005131,79.646270,-0.005131,0.014657,0.014657
37.000000,3.900000,3.800000,81.815000,0.000000,22.114325,0.005625,61.815000,0.000000,0.000000,21.700000,0.000000,83.929325,0.005625,2.114332,B,100,20,81.759325,0.005625,81.759325,0.005625,0.055958,0.055958
38.000000,4.000000,3.900000,84.000000,0.000000,22.199195,-0.008500,64.000000,0.000000,0.000000,22.000000,0.000000,86.199195,-0.008500,2.199211,B,100,20,83.999195,-0.008500,83.999195,-0.008500,0.008538,0.008538
39.000000,4.100000,4.000000,86.215000,0.000000,22.165400,0.045734,66.215000,0.000000,0.000000,22.300000,0.000000,88.380400,0.045734,2.165883,B,100,20,86.150400,0.045734,86.150400,0.045734,0.079150,0.079150
40.000000,4.200000,4.100000,88.460000,0.000000,22.232234,-0.002989,68.460000,0.000000,0.000000,22.600000,0.000000,90.692234,-0.002989,2.232236,B,100,20,88.432234,-0.002989,88.432234,-0.002989,0.027926,0.027926
41.000000,4.300000,4.200000,90.735000,0.000000,22.271582,0.001528,70.735000,0.000000,0.000000,22.900000,0.000000,93.006582,0.001528,2.271583,B,100,20,90.716582,0.001528,90.716582,0.001528,0.018481,0.018481
42.000000,4.400000,4.300000,93.040000,0.000000,22.324326,-0.024407,73.040000,0.000000,0.000000,23.200000,0.000000,95.364326,-0.024407,2.324454,B,100,20,93.044326,-0.024407,93.044326,-0.024407,0.024788,0.024788
43.000000,4.500000,4.400000,95.375000,0.000000,22.324302,0.023734,75.375000,0.000000,0.000000,23.500000,0.000000,97.699302,0.023734,2.324423,B,100,20,95.349302,0.023734,95.349302,0.023734,0.034981,0.034981
44.000000,4.600000,4.500000,97.740000,0.000000,22.381600,-0.003096,77.740000,0.000000,0.000000,23.800000,0.000000,100.121600,-0.003096,2.381602,B,100,20,97.741600,-0.003096,97.741600,-0.003096,0.003485,0.003485
45.000000,4.700000,4.600000,100.135000,0.000000,22.399654,0.018685,80.135000,0.000000,0.000000,24.100000,0.000000,102.534654,0.018685,2.399727,B,100,20,100.124654,0.018685,100.124654,0.018685,0.021358,0.021358
46.000000,4.800000,4.700000,102.560000,0.000000,22.435242,0.034792,82.560000,0.000000,0.000000,24.400000,0.000000,104.995242,0.034792,2.435491,B,100,20,102.555242,0.034792,102.555242,0.034792,0.035116,0.035116
47.000000,4.900000,4.800000,105.015000,0.000000,22.435482,0.020406,85.015000,0.000000,0.000000,24.700000,0.000000,107.450482,0.020406,2.435568,B,100,20,104.980482,0.020406,104.980482,0.020406,0.040098,0.040098
48.000000,5.000000,4.900000,107.500000,0.000000,22.453124,0.029011,87.500000,0.000000,0.000000,25.000000,0.000000,109.953124,0.029011,2.453296,B,100,20,107.453124,0.029011,107.453124,0.029011,0.055127,0.055127
49.000000,5.100000,5.000000,110.015000,0.000000,22.500845,-0.022905,90.015000,0.000000,0.000000,25.300000,0.000000,112.515845,-0.022905,2.500950,B,100,20,109.985845,-0.022905,109.985845,-0.022905,0.037076,0.037076
50.000000,5.200000,5.100000,112.560000,0.000000,22.533973,-0.001675,92.560000,0.000000,0.000000,25.600000,0.000000,115.093973,-0.001675,2.533973,B,100,20,112.533973,-0.001675,112.533973,-0.001675,0.026081,0.026081
51.000000,5.300000,5.200000,115.135000,0.000000,22.555372,0.036826,95.135000,0.000000,0.000000,25.900000,0.000000,117.690372,0.036826,2.555638,B,100,20,115.100372,0.036826,115.100372,0.036826,0.050549,0.050549
52.000000,5.400000,5.300000,117.740000,0.000000,22.613745,-0.019893,97.740000,0.000000,0.000000,26.200000,0.000000,120.353745,-0.019893,2.613821,B,100,20,117.733745,-0.019893,117.733745,-0.019893,0.020853,0.020853
53.000000,5.500000,5.400000,120.375000,0.000000,22.626438,-0.015917,100.375000,0.000000,0.000000,26.500000,0.000000,123.001438,-0.015917,2.626486,B,100,20,120.351438,-0.015917,120.351438,-0.015917,0.028434,0.028434
54.000000,5.600000,5.500000,123.040000,0.000000,22.673745,0.015231,103.040000,0.000000,0.000000,26.800000,0.000000,125.713745,0.015231,2.673789,B,100,20,123.033745,0.015231,123.033745,0.015231,0.016465,0.016465
55.000000,5.700000,5.600000,125.735000,0.000000,22.701701,0.021043,105.735000,0.000000,0.000000,27.100000,0.000000,128.436701,0.021043,2.701783,B,100,20,125.726701,0.021043,125.726701,0.021043,0.022620,0.022620
56.000000,5.800000,5.700000,128.460000,0.000000,22.746256,0.017591,108.460000,0.000000,0.000000,27.400000,0.000000,131.206256,0.017591,2.746312,B,100,20,128.466256,0.017591,128.466256,0.017591,0.018671,0.018671
57.000000,5.900000,5.800000,131.215000,0.000000,22.770102,0.007366,111.215000,0.000000,0.000000,27.700000,0.000000,133.985102,0.007366,2.770112,B,100,20,131.215102,0.007366,131.215102,0.007366,0.007367,0.007367
58.000000,6.000000,5.900000,134.000000,0.000000,22.805429,-0.005659,114.000000,0.000000,0.000000,28.000000,0.000000,136.805429,-0.005659,2.805435,B,100,20,134.005429,-0.005659,134.005429,-0.005659,0.007842,0.007842
59.000000,6.100000,6.000000,136.815000,0.000000,22.824468,-0.006295,116.815000,0.000000,0.000000,28.300000,0.000000,139.639468,-0.006295,2.824475,B,100,20,136.809468,-0.006295,136.809468,-0.006295,0.008380,0.008380
60.000000,6.200000,6.100000,139.660000,0.000000,22.847391,0.016275,119.660000,0.000000,0.000000,28.600000,0.000000,142.507391,0.016275,2.847437,B,100,20,139.647391,0.016275,139.647391,0.016275,0.020588,0.020588
61.000000,6.300000,6.200000,142.535000,0.000000,22.872198,0.018013,122.535000,0.000000,0.000000,28.900000,0.000000,145.407198,0.018013,2.872254,B,100,20,142.517198,0.018013,142.517198,0.018013,0.025326,0.025326
62.000000,6.400000,6.300000,145.440000,0.000000,22.892776,-0.008628,125.440000,0.000000,0.000000,29.200000,0.000000,148.332776,-0.008628,2.892789,B,100,20,145.412776,-0.008628,145.412776,-0.008628,0.028558,0.028558
63.000000,6.500000,6.400000,148.375000,0.000000,22.957202,0.028245,128.375000,0.000000,0.000000,29.500000,0.000000,151.332202,0.028245,2.957337,B,100,20,148.382202,0.028245,148.382202,0.028245,0.029149,0.029149
64.000000,6.600000,6.500000,151.340000,0.000000,23.003910,-0.005977,131.340000,0.000000,0.000000,29.800000,0.000000,154.343910,-0.005977,3.003916,B,100,20,151.363910,-0.005977,151.363910,-0.005977,0.024646,0.024646
65.000000,6.700000,6.600000,154.335000,0.000000,22.984754,-0.010963,134.335000,0.000000,0.000000,30.100000,0.000000,157.319754,-0.010963,2.984774,B,100,20,154.309754,-0.010963,154.309754,-0.010963,0.027523,0.027523
66.000000,6.800000,6.700000,157.360000,0.000000,23.013953,-0.004480,137.360000,0.000000,0.000000,30.400000,0.000000,160.373953,-0.004480,3.013956,B,100,20,157.333953,-0.004480,157.333953,-0.004480,0.026429,0.026429
67.000000,6.900000,6.800000,160.415000,0.000000,23.057574,-0.019365,140.415000,0.000000,0.000000,30.700000,0.000000,163.472574,-0.019365,3.057635,B,100,20,160.402574,-0.019365,160.402574,-0.019365,0.023009,0.023009
68.000000,7.000000,6.900000,163.500000,0.000000,23.091295,0.030457,143.500000,0.000000,0.000000,31.000000,0.000000,166.591295,0.030457,3.091445,B,100,20,163.491295,0.030457,163.491295,0.030457,0.031676,0.031676
69.000000,7.100000,7.000000,166.615000,0.000000,23.127336,0.027432,146.615000,0.000000,0.000000,31.300000,0.000000,169.742336,0.027432,3.127457,B,100,20,166.612336,0.027432,166.612336,0.027432,0.027561,0.027561
70.000000,7.200000,7.100000,169.760000,0.000000,23.159707,-0.002723,149.760000,0.000000,0.000000,31.600000,0.000000,172.919707,-0.002723,3.159708,B,100,20,169.759707,-0.002723,169.759707,-0.002723,0.002739,0.002739
71.000000,7.300000,7.200000,172.935000,0.000000,23.170501,0.020452,152.935000,0.000000,0.000000,31.900000,0.000000,176.105501,0.020452,3.170567,B,100,20,172.915501,0.020452,172.915501,0.020452,0.028258,0.028258
72.000000,7.400000,7.300000,176.140000,0.000000,23.185938,0.003118,156.140000,0.000000,0.000000,32.200000,0.000000,179.325938,0.003118,3.185939,B,100,20,176.105938,0.003118,176.105938,0.003118,0.034205,0.034205
73.000000,7.500000,7.400000,179.375000,0.000000,23.233738,-0.047969,159.375000,0.000000,0.000000,32.500000,0.000000,182.608738,-0.047969,3.234094,B,100,20,179.358738,-0.047969,179.358738,-0.047969,0.050651,0.050651
74.000000,7.600000,7.500000,182.640000,0.000000,23.229656,-0.009879,162.640000,0.000000,0.000000,32.800000,0.000000,185.869656,-0.009879,3.229671,B,100,20,182.589656,-0.009879,182.589656,-0.009879,0.051304,0.051304
75.000000,7.700000,7.600000,185.935000,0.000000,23.302587,0.011244,165.935000,0.000000,0.000000,33.100000,0.000000,189.237587,0.011244,3.302607,B,100,20,185.927587,0.011244,185.927587,0.011244,0.013468,0.013468
76.000000,7.800000,7.700000,189.260000,0.000000,23.317455,-0.022555,169.260000,0.000000,0.000000,33.400000,0.000000,192.577455,-0.022555,3.317531,B,100,20,189.237455,-0.022555,189.237455,-0.022555,0.031891,0.031891
77.000000,7.900000,7.800000,192.615000,0.000000,23.364642,-0.017723,172.615000,0.000000,0.000000,33.700000,0.000000,195.979642,-0.017723,3.364689,B,100,20,192.609642,-0.017723,192.609642,-0.017723,0.018515,0.018515
78.000000,8.000000,7.900000,196.000000,0.000000,23.399713,-0.018969,176.000000,0.000000,0.000000,34.000000,0.000000,199.399713,-0.018969,3.399766,B,100,20,195.999713,-0.018969,195.999713,-0.018969,0.018971,0.018971
79.000000,8.100000,8.000000,199.415000,0.000000,23.434756,0.027739,179.415000,0.000000,0.000000,34.300000,0.000000,202.849756,0.027739,3.434868,B,100,20,199.419756,0.027739,199.419756,0.027739,0.028144,0.028144
80.000000,8.200000,8.100000,202.860000,0.000000,23.430230,-0.041066,182.860000,0.000000,0.000000,34.600000,0.000000,206.290230,-0.041066,3.430476,B,100,20,202.830230,-0.041066,202.830230,-0.041066,0.050722,0.050722
81.000000,8.300000,8.200000,206.335000,0.000000,23.420239,-0.015494,186.335000,0.000000,0.000000,34.900000,0.000000,209.755239,-0.015494,3.420274,B,100,20,206.265239,-0.015494,206.265239,-0.015494,0.071461,0.071461
82.000000,8.400000,8.300000,209.840000,0.000000,23.530306,-0.005702,189.840000,0.000000,0.000000,35.200000,0.000000,213.370306,-0.005702,3.530310,B,100,20,209.850306,-0.005702,209.850306,-0.005702,0.011778,0.011778
83.000000,8.500000,8.400000,213.375000,0.000000,23.542262,-0.014635,193.375000,0.000000,0.000000,35.500000,0.000000,216.917262,-0.014635,3.542292,B,100,20,213.367262,-0.014635,213.367262,-0.014635,0.016555,0.016555
84.000000,8.600000,8.500000,216.940000,0.000000,23.563454,-0.006286,196.940000,0.000000,0.000000,35.800000,0.000000,220.503454,-0.006286,3.563459,B,100,20,216.923454,-0.006286,216.923454,-0.006286,0.017700,0.017700
85.000000,8.700000,8.600000,220.535000,0.000000,23.634153,-0.011648,200.535000,0.000000,0.000000,36.100000,0.000000,224.169153,-0.011648,3.634171,B,100,20,220.559153,-0.011648,220.559153,-0.011648,0.026815,0.026815
86.000000,8.800000,8.700000,224.160000,0.000000,23.636764,-0.011160,204.160000,0.000000,0.000000,36.400000,0.000000,227.796764,-0.011160,3.636782,B,100,20,224.156764,-0.011160,224.156764,-0.011160,0.011620,0.011620
87.000000,8.900000,8.800000,227.815000,0.000000,23.689827,-0.012940,207.815000,0.000000,0.000000,36.700000,0.000000,231.504827,-0.012940,3.689849,B,100,20,227.834827,-0.012940,227.834827,-0.012940,0.023676,0.023676
88.000000,9.000000,8.900000,231.500000,0.000000,23.624445,0.008214,211.500000,0.000000,0.000000,37.000000,0.000000,235.124445,0.008214,3.624454,B,100,20,231.424445,0.008214,231.424445,0.008214,0.076001,0.076001
89.000000,9.100000,9.000000,235.215000,0.000000,23.719035,0.027477,215.215000,0.000000,0.000000,37.300000,0.000000,238.934035,0.027477,3.719136,B,100,20,235.204035,0.027477,235.204035,0.027477,0.029585,0.029585
90.000000,9.200000,9.100000,238.960000,0.000000,23.719492,-0.020398,218.960000,0.000000,0.000000,37.600000,0.000000,242.679492,-0.020398,3.719548,B,100,20,238.919492,-0.020398,238.919492,-0.020398,0.045354,0.045354
91.000000,9.300000,9.200000,242.735000,0.000000,23.762247,0.012933,222.735000,0.000000,0.000000,37.900000,0.000000,246.497247,0.012933,3.762269,B,100,20,242.707247,0.012933,242.707247,0.012933,0.030619,0.030619
92.000000,9.400000,9.300000,246.540000,0.000000,23.783641,-0.020423,226.540000,0.000000,0.000000,38.200000,0.000000,250.323641,-0.020423,3.783696,B,100,20,246.503641,-0.020423,246.503641,-0.020423,0.041702,0.041702
93.000000,9.500000,9.400000,250.375000,0.000000,23.818301,-0.039426,230.375000,0.000000,0.000000,38.500000,0.000000,254.193301,-0.039426,3.818505,B,100,20,250.343301,-0.039426,250.343301,-0.039426,0.050589,0.050589
94.000000,9.600000,9.500000,254.240000,0.000000,23.851340,-0.001198,234.240000,0.000000,0.000000,38.800000,0.000000,258.091340,-0.001198,3.851340,B,100,20,254.211340,-0.001198,254.211340,-0.001198,0.028685,0.028685
95.000000,9.700000,9.600000,258.135000,0.000000,23.916087,0.028495,238.135000,0.000000,0.000000,39.100000,0.000000,262.051087,0.028495,3.916191,B,100,20,258.141087,0.028495,258.141087,0.028495,0.029138,0.029138
96.000000,9.800000,9.700000,262.060000,0.000000,23.918478,-0.018289,242.060000,0.000000,0.000000,39.400000,0.000000,265.978478,-0.018289,3.918521,B,100,20,262.038478,-0.018289,262.038478,-0.018289,0.028243,0.028243
97.000000,9.900000,9.800000,266.015000,0.000000,23.949678,-0.010374,246.015000,0.000000,0.000000,39.700000,0.000000,269.964678,-0.010374,3.949691,B,100,20,265.994678,-0.010374,265.994678,-0.010374,0.022817,0.022817
98.000000,10.000000,9.900000,270.000000,0.000000,23.982611,0.014791,250.000000,0.000000,0.000000,40.000000,0.000000,273.982611,0.014791,3.982639,B,100,20,269.982611,0.014791,269.982611,0.014791,0.022829,0.022829
99.000000,10.100000,10.000000,274.015000,0.000000,24.025361,-0.032473,254.015000,0.000000,0.000000,40.300000,0.000000,278.040361,-0.032473,4.025492,B,100,20,274.010361,-0.032473,274.010361,-0.032473,0.032803,0.032803
0.000000,0.200000,0.100000,42.060000,0.000000,41.032226,0.006239,2.060000,0.000000,0.000000,10.600000,0.000000,43.092226,0.006239,1.032245,B,100,40,42.032226,0.006239,42.032226,0.006239,0.028466,0.028466
1.000000,0.300000,0.200000,43.135000,0.000000,41.076885,-0.007785,3.135000,0.000000,0.000000,10.900000,0.000000,44.211885,-0.007785,1.076914,B,100,40,43.121885,-0.007785,43.121885,-0.007785,0.015251,0.015251
2.000000,0.400000,0.300000,44.240000,0.000000,41.120262,-0.014822,4.240000,0.000000,0.000000,11.200000,0.000000,45.360262,-0.014822,1.120361,B,100,40,44.240262,-0.014822,44.240262,-0.014822,0.014824,0.014824
3.000000,0.500000,0.400000,45.375000,0.000000,41.139549,0.006412,5.375000,0.000000,0.000000,11.500000,0.000000,46.514549,0.006412,1.139567,B,100,40,45.364549,0.006412,45.364549,0.006412,0.012262,0.012262
4.000000,0.600000,0.500000,46.540000,0.000000,41.186205,-0.034339,6.540000,0.000000,0.000000,11.800000,0.000000,47.726205,-0.034339,1.186702,B,100,40,46.546205,-0.034339,46.546205,-0.034339,0.034895,0.034895
5.000000,0.700000,0.600000,47.735000,0.000000,41.184464,0.020425,7.735000,0.000000,0.000000,12.100000,0.000000,48.919464,0.020425,1.184640,B,100,40,47.709464,0.020425,47.709464,0.020425,0.032700,0.032700
6.000000,0.800000,0.700000,48.960000,0.000000,41.221211,0.014102,8.960000,0.000000,0.000000,12.400000,0.000000,50.181211,0.014102,1.221292,B,100,40,48.941211,0.014102,48.941211,0.014102,0.023493,0.023493
7.000000,0.900000,0.800000,50.215000,0.000000,41.294427,-0.010399,10.215000,0.000000,0.000000,12.700000,0.000000,51.509427,-0.010399,1.294469,B,100,40,50.239427,-0.010399,50.239427,-0.010399,0.026548,0.026548
8.000000,1.000000,0.900000,51.500000,0.000000,41.328024,-0.011089,11.500000,0.000000,0.000000,13.000000,0.000000,52.828024,-0.011089,1.328070,B,100,40,51.528024,-0.011089,51.528024,-0.011089,0.030138,0.030138
9.000000,1.100000,1.000000,52.815000,0.000000,41.279030,0.011458,12.815000,0.000000,0.000000,13.300000,0.000000,54.094030,0.011458,1.279081,B,100,40,52.764030,0.011458,52.764030,0.011458,0.052242,0.052242
10.000000,1.200000,1.100000,54.160000,0.000000,41.373267,-0.006738,14.160000,0.000000,0.000000,13.600000,0.000000,55.533267,-0.006738,1.373284,B,100,40,54.173267,-0.006738,54.173267,-0.006738,0.014881,0.014881
11.000000,1.300000,1.200000,55.535000,0.000000,41.355016,-0.037108,15.535000,0.000000,0.000000,13.900000,0.000000,56.890016,-0.037108,1.355524,B,100,40,55.500016,-0.037108,55.500016,-0.037108,0.050999,0.050999
12.000000,1.400000,1.300000,56.940000,0.000000,41.420105,0.005374,16.940000,0.000000,0.000000,14.200000,0.000000,58.360105,0.005374,1.420115,B,100,40,56.940105,0.005374,56.940105,0.005374,0.005375,0.005375
13.000000,1.500000,1.400000,58.375000,0.000000,41.432235,0.030610,18.375000,0.000000,0.000000,14.500000,0.000000,59.807235,0.030610,1.432562,B,100,40,58.357235,0.030610,58.357235,0.030610,0.035391,0.035391
14.000000,1.600000,1.500000,59.840000,0.000000,41.464446,0.049425,19.840000,0.000000,0.000000,14.800000,0.000000,61.304446,0.049425,1.465280,B,100,40,59.824446,0.049425,59.824446,0.049425,0.051815,0.051815
15.000000,1.700000,1.600000,61.335000,0.000000,41.552047,-0.006498,21.335000,0.000000,0.000000,15.100000,0.000000,62.887047,-0.006498,1.552061,B,100,40,61.377047,-0.006498,61.377047,-0.006498,0.042546,0.042546
16.000000,1.800000,1.700000,62.860000,0.000000,41.529839,-0.033771,22.860000,0.000000,0.000000,15.400000,0.000000,64.389839,-0.033771,1.530212,B,100,40,62.849839,-0.033771,62.849839,-0.033771,0.035267,0.035267
17.000000,1.900000,1.800000,64.415000,0.000000,41.563903,0.004365,24.415000,0.000000,0.000000,15.700000,0.000000,65.978903,0.004365,1.563909,B,100,40,64.408903,0.004365,64.408903,0.004365,0.007498,0.007498
18.000000,2.000000,1.900000,66.000000,0.000000,41.600749,0.032262,26.000000,0.000000,0.000000,16.000000,0.000000,67.600749,0.032262,1.601074,B,100,40,66.000749,0.032262,66.000749,0.032262,0.032271,0.032271
19.000000,2.100000,2.000000,67.615000,0.000000,41.602612,0.051947,27.615000,0.000000,0.000000,16.300000,0.000000,69.217612,0.051947,1.603454,B,100,40,67.587612,0.051947,67.587612,0.051947,0.058724,0.058724
20.000000,2.200000,2.100000,69.260000,0.000000,41.658536,0.034585,29.260000,0.000000,0.000000,16.600000,0.000000,70.918536,0.034585,1.658897,B,100,40,69.258536,0.034585,69.258536,0.034585,0.034616,0.034616
21.000000,2.300000,2.200000,70.935000,0.000000,41.676965,-0.003735,30.935000,0.000000,0.000000,16.900000,0.000000,72.611965,-0.003735,1.676969,B,100,40,70.921965,-0.003735,70.921965,-0.003735,0.013560,0.013560
22.000000,2.400000,2.300000,72.640000,0.000000,41.701411,0.003980,32.640000,0.000000,0.000000,17.200000,0.000000,74.341411,0.003980,1.701416,B,100,40,72.621411,0.003980,72.621411,0.003980,0.019010,0.019010
23.000000,2.500000,2.400000,74.375000,0.000000,41.719422,0.018995,34.375000,0.000000,0.000000,17.500000,0.000000,76.094422,0.018995,1.719527,B,100,40,74.344422,0.018995,74.344422,0.018995,0.035997,0.035997
24.000000,2.600000,2.500000,76.140000,0.000000,41.759263,0.013701,36.140000,0.000000,0.000000,17.800000,0.000000,77.899263,0.013701,1.759317,B,100,40,76.119263,0.013701,76.119263,0.013701,0.024854,0.024854
25.000000,2.700000,2.600000,77.935000,0.000000,41.762450,-0.016411,37.935000,0.000000,0.000000,18.100000,0.000000,79.697450,-0.016411,1.762527,B,100,40,77.887450,-0.016411,77.887450,-0.016411,0.050302,0.050302
26.000000,2.800000,2.700000,79.760000,0.000000,41.840051,0.037133,39.760000,0.000000,0.000000,18.400000,0.000000,81.600051,0.037133,1.840425,B,100,40,79.760051,0.037133,79.760051,0.037133,0.037133,0.037133
27.000000,2.900000,2.800000,81.615000,0.000000,41.887683,0.021584,41.615000,0.000000,0.000000,18.700000,0.000000,83.502683,0.021584,1.887806,B,100,40,81.632683,0.021584,81.632683,0.021584,0.027902,0.027902
28.000000,3.000000,2.900000,83.500000,0.000000,41.900080,0.013365,43.500000,0.000000,0.000000,19.000000,0.000000,85.400080,0.013365,1.900127,B,100,40,83.500080,0.013365,83.500080,0.013365,0.013365,0.013365
29.000000,3.100000,3.000000,85.415000,0.000000,41.906804,-0.009205,45.415000,0.000000,0.000000,19.300000,0.000000,87.321804,-0.009205,1.906827,B,100,40,85.391804,-0.009205,85.391804,-0.009205,0.024955,0.024955
30.000000,3.200000,3.100000,87.360000,0.000000,41.958904,-0.000414,47.360000,0.000000,0.000000,19.600000,0.000000,89.318904,-0.000414,1.958904,B,100,40,87.358904,-0.000414,87.358904,-0.000414,0.001172,0.001172
31.000000,3.300000,3.200000,89.335000,0.000000,41.978982,0.031567,49.335000,0.000000,0.000000,19.900000,0.000000,91.313982,0.031567,1.979233,B,100,40,89.323982,0.031567,89.323982,0.031567,0.033435,0.033435
32.000000,3.400000,3.300000,91.340000,0.000000,42.037172,0.047754,51.340000,0.000000,0.000000,20.200000,0.000000,93.377172,0.047754,2.037731,B,100,40,91.357172,0.047754,91.357172,0.047754,0.050748,0.050748
33.000000,3.500000,3.400000,93.375000,0.000000,42.064259,-0.018401,53.375000,0.000000,0.000000,20.500000,0.000000,95.439259,-0.018401,2.064341,B,100,40,93.389259,-0.018401,93.389259,-0.018401,0.023279,0.023279
34.000000,3.600000,3.500000,95.440000,0.000000,42.043021,-0.001933,55.440000,0.000000,0.000000,20.800000,0.000000,97.483021,-0.001933,2.043021,B,100,40,95.403021,-0.001933,95.403021,-0.001933,0.037030,0.037030
35.000000,3.700000,3.600000,97.535000,0.000000,42.083105,0.009329,57.535000,0.000000,0.000000,21.100000,0.000000,99.618105,0.009329,2.083126,B,100,40,97.508105,0.009329,97.508105,0.009329,0.028467,0.028467
36.000000,3.800000,3.700000,99.660000,0.000000,42.142964,-0.012713,59.660000,0.000000,0.000000,21.400000,0.000000,101.802964,-0.012713,2.143001,B,100,40,99.662964,-0.012713,99.662964,-0.012713,0.013053,0.013053
37.000000,3.900000,3.800000,101.815000,0.000000,42.157967,-0.000779,61.815000,0.000000,0.000000,21.700000,0.000000,103.972967,-0.000779,2.157967,B,100,40,101.802967,-0.000779,101.802967,-0.000779,0.012058,0.012058
38.000000,4.000000,3.900000,104.000000,0.000000,42.170425,-0.034370,64.000000,0.000000,0.000000,22.000000,0.000000,106.170425,-0.034370,2.170697,B,100,40,103.970425,-0.034370,103.970425,-0.034370,0.045343,0.045343
39.000000,4.100000,4.000000,106.215000,0.000000,42.235517,-0.000900,66.215000,0.000000,0.000000,22.300000,0.000000,108.450517,-0.000900,2.235517,B,100,40,106.220517,-0.000900,106.220517,-0.000900,0.005590,0.005590
40.000000,4.200000,4.100000,108.460000,0.000000,42.208466,-0.030978,68.460000,0.000000,0.000000,22.600000,0.000000,110.668466,-0.030978,2.208683,B,100,40,108.408466,-0.030978,108.408466,-0.030978,0.060128,0.060128
41.000000,4.300000,4.200000,110.735000,0.000000,42.258641,-0.010826,70.735000,0.000000,0.000000,22.900000,0.000000,112.993641,-0.010826,2.258667,B,100,40,110.703641,-0.010826,110.703641,-0.010826,0.033175,0.033175
42.000000,4.400000,4.300000,113.040000,0.000000,42.296615,0.030726,73.040000,0.000000,0.000000,23.200000,0.000000,115.336615,0.030726,2.296820,B,100,40,113.016615,0.030726,113.016615,0.030726,0.038613,0.038613
43.000000,4.500000,4.400000,115.375000,0.000000,42.331930,-0.003175,75.375000,0.000000,0.000000,23.500000,0.000000,117.706930,-0.003175,2.331932,B,100,40,115.356930,-0.003175,115.356930,-0.003175,0.018347,0.018347
44.000000,4.600000,4.500000,117.740000,0.000000,42.378242,-0.001212,77.740000,0.000000,0.000000,23.800000,0.000000,120.118242,-0.001212,2.378242,B,100,40,117.738242,-0.001212,117.738242,-0.001212,0.002135,0.002135
45.000000,4.700000,4.600000,120.135000,0.000000,42.419438,0.038147,80.135000,0.000000,0.000000,24.100000,0.000000,122.554438,0.038147,2.419739,B,100,40,120.144438,0.038147,120.144438,0.038147,0.039297,0.039297
46.000000,4.800000,4.700000,122.560000,0.000000,42.424635,0.006478,82.560000,0.000000,0.000000,24.400000,0.000000,124.984635,0.006478,2.424643,B,100,40,122.544635,0.006478,122.544635,0.006478,0.016675,0.016675
47.000000,4.900000,4.800000,125.015000,0.000000,42.494909,0.025609,85.015000,0.000000,0.000000,24.700000,0.000000,127.509909,0.025609,2.495041,B,100,40,125.039909,0.025609,125.039909,0.025609,0.035725,0.035725
48.000000,5.000000,4.900000,127.500000,0.000000,42.499900,0.021610,87.500000,0.000000,0.000000,25.000000,0.000000,129.999900,0.021610,2.499993,B,100,40,127.499900,0.021610,127.499900,0.021610,0.021610,0.021610
49.000000,5.100000,5.000000,130.015000,0.000000,42.500750,-0.019552,90.015000,0.000000,0.000000,25.300000,0.000000,132.515750,-0.019552,2.500826,B,100,40,129.985750,-0.019552,129.985750,-0.019552,0.035183,0.035183
50.000000,5.200000,5.100000,132.560000,0.000000,42.537828,-0.008432,92.560000,0.000000,0.000000,25.600000,0.000000,135.097828,-0.008432,2.537842,B,100,40,132.537828,-0.008432,132.537828,-0.008432,0.023721,0.023721
51.000000,5.300000,5.200000,135.135000,0.000000,42.599663,0.033270,95.135000,0.000000,0.000000,25.900000,0.000000,137.734663,0.033270,2.599875,B,100,40,135.144663,0.033270,135.144663,0.033270,0.034645,0.034645
52.000000,5.400000,5.300000,137.740000,0.000000,42.558461,0.001969,97.740000,0.000000,0.000000,26.200000,0.000000,140.298461,0.001969,2.558462,B,100,40,137.678461,0.001969,137.678461,0.001969,0.061571,0.061571
53.000000,5.500000,5.400000,140.375000,0.000000,42.629928,-0.014609,100.375000,0.000000,0.000000,26.500000,0.000000,143.004928,-0.014609,2.629968,B,100,40,140.354928,-0.014609,140.354928,-0.014609,0.024826,0.024826
54.000000,5.600000,5.500000,143.040000,0.000000,42.659421,0.002133,103.040000,0.000000,0.000000,26.800000,0.000000,145.699421,0.002133,2.659422,B,100,40,143.019421,0.002133,143.019421,0.002133,0.020689,0.020689
55.000000,5.700000,5.600000,145.735000,0.000000,42.701645,-0.001449,105.735000,0.000000,0.000000,27.100000,0.000000,148.436645,-0.001449,2.701645,B,100,40,145.726645,-0.001449,145.726645,-0.001449,0.008480,0.008480
56.000000,5.800000,5.700000,148.460000,0.000000,42.711131,-0.026484,108.460000,0.000000,0.000000,27.400000,0.000000,151.171131,-0.026484,2.711261,B,100,40,148.431131,-0.026484,148.431131,-0.026484,0.039176,0.039176
57.000000,5.900000,5.800000,151.215000,0.000000,42.733906,-0.001215,111.215000,0.000000,0.000000,27.700000,0.000000,153.948906,-0.001215,2.733906,B,100,40,151.178906,-0.001215,151.178906,-0.001215,0.036115,0.036115
58.000000,6.000000,5.900000,154.000000,0.000000,42.775013,-0.020150,114.000000,0.000000,0.000000,28.000000,0.000000,156.775013,-0.020150,2.775086,B,100,40,153.975013,-0.020150,153.975013,-0.020150,0.032099,0.032099
59.000000,6.100000,6.000000,156.815000,0.000000,42.813457,-0.008390,116.815000,0.000000,0.000000,28.300000,0.000000,159.628457,-0.008390,2.813469,B,100,40,156.798457,-0.008390,156.798457,-0.008390,0.018549,0.018549
60.000000,6.200000,6.100000,159.660000,0.000000,42.810300,-0.024891,119.660000,0.000000,0.000000,28.600000,0.000000,162.470300,-0.024891,2.810411,B,100,40,159.610300,-0.024891,159.610300,-0.024891,0.055584,0.055584
61.000000,6.300000,6.200000,162.535000,0.000000,42.860700,0.016144,122.535000,0.000000,0.000000,28.900000,0.000000,165.395700,0.016144,2.860746,B,100,40,162.505700,0.016144,162.505700,0.016144,0.033453,0.033453
62.000000,6.400000,6.300000,165.440000,0.000000,42.930628,0.005314,125.440000,0.000000,0.000000,29.200000,0.000000,168.370628,0.005314,2.930633,B,100,40,165.450628,0.005314,165.450628,0.005314,0.011882,0.011882
63.000000,6.500000,6.400000,168.375000,0.000000,42.937759,-0.035537,128.375000,0.000000,0.000000,29.500000,0.000000,171.312759,-0.035537,2.937974,B,100,40,168.362759,-0.035537,168.362759,-0.035537,0.037586,0.037586
64.000000,6.600000,6.500000,171.340000,0.000000,42.990969,-0.031114,131.340000,0.000000,0.000000,29.800000,0.000000,174.330969,-0.031114,2.991131,B,100,40,171.350969,-0.031114,171.350969,-0.031114,0.032991,0.032991
65.000000,6.700000,6.600000,174.335000,0.000000,43.005984,-0.008367,134.335000,0.000000,0.000000,30.100000,0.000000,177.340984,-0.008367,3.005996,B,100,40,174.330984,-0.008367,174.330984,-0.008367,0.009280,0.009280
66.000000,6.800000,6.700000,177.360000,0.000000,43.062757,-0.014754,137.360000,0.000000,0.000000,30.400000,0.000000,180.422757,-0.014754,3.062792,B,100,40,177.382757,-0.014754,177.382757,-0.014754,0.027121,0.027121
67.000000,6.900000,6.800000,180.415000,0.000000,43.075157,-0.008023,140.415000,0.000000,0.000000,30.700000,0.000000,183.490157,-0.008023,3.075168,B,100,40,180.420157,-0.008023,180.420157,-0.008023,0.009537,0.009537
68.000000,7.000000,6.900000,183.500000,0.000000,43.054871,-0.006967,143.500000,0.000000,0.000000,31.000000,0.000000,186.554871,-0.006967,3.054879,B,100,40,183.454871,-0.006967,183.454871,-0.006967,0.045663,0.045663
69.000000,7.100000,7.000000,186.615000,0.000000,43.108201,0.008253,146.615000,0.000000,0.000000,31.300000,0.000000,189.723201,0.008253,3.108212,B,100,40,186.593201,0.008253,186.593201,0.008253,0.023309,0.023309
70.000000,7.200000,7.100000,189.760000,0.000000,43.146668,-0.012020,149.760000,0.000000,0.000000,31.600000,0.000000,192.906668,-0.012020,3.146691,B,100,40,189.746668,-0.012020,189.746668,-0.012020,0.017951,0.017951
71.000000,7.300000,7.200000,192.935000,0.000000,43.113310,0.001851,152.935000,0.000000,0.000000,31.900000,0.000000,196.048310,0.001851,3.113310,B,100,40,192.858310,0.001851,192.858310,0.001851,0.076713,0.076713
72.000000,7.400000,7.300000,196.140000,0.000000,43.222024,0.002153,156.140000,0.000000,0.000000,32.200000,0.000000,199.362024,0.002153,3.222025,B,100,40,196.142024,0.002153,196.142024,0.002153,0.002955,0.002955
73.000000,7.500000,7.400000,199.375000,0.000000,43.226452,0.001467,159.375000,0.000000,0.000000,32.500000,0.000000,202.601452,0.001467,3.226452,B,100,40,199.351452,0.001467,199.351452,0.001467,0.023594,0.023594
74.000000,7.600000,7.500000,202.640000,0.000000,43.296990,0.010638,162.640000,0.000000,0.000000,32.800000,0.000000,205.936990,0.010638,3.297007,B,100,40,202.656990,0.010638,202.656990,0.010638,0.020046,0.020046
75.000000,7.700000,7.600000,205.935000,0.000000,43.280050,-0.011634,165.935000,0.000000,0.000000,33.100000,0.000000,209.215050,-0.011634,3.280071,B,100,40,205.905050,-0.011634,205.905050,-0.011634,0.032130,0.032130
76.000000,7.800000,7.700000,209.260000,0.000000,43.301551,-0.012005,169.260000,0.000000,0.000000,33.400000,0.000000,212.561551,-0.012005,3.301573,B,100,40,209.221551,-0.012005,209.221551,-0.012005,0.040280,0.040280
77.000000,7.900000,7.800000,212.615000,0.000000,43.349544,0.004348,172.615000,0.000000,0.000000,33.700000,0.000000,215.964544,0.004348,3.349547,B,100,40,212.594544,0.004348,212.594544,0.004348,0.020913,0.020913
78.000000,8.000000,7.900000,216.000000,0.000000,43.384207,-0.006100,176.000000,0.000000,0.000000,34.000000,0.000000,219.384207,-0.006100,3.384213,B,100,40,215.984207,-0.006100,215.984207,-0.006100,0.016930,0.016930
79.000000,8.100000,8.000000,219.415000,0.000000,43.397165,0.009064,179.415000,0.000000,0.000000,34.300000,0.000000,222.812165,0.009064,3.397178,B,100,40,219.382165,0.009064,219.382165,0.009064,0.034063,0.034063
80.000000,8.200000,8.100000,222.860000,0.000000,43.417786,-0.019805,182.860000,0.000000,0.000000,34.600000,0.000000,226.277786,-0.019805,3.417844,B,100,40,222.817786,-0.019805,222.817786,-0.019805,0.046629,0.046629
81.000000,8.300000,8.200000,226.335000,0.000000,43.477779,0.035729,186.335000,0.000000,0.000000,34.900000,0.000000,229.812779,0.035729,3.477962,B,100,40,226.322779,0.035729,226.322779,0.035729,0.037761,0.037761
82.000000,8.400000,8.300000,229.840000,0.000000,43.519116,-0.007457,189.840000,0.000000,0.000000,35.200000,0.000000,233.359116,-0.007457,3.519124,B,100,40,229.839116,-0.007457,229.839116,-0.007457,0.007509,0.007509
83.000000,8.500000,8.400000,233.375000,0.000000,43.535356,-0.017050,193.375000,0.000000,0.000000,35.500000,0.000000,236.910356,-0.017050,3.535397,B,100,40,233.360356,-0.017050,233.360356,-0.017050,0.022476,0.022476
84.000000,8.600000,8.500000,236.940000,0.000000,43.549207,-0.028449,196.940000,0.000000,0.000000,35.800000,0.000000,240.489207,-0.028449,3.549321,B,100,40,236.909207,-0.028449,236.909207,-0.028449,0.041923,0.041923
85.000000,8.700000,8.600000,240.535000,0.000000,43.576680,0.033294,200.535000,0.000000,0.000000,36.100000,0.000000,244.111680,0.033294,3.576835,B,100,40,240.501680,0.033294,240.501680,0.033294,0.047103,0.047103
86.000000,8.800000,8.700000,244.160000,0.000000,43.638402,0.006990,204.160000,0.000000,0.000000,36.400000,0.000000,247.798402,0.006990,3.638409,B,100,40,244.158402,0.006990,244.158402,0.006990,0.007170,0.007170
87.000000,8.900000,8.800000,247.815000,0.000000,43.619481,-0.013134,207.815000,0.000000,0.000000,36.700000,0.000000,251.434481,-0.013134,3.619505,B,100,40,247.764481,-0.013134,247.764481,-0.013134,0.052198,0.052198
88.000000,9.000000,8.900000,251.500000,0.000000,43.681362,-0.007730,211.500000,0.000000,0.000000,37.000000,0.000000,255.181362,-0.007730,3.681370,B,100,40,251.481362,-0.007730,251.481362,-0.007730,0.020177,0.020177
89.000000,9.100000,9.000000,255.215000,0.000000,43.716220,0.013608,215.215000,0.000000,0.000000,37.300000,0.000000,258.931220,0.013608,3.716244,B,100,40,255.201220,0.013608,255.201220,0.013608,0.019367,0.019367
90.000000,9.200000,9.100000,258.960000,0.000000,43.744360,-0.017664,218.960000,0.000000,0.000000,37.600000,0.000000,262.704360,-0.017664,3.744402,B,100,40,258.944360,-0.017664,258.944360,-0.017664,0.023593,0.023593
91.000000,9.300000,9.200000,262.735000,0.000000,43.778288,-0.009618,222.735000,0.000000,0.000000,37.900000,0.000000,266.513288,-0.009618,3.778301,B,100,40,262.723288,-0.009618,262.723288,-0.009618,0.015155,0.015155
92.000000,9.400000,9.300000,266.540000,0.000000,43.788242,-0.000481,226.540000,0.000000,0.000000,38.200000,0.000000,270.328242,-0.000481,3.788242,B,100,40,266.508242,-0.000481,266.508242,-0.000481,0.031761,0.031761
93.000000,9.500000,9.400000,270.375000,0.000000,43.831971,0.035519,230.375000,0.000000,0.000000,38.500000,0.000000,274.206971,0.035519,3.832136,B,100,40,270.356971,0.035519,270.356971,0.035519,0.039833,0.039833
94.000000,9.600000,9.500000,274.240000,0.000000,43.885909,0.004326,234.240000,0.000000,0.000000,38.800000,0.000000,278.125909,0.004326,3.885912,B,100,40,274.245909,0.004326,274.245909,0.004326,0.007324,0.007324
95.000000,9.700000,9.600000,278.135000,0.000000,43.909182,0.001853,238.135000,0.000000,0.000000,39.100000,0.000000,282.044182,0.001853,3.909183,B,100,40,278.134182,0.001853,278.134182,0.001853,0.002025,0.002025
96.000000,9.800000,9.700000,282.060000,0.000000,43.947192,-0.014957,242.060000,0.000000,0.000000,39.400000,0.000000,286.007192,-0.014957,3.947220,B,100,40,282.067192,-0.014957,282.067192,-0.014957,0.016596,0.016596
97.000000,9.900000,9.800000,286.015000,0.000000,43.966866,0.036485,246.015000,0.000000,0.000000,39.700000,0.000000,289.981866,0.036485,3.967033,B,100,40,286.011866,0.036485,286.011866,0.036485,0.036620,0.036620
98.000000,10.000000,9.900000,290.000000,0.000000,43.977926,0.000936,250.000000,0.000000,0.000000,40.000000,0.000000,293.977926,0.000936,3.977926,B,100,40,289.977926,0.000936,289.977926,0.000936,0.022094,0.022094
99.000000,10.100000,10.000000,294.015000,0.000000,44.004906,0.010608,254.015000,0.000000,0.000000,40.300000,0.000000,298.019906,0.010608,4.004920,B,100,40,293.989906,0.010608,293.989906,0.010608,0.027244,0.027244
0.000000,0.200000,0.050000,12.060000,0.000000,11.565947,-0.004708,2.060000,0.000000,0.000000,10.600000,0.000000,13.625947,-0.004708,1.565954,B,150,10,12.035947,-0.004708,12.035947,-0.004708,0.024510,0.024510
1.000000,0.300000,0.150000,13.135000,0.000000,11.621288,0.002829,3.135000,0.000000,0.000000,10.900000,0.000000,14.756288,0.002829,1.621290,B,150,10,13.121288,0.002829,13.121288,0.002829,0.014001,0.014001
2.000000,0.400000,0.250000,14.240000,0.000000,11.655127,-0.022096,4.240000,0.000000,0.000000,11.200000,0.000000,15.895127,-0.022096,1.655274,B,150,10,14.215127,-0.022096,14.215127,-0.022096,0.033270,0.033270
3.000000,0.500000,0.350000,15.375000,0.000000,11.698229,0.016625,5.375000,0.000000,0.000000,11.500000,0.000000,17.073229,0.016625,1.698311,B,150,10,15.348229,0.016625,15.348229,0.016625,0.031513,0.031513
4.000000,0.600000,0.450000,16.540000,0.000000,11.736921,0.015936,6.540000,0.000000,0.000000,11.800000,0.000000,18.276921,0.015936,1.736995,B,150,10,16.506921,0.015936,16.506921,0.015936,0.036717,0.036717
5.000000,0.700000,0.550000,17.735000,0.000000,11.786601,0.001858,7.735000,0.000000,0.000000,12.100000,0.000000,19.521601,0.001858,1.786602,B,150,10,17.706601,0.001858,17.706601,0.001858,0.028460,0.028460
6.000000,0.800000,0.650000,18.960000,0.000000,11.826652,0.019219,8.960000,0.000000,0.000000,12.400000,0.000000,20.786652,0.019219,1.826753,B,150,10,18.926652,0.019219,18.926652,0.019219,0.038490,0.038490
7.000000,0.900000,0.750000,20.215000,0.000000,11.859812,0.007870,10.215000,0.000000,0.000000,12.700000,0.000000,22.074812,0.007870,1.859829,B,150,10,20.169812,0.007870,20.169812,0.007870,0.045868,0.045868
8.000000,1.000000,0.850000,21.500000,0.000000,11.912196,-0.011992,11.500000,0.000000,0.000000,13.000000,0.000000,23.412196,-0.011992,1.912234,B,150,10,21.462196,-0.011992,21.462196,-0.011992,0.039660,0.039660
9.000000,1.100000,0.950000,22.815000,0.000000,11.973126,-0.006420,12.815000,0.000000,0.000000,13.300000,0.000000,24.788126,-0.006420,1.973137,B,150,10,22.793126,-0.006420,22.793126,-0.006420,0.022796,0.022796
10.000000,1.200000,1.050000,24.160000,0.000000,11.982239,-0.000964,14.160000,0.000000,0.000000,13.600000,0.000000,26.142239,-0.000964,1.982239,B,150,10,24.102239,-0.000964,24.102239,-0.000964,0.057769,0.057769
11.000000,1.300000,1.150000,25.535000,0.000000,12.045842,-0.006361,15.535000,0.000000,0.000000,13.900000,0.000000,27.580842,-0.006361,2.045852,B,150,10,25.495842,-0.006361,25.495842,-0.006361,0.039671,0.039671
12.000000,1.400000,1.250000,26.940000,0.000000,12.063107,-0.011710,16.940000,0.000000,0.000000,14.200000,0.000000,29.003107,-0.011710,2.063141,B,150,10,26.873107,-0.011710,26.873107,-0.011710,0.067910,0.067910
13.000000,1.500000,1.350000,28.375000,0.000000,12.124880,0.001077,18.375000,0.000000,0.000000,14.500000,0.000000,30.499880,0.001077,2.124880,B,150,10,28.324880,0.001077,28.324880,0.001077,0.050132,0.050132
14.000000,1.600000,1.450000,29.840000,0.000000,12.227294,-0.011836,19.840000,0.000000,0.000000,14.800000,0.000000,32.067294,-0.011836,2.227325,B,150,10,29.847294,-0.011836,29.847294,-0.011836,0.013903,0.013903
15.000000,1.700000,1.550000,31.335000,0.000000,12.214166,-0.003560,21.335000,0.000000,0.000000,15.100000,0.000000,33.549166,-0.003560,2.214169,B,150,10,31.284166,-0.003560,31.284166,-0.003560,0.050959,0.050959
16.000000,1.800000,1.650000,32.860000,0.000000,12.291779,0.007660,22.860000,0.000000,0.000000,15.400000,0.000000,35.151779,0.007660,2.291792,B,150,10,32.841779,0.007660,32.841779,0.007660,0.019765,0.019765
17.000000,1.900000,1.750000,34.415000,0.000000,12.319267,0.044408,24.415000,0.000000,0.000000,15.700000,0.000000,36.734267,0.044408,2.319692,B,150,10,34.379267,0.044408,34.379267,0.044408,0.056999,0.056999
18.000000,2.000000,1.850000,36.000000,0.000000,12.405984,-0.009037,26.000000,0.000000,0.000000,16.000000,0.000000,38.405984,-0.009037,2.406001,B,150,10,36.005984,-0.009037,36.005984,-0.009037,0.010839,0.010839
19.000000,2.100000,1.950000,37.615000,0.000000,12.445187,-0.022180,27.615000,0.000000,0.000000,16.300000,0.000000,40.060187,-0.022180,2.445288,B,150,10,37.615187,-0.022180,37.615187,-0.022180,0.022180,0.022180
20.000000,2.200000,2.050000,39.260000,0.000000,12.440515,-0.006284,29.260000,0.000000,0.000000,16.600000,0.000000,41.700515,-0.006284,2.440523,B,150,10,39.210515,-0.006284,39.210515,-0.006284,0.049882,0.049882
21.000000,2.300000,2.150000,40.935000,0.000000,12.538942,0.006483,30.935000,0.000000,0.000000,16.900000,0.000000,43.473942,0.006483,2.538951,B,150,10,40.938942,0.006483,40.938942,0.006483,0.007587,0.007587
22.000000,2.400000,2.250000,42.640000,0.000000,12.568488,-0.014957,32.640000,0.000000,0.000000,17.200000,0.000000,45.208488,-0.014957,2.568532,B,150,10,42.628488,-0.014957,42.628488,-0.014957,0.018874,0.018874
23.000000,2.500000,2.350000,44.375000,0.000000,12.569036,-0.026902,34.375000,0.000000,0.000000,17.500000,0.000000,46.944036,-0.026902,2.569177,B,150,10,44.319036,-0.026902,44.319036,-0.026902,0.062095,0.062095
24.000000,2.600000,2.450000,46.140000,0.000000,12.584757,0.017426,36.140000,0.000000,0.000000,17.800000,0.000000,48.724757,0.017426,2.584815,B,150,10,46.054757,0.017426,46.054757,0.017426,0.087006,0.087006
25.000000,2.700000,2.550000,47.935000,0.000000,12.701056,0.010343,37.935000,0.000000,0.000000,18.100000,0.000000,50.636056,0.010343,2.701076,B,150,10,47.921056,0.010343,47.921056,0.010343,0.017361,0.017361
26.000000,2.800000,2.650000,49.760000,0.000000,12.698162,0.019232,39.760000,0.000000,0.000000,18.400000,0.000000,52.458162,0.019232,2.698230,B,150,10,49.698162,0.019232,49.698162,0.019232,0.064760,0.064760
27.000000,2.900000,2.750000,51.615000,0.000000,12.780861,0.010848,41.615000,0.000000,0.000000,18.700000,0.000000,54.395861,0.010848,2.780882,B,150,10,51.590861,0.010848,51.590861,0.010848,0.026464,0.026464
28.000000,3.000000,2.850000,53.500000,0.000000,12.794045,0.059511,43.500000,0.000000,0.000000,19.000000,0.000000,56.294045,0.059511,2.794679,B,150,10,53.444045,0.059511,53.444045,0.059511,0.081685,0.081685
29.000000,3.100000,2.950000,55.415000,0.000000,12.874410,-0.016426,45.415000,0.000000,0.000000,19.300000,0.000000,58.289410,-0.016426,2.874457,B,150,10,55.394410,-0.016426,55.394410,-0.016426,0.026339,0.026339
30.000000,3.200000,3.050000,57.360000,0.000000,12.928304,-0.024198,47.360000,0.000000,0.000000,19.600000,0.000000,60.288304,-0.024198,2.928404,B,150,10,57.348304,-0.024198,57.348304,-0.024198,0.026877,0.026877
31.000000,3.300000,3.150000,59.335000,0.000000,12.958025,0.029869,49.335000,0.000000,0.000000,19.900000,0.000000,62.293025,0.029869,2.958175,B,150,10,59.308025,0.029869,59.308025,0.029869,0.040247,0.040247
32.000000,3.400000,3.250000,61.340000,0.000000,12.987904,-0.012794,51.340000,0.000000,0.000000,20.200000,0.000000,64.327904,-0.012794,2.987932,B,150,10,61.297904,-0.012794,61.297904,-0.012794,0.043997,0.043997
33.000000,3.500000,3.350000,63.375000,0.000000,13.014358,0.001468,53.375000,0.000000,0.000000,20.500000,0.000000,66.389358,0.001468,3.014359,B,150,10,63.314358,0.001468,63.314358,0.001468,0.060660,0.060660
34.000000,3.600000,3.450000,65.440000,0.000000,13.052765,0.008706,55.440000,0.000000,0.000000,20.800000,0.000000,68.492765,0.008706,3.052778,B,150,10,65.372765,0.008706,65.372765,0.008706,0.067796,0.067796
35.000000,3.700000,3.550000,67.535000,0.000000,13.081507,-0.004678,57.535000,0.000000,0.000000,21.100000,0.000000,70.616507,-0.004678,3.081511,B,150,10,67.451507,-0.004678,67.451507,-0.004678,0.083624,0.083624
36.000000,3.800000,3.650000,69.660000,0.000000,13.155098,-0.003428,59.660000,0.000000,0.000000,21.400000,0.000000,72.815098,-0.003428,3.155100,B,150,10,69.605098,-0.003428,69.605098,-0.003428,0.055009,0.055009
37.000000,3.900000,3.750000,71.815000,0.000000,13.231289,0.006064,61.815000,0.000000,0.000000,21.700000,0.000000,75.046289,0.006064,3.231294,B,150,10,71.791289,0.006064,71.791289,0.006064,0.024475,0.024475
38.000000,4.000000,3.850000,74.000000,0.000000,13.259049,0.012064,64.000000,0.000000,0.000000,22.000000,0.000000,77.259049,0.012064,3.259071,B,150,10,73.959049,0.012064,73.959049,0.012064,0.042692,0.042692
39.000000,4.100000,3.950000,76.215000,0.000000,13.285138,0.003257,66.215000,0.000000,0.000000,22.300000,0.000000,79.500138,0.003257,3.285140,B,150,10,76.155138,0.003257,76.155138,0.003257,0.059950,0.059950
40.000000,4.200000,4.050000,78.460000,0.000000,13.378629,0.017409,68.460000,0.000000,0.000000,22.600000,0.000000,81.838629,0.017409,3.378674,B,150,10,78.448629,0.017409,78.448629,0.017409,0.020793,0.020793
41.000000,4.300000,4.150000,80.735000,0.000000,13.380190,0.009388,70.735000,0.000000,0.000000,22.900000,0.000000,84.115190,0.009388,3.380203,B,150,10,80.680190,0.009388,80.680190,0.009388,0.055608,0.055608
42.000000,4.400000,4.250000,83.040000,0.000000,13.444158,-0.025792,73.040000,0.000000,0.000000,23.200000,0.000000,86.484158,-0.025792,3.444255,B,150,10,83.004158,-0.025792,83.004158,-0.025792,0.044157,0.044157
43.000000,4.500000,4.350000,85.375000,0.000000,13.477731,0.012778,75.375000,0.000000,0.000000,23.500000,0.000000,88.852731,0.012778,3.477754,B,150,10,85.327731,0.012778,85.327731,0.012778,0.048966,0.048966
44.000000,4.600000,4.450000,87.740000,0.000000,13.537689,-0.036683,77.740000,0.000000,0.000000,23.800000,0.000000,91.277689,-0.036683,3.537880,B,150,10,87.707689,-0.036683,87.707689,-0.036683,0.048883,0.048883
45.000000,4.700000,4.550000,90.135000,0.000000,13.562673,-0.003176,80.135000,0.000000,0.000000,24.100000,0.000000,93.697673,-0.003176,3.562675,B,150,10,90.082673,-0.003176,90.082673,-0.003176,0.052423,0.052423
46.000000,4.800000,4.650000,92.560000,0.000000,13.599478,-0.003957,82.560000,0.000000,0.000000,24.400000,0.000000,96.159478,-0.003957,3.599480,B,150,10,92.499478,-0.003957,92.499478,-0.003957,0.060652,0.060652
47.000000,4.900000,4.750000,95.015000,0.000000,13.700007,-0.028020,85.015000,0.000000,0.000000,24.700000,0.000000,98.715007,-0.028020,3.700113,B,150,10,95.010007,-0.028020,95.010007,-0.028020,0.028462,0.028462
48.000000,5.000000,4.850000,97.500000,0.000000,13.714577,-0.013604,87.500000,0.000000,0.000000,25.000000,0.000000,101.214577,-0.013604,3.714602,B,150,10,97.464577,-0.013604,97.464577,-0.013604,0.037946,0.037946
49.000000,5.100000,4.950000,100.015000,0.000000,13.749991,0.005674,90.015000,0.000000,0.000000,25.300000,0.000000,103.764991,0.005674,3.749995,B,150,10,99.969991,0.005674,99.969991,0.005674,0.045366,0.045366
50.000000,5.200000,5.050000,102.560000,0.000000,13.823412,0.004622,92.560000,0.000000,0.000000,25.600000,0.000000,106.383412,0.004622,3.823415,B,150,10,102.543412,0.004622,102.543412,0.004622,0.017220,0.017220
51.000000,5.300000,5.150000,105.135000,0.000000,13.850323,0.063646,95.135000,0.000000,0.000000,25.900000,0.000000,108.985323,0.063646,3.850849,B,150,10,105.100323,0.063646,105.100323,0.063646,0.072480,0.072480
52.000000,5.400000,5.250000,107.740000,0.000000,13.879667,-0.009501,97.740000,0.000000,0.000000,26.200000,0.000000,111.619667,-0.009501,3.879679,B,150,10,107.689667,-0.009501,107.689667,-0.009501,0.051222,0.051222
53.000000,5.500000,5.350000,110.375000,0.000000,13.924202,0.027810,100.375000,0.000000,0.000000,26.500000,0.000000,114.299202,0.027810,3.924300,B,150,10,110.324202,0.027810,110.324202,0.027810,0.057912,0.057912
54.000000,5.600000,5.450000,113.040000,0.000000,13.993424,-0.019338,103.040000,0.000000,0.000000,26.800000,0.000000,117.033424,-0.019338,3.993471,B,150,10,113.013424,-0.019338,113.013424,-0.019338,0.032867,0.032867
55.000000,5.700000,5.550000,115.735000,0.000000,14.036994,-0.023064,105.735000,0.000000,0.000000,27.100000,0.000000,119.771994,-0.023064,4.037060,B,150,10,115.706994,-0.023064,115.706994,-0.023064,0.036280,0.036280
56.000000,5.800000,5.650000,118.460000,0.000000,14.052603,-0.007261,108.460000,0.000000,0.000000,27.400000,0.000000,122.512603,-0.007261,4.052610,B,150,10,118.402603,-0.007261,118.402603,-0.007261,0.057854,0.057854
57.000000,5.900000,5.750000,121.215000,0.000000,14.078313,0.008208,111.215000,0.000000,0.000000,27.700000,0.000000,125.293313,0.008208,4.078321,B,150,10,121.138313,0.008208,121.138313,0.008208,0.077125,0.077125
58.000000,6.000000,5.850000,124.000000,0.000000,14.159188,0.024027,114.000000,0.000000,0.000000,28.000000,0.000000,128.159188,0.024027,4.159258,B,150,10,123.959188,0.024027,123.959188,0.024027,0.047359,0.047359
59.000000,6.100000,5.950000,126.815000,0.000000,14.214147,0.015454,116.815000,0.000000,0.000000,28.300000,0.000000,131.029147,0.015454,4.214175,B,150,10,126.784147,0.015454,126.784147,0.015454,0.034507,0.034507
60.000000,6.200000,6.050000,129.660000,0.000000,14.237118,-0.011940,119.660000,0.000000,0.000000,28.600000,0.000000,133.897118,-0.011940,4.237135,B,150,10,129.607118,-0.011940,129.607118,-0.011940,0.054213,0.054213
61.000000,6.300000,6.150000,132.535000,0.000000,14.308370,-0.014782,122.535000,0.000000,0.000000,28.900000,0.000000,136.843370,-0.014782,4.308395,B,150,10,132.508370,-0.014782,132.508370,-0.014782,0.030458,0.030458
62.000000,6.400000,6.250000,135.440000,0.000000,14.366681,0.008278,125.440000,0.000000,0.000000,29.200000,0.000000,139.806681,0.008278,4.366689,B,150,10,135.426681,0.008278,135.426681,0.008278,0.015682,0.015682
63.000000,6.500000,6.350000,138.375000,0.000000,14.401128,-0.014723,128.375000,0.000000,0.000000,29.500000,0.000000,142.776128,-0.014723,4.401153,B,150,10,138.351128,-0.014723,138.351128,-0.014723,0.028047,0.028047
64.000000,6.600000,6.450000,141.340000,0.000000,14.433024,0.056876,131.340000,0.000000,0.000000,29.800000,0.000000,145.773024,0.056876,4.433389,B,150,10,141.303024,0.056876,141.303024,0.056876,0.067839,0.067839
65.000000,6.700000,6.550000,144.335000,0.000000,14.484732,-0.004676,134.335000,0.000000,0.000000,30.100000,0.000000,148.819732,-0.004676,4.484734,B,150,10,144.304732,-0.004676,144.304732,-0.004676,0.030627,0.030627
66.000000,6.800000,6.650000,147.360000,0.000000,14.532319,0.023718,137.360000,0.000000,0.000000,30.400000,0.000000,151.892319,0.023718,4.532381,B,150,10,147.332319,0.023718,147.332319,0.023718,0.036452,0.036452
67.000000,6.900000,6.750000,150.415000,0.000000,14.561695,0.040851,140.415000,0.000000,0.000000,30.700000,0.000000,154.976695,0.040851,4.561877,B,150,10,150.371695,0.040851,150.371695,0.040851,0.059533,0.059533
68.000000,7.000000,6.850000,153.500000,0.000000,14.649801,0.003971,143.500000,0.000000,0.000000,31.000000,0.000000,158.149801,0.003971,4.649803,B,150,10,153.499801,0.003971,153.499801,0.003971,0.003976,0.003976
69.000000,7.100000,6.950000,156.615000,0.000000,14.654927,-0.016944,146.615000,0.000000,0.000000,31.300000,0.000000,161.269927,-0.016944,4.654958,B,150,10,156.574927,-0.016944,156.574927,-0.016944,0.043508,0.043508
70.000000,7.200000,7.050000,159.760000,0.000000,14.702249,-0.013574,149.760000,0.000000,0.000000,31.600000,0.000000,164.462249,-0.013574,4.702269,B,150,10,159.722249,-0.013574,159.722249,-0.013574,0.040117,0.040117
71.000000,7.300000,7.150000,162.935000,0.000000,14.761672,-0.007617,152.935000,0.000000,0.000000,31.900000,0.000000,167.696672,-0.007617,4.761678,B,150,10,162.911672,-0.007617,162.911672,-0.007617,0.024540,0.024540
72.000000,7.400000,7.250000,166.140000,0.000000,14.812614,0.037979,156.140000,0.000000,0.000000,32.200000,0.000000,170.952614,0.037979,4.812764,B,150,10,166.122614,0.037979,166.122614,0.037979,0.041769,0.041769
73.000000,7.500000,7.350000,169.375000,0.000000,14.835390,0.010212,159.375000,0.000000,0.000000,32.500000,0.000000,174.210390,0.010212,4.835400,B,150,10,169.335390,0.010212,169.335390,0.010212,0.040906,0.040906
74.000000,7.600000,7.450000,172.640000,0.000000,14.869987,-0.001966,162.640000,0.000000,0.000000,32.800000,0.000000,177.509987,-0.001966,4.869987,B,150,10,172.589987,-0.001966,172.589987,-0.001966,0.050052,0.050052
75.000000,7.700000,7.550000,175.935000,0.000000,14.944666,-0.001787,165.935000,0.000000,0.000000,33.100000,0.000000,180.879666,-0.001787,4.944666,B,150,10,175.914666,-0.001787,175.914666,-0.001787,0.020412,0.020412
76.000000,7.800000,7.650000,179.260000,0.000000,14.956478,-0.012866,169.260000,0.000000,0.000000,33.400000,0.000000,184.216478,-0.012866,4.956494,B,150,10,179.206478,-0.012866,179.206478,-0.012866,0.055047,0.055047
77.000000,7.900000,7.750000,182.615000,0.000000,15.074024,-0.014875,172.615000,0.000000,0.000000,33.700000,0.000000,187.689024,-0.014875,5.074046,B,150,10,182.634024,-0.014875,182.634024,-0.014875,0.024149,0.024149
78.000000,8.000000,7.850000,186.000000,0.000000,15.067044,-0.003923,176.000000,0.000000,0.000000,34.000000,0.000000,191.067044,-0.003923,5.067046,B,150,10,185.967044,-0.003923,185.967044,-0.003923,0.033188,0.033188
79.000000,8.100000,7.950000,189.415000,0.000000,15.153932,-0.003519,179.415000,0.000000,0.000000,34.300000,0.000000,194.568932,-0.003519,5.153933,B,150,10,189.423932,-0.003519,189.423932,-0.003519,0.009600,0.009600
80.000000,8.200000,8.050000,192.860000,0.000000,15.152765,-0.003091,182.860000,0.000000,0.000000,34.600000,0.000000,198.012765,-0.003091,5.152766,B,150,10,192.822765,-0.003091,192.822765,-0.003091,0.037363,0.037363
81.000000,8.300000,8.150000,196.335000,0.000000,15.200133,-0.001923,186.335000,0.000000,0.000000,34.900000,0.000000,201.535133,-0.001923,5.200134,B,150,10,196.300133,-0.001923,196.300133,-0.001923,0.034920,0.034920
82.000000,8.400000,8.250000,199.840000,0.000000,15.254704,0.000144,189.840000,0.000000,0.000000,35.200000,0.000000,205.094704,0.000144,5.254704,B,150,10,199.814704,0.000144,199.814704,0.000144,0.025297,0.025297
83.000000,8.500000,8.350000,203.375000,0.000000,15.249713,-0.003998,193.375000,0.000000,0.000000,35.500000,0.000000,208.624713,-0.003998,5.249714,B,150,10,203.299713,-0.003998,203.299713,-0.003998,0.075393,0.075393
84.000000,8.600000,8.450000,206.940000,0.000000,15.370548,-0.012263,196.940000,0.000000,0.000000,35.800000,0.000000,212.310548,-0.012263,5.370562,B,150,10,206.940548,-0.012263,206.940548,-0.012263,0.012275,0.012275
85.000000,8.700000,8.550000,210.535000,0.000000,15.378753,0.021979,200.535000,0.000000,0.000000,36.100000,0.000000,215.913753,0.021979,5.378798,B,150,10,210.498753,0.021979,210.498753,0.021979,0.042391,0.042391
86.000000,8.800000,8.650000,214.160000,0.000000,15.427305,0.015005,204.160000,0.000000,0.000000,36.400000,0.000000,219.587305,0.015005,5.427326,B,150,10,214.127305,0.015005,214.127305,0.015005,0.035973,0.035973
87.000000,8.900000,8.750000,217.815000,0.000000,15.489377,-0.041223,207.815000,0.000000,0.000000,36.700000,0.000000,223.304377,-0.041223,5.489532,B,150,10,217.799377,-0.041223,217.799377,-0.041223,0.044085,0.044085
88.000000,9.000000,8.850000,221.500000,0.000000,15.532105,-0.011322,211.500000,0.000000,0.000000,37.000000,0.000000,227.032105,-0.011322,5.532116,B,150,10,221.482105,-0.011322,221.482105,-0.011322,0.021176,0.021176
89.000000,9.100000,8.950000,225.215000,0.000000,15.551153,-0.020327,215.215000,0.000000,0.000000,37.300000,0.000000,230.766153,-0.020327,5.551190,B,150,10,225.171153,-0.020327,225.171153,-0.020327,0.048330,0.048330
90.000000,9.200000,9.050000,228.960000,0.000000,15.612006,0.001656,218.960000,0.000000,0.000000,37.600000,0.000000,234.572006,0.001656,5.612006,B,150,10,228.932006,0.001656,228.932006,0.001656,0.028043,0.028043
91.000000,9.300000,9.150000,232.735000,0.000000,15.668005,0.004281,222.735000,0.000000,0.000000,37.900000,0.000000,238.403005,0.004281,5.668007,B,150,10,232.718005,0.004281,232.718005,0.004281,0.017526,0.017526
92.000000,9.400000,9.250000,236.540000,0.000000,15.698471,-0.018577,226.540000,0.000000,0.000000,38.200000,0.000000,242.238471,-0.018577,5.698501,B,150,10,236.508471,-0.018577,236.508471,-0.018577,0.036595,0.036595
93.000000,9.500000,9.350000,240.375000,0.000000,15.745797,0.028222,230.375000,0.000000,0.000000,38.500000,0.000000,246.120797,0.028222,5.745866,B,150,10,240.345797,0.028222,240.345797,0.028222,0.040612,0.040612
94.000000,9.600000,9.450000,244.240000,0.000000,15.810503,-0.021551,234.240000,0.000000,0.000000,38.800000,0.000000,250.050503,-0.021551,5.810543,B,150,10,244.230503,-0.021551,244.230503,-0.021551,0.023551,0.023551
95.000000,9.700000,9.550000,248.135000,0.000000,15.822110,-0.004191,238.135000,0.000000,0.000000,39.100000,0.000000,253.957110,-0.004191,5.822111,B,150,10,248.092110,-0.004191,248.092110,-0.004191,0.043095,0.043095
96.000000,9.800000,9.650000,252.060000,0.000000,15.877152,-0.011494,242.060000,0.000000,0.000000,39.400000,0.000000,257.937152,-0.011494,5.877164,B,150,10,252.027152,-0.011494,252.027152,-0.011494,0.034801,0.034801
97.000000,9.900000,9.750000,256.015000,0.000000,15.930367,0.005919,246.015000,0.000000,0.000000,39.700000,0.000000,261.945367,0.005919,5.930370,B,150,10,255.990367,0.005919,255.990367,0.005919,0.025334,0.025334
98.000000,10.000000,9.850000,260.000000,0.000000,15.954427,0.006183,250.000000,0.000000,0.000000,40.000000,0.000000,265.954427,0.006183,5.954431,B,150,10,259.954427,0.006183,259.954427,0.006183,0.045990,0.045990
99.000000,10.100000,9.950000,264.015000,0.000000,16.033710,-0.001527,254.015000,0.000000,0.000000,40.300000,0.000000,270.048710,-0.001527,6.033710,B,150,10,264.003710,-0.001527,264.003710,-0.001527,0.011393,0.011393
0.000000,0.200000,0.050000,22.060000,0.000000,21.548641,0.014694,2.060000,0.000000,0.000000,10.600000,0.000000,23.608641,0.014694,1.548711,B,150,20,22.018641,0.014694,22.018641,0.014694,0.043892,0.043892
1.000000,0.300000,0.150000,23.135000,0.000000,21.610672,0.016081,3.135000,0.000000,0.000000,10.900000,0.000000,24.745672,0.016081,1.610752,B,150,20,23.110672,0.016081,23.110672,0.016081,0.029162,0.029162
2.000000,0.400000,0.250000,24.240000,0.000000,21.621835,0.027130,4.240000,0.000000,0.000000,11.200000,0.000000,25.861835,0.027130,1.622061,B,150,20,24.181835,0.027130,24.181835,0.027130,0.064181,0.064181
3.000000,0.500000,0.350000,25.375000,0.000000,21.709299,0.012414,5.375000,0.000000,0.000000,11.500000,0.000000,27.084299,0.012414,1.709344,B,150,20,25.359299,0.012414,25.359299,0.012414,0.020016,0.020016
4.000000,0.600000,0.450000,26.540000,0.000000,21.726362,0.005179,6.540000,0.000000,0.000000,11.800000,0.000000,28.266362,0.005179,1.726369,B,150,20,26.496362,0.005179,26.496362,0.005179,0.043945,0.043945
5.000000,0.700000,0.550000,27.735000,0.000000,21.795622,-0.014961,7.735000,0.000000,0.000000,12.100000,0.000000,29.530622,-0.014961,1.795685,B,150,20,27.715622,-0.014961,27.715622,-0.014961,0.024481,0.024481
6.000000,0.800000,0.650000,28.960000,0.000000,21.810825,-0.003485,8.960000,0.000000,0.000000,12.400000,0.000000,30.770825,-0.003485,1.810828,B,150,20,28.910825,-0.003485,28.910825,-0.003485,0.049298,0.049298
7.000000,0.900000,0.750000,30.215000,0.000000,21.882455,-0.020767,10.215000,0.000000,0.000000,12.700000,0.000000,32.097455,-0.020767,1.882570,B,150,20,30.192455,-0.020767,30.192455,-0.020767,0.030652,0.030652
8.000000,1.000000,0.850000,31.500000,0.000000,21.922966,0.012984,11.500000,0.000000,0.000000,13.000000,0.000000,33.422966,0.012984,1.923010,B,150,20,31.472966,0.012984,31.472966,0.012984,0.029990,0.029990
9.000000,1.100000,0.950000,32.815000,0.000000,21.959732,0.000042,12.815000,0.000000,0.000000,13.300000,0.000000,34.774732,0.000042,1.959732,B,150,20,32.779732,0.000042,32.779732,0.000042,0.035268,0.035268
10.000000,1.200000,1.050000,34.160000,0.000000,22.019938,-0.007948,14.160000,0.000000,0.000000,13.600000,0.000000,36.179938,-0.007948,2.019953,B,150,20,34.139938,-0.007948,34.139938,-0.007948,0.021579,0.021579
11.000000,1.300000,1.150000,35.535000,0.000000,22.064904,0.018118,15.535000,0.000000,0.000000,13.900000,0.000000,37.599904,0.018118,2.064983,B,150,20,35.514904,0.018118,35.514904,0.018118,0.027058,0.027058
12.000000,1.400000,1.250000,36.940000,0.000000,22.076124,-0.006272,16.940000,0.000000,0.000000,14.200000,0.000000,39.016124,-0.006272,2.076133,B,150,20,36.886124,-0.006272,36.886124,-0.006272,0.054240,0.054240
13.000000,1.500000,1.350000,38.375000,0.000000,22.123864,0.023682,18.375000,0.000000,0.000000,14.500000,0.000000,40.498864,0.023682,2.123996,B,150,20,38.323864,0.023682,38.323864,0.023682,0.056354,0.056354
14.000000,1.600000,1.450000,39.840000,0.000000,22.181588,-0.036914,19.840000,0.000000,0.000000,14.800000,0.000000,42.021588,-0.036914,2.181900,B,150,20,39.801588,-0.036914,39.801588,-0.036914,0.053274,0.053274
15.000000,1.700000,1.550000,41.335000,0.000000,22.235358,0.006069,21.335000,0.000000,0.000000,15.100000,0.000000,43.570358,0.006069,2.235366,B,150,20,41.305358,0.006069,41.305358,0.006069,0.030257,0.030257
16.000000,1.800000,1.650000,42.860000,0.000000,22.286706,-0.009380,22.860000,0.000000,0.000000,15.400000,0.000000,45.146706,-0.009380,2.286725,B,150,20,42.836706,-0.009380,42.836706,-0.009380,0.025112,0.025112
17.000000,1.900000,1.750000,44.415000,0.000000,22.315480,-0.015661,24.415000,0.000000,0.000000,15.700000,0.000000,46.730480,-0.015661,2.315533,B,150,20,44.375480,-0.015661,44.375480,-0.015661,0.042510,0.042510
18.000000,2.000000,1.850000,46.000000,0.000000,22.417087,0.032900,26.000000,0.000000,0.000000,16.000000,0.000000,48.417087,0.032900,2.417311,B,150,20,46.017087,0.032900,46.017087,0.032900,0.037073,0.037073
19.000000,2.100000,1.950000,47.615000,0.000000,22.380495,-0.001900,27.615000,0.000000,0.000000,16.300000,0.000000,49.995495,-0.001900,2.380495,B,150,20,47.550495,-0.001900,47.550495,-0.001900,0.064533,0.064533
20.000000,2.200000,2.050000,49.260000,0.000000,22.456885,0.034520,29.260000,0.000000,0.000000,16.600000,0.000000,51.716885,0.034520,2.457127,B,150,20,49.226885,0.034520,49.226885,0.034520,0.047836,0.047836
21.000000,2.300000,2.150000,50.935000,0.000000,22.516547,0.019546,30.935000,0.000000,0.000000,16.900000,0.000000,53.451547,0.019546,2.516623,B,150,20,50.916547,0.019546,50.916547,0.019546,0.026880,0.026880
22.000000,2.400000,2.250000,52.640000,0.000000,22.524084,-0.012111,32.640000,0.000000,0.000000,17.200000,0.000000,55.164084,-0.012111,2.524113,B,150,20,52.584084,-0.012111,52.584084,-0.012111,0.057213,0.057213
23.000000,2.500000,2.350000,54.375000,0.000000,22.598372,0.026661,34.375000,0.000000,0.000000,17.500000,0.000000,56.973372,0.026661,2.598508,B,150,20,54.348372,0.026661,54.348372,0.026661,0.037681,0.037681
24.000000,2.600000,2.450000,56.140000,0.000000,22.621869,-0.008969,36.140000,0.000000,0.000000,17.800000,0.000000,58.761869,-0.008969,2.621885,B,150,20,56.091869,-0.008969,56.091869,-0.008969,0.048959,0.048959
25.000000,2.700000,2.550000,57.935000,0.000000,22.692966,-0.024183,37.935000,0.000000,0.000000,18.100000,0.000000,60.627966,-0.024183,2.693075,B,150,20,57.912966,-0.024183,57.912966,-0.024183,0.032715,0.032715
26.000000,2.800000,2.650000,59.760000,0.000000,22.702217,-0.022185,39.760000,0.000000,0.000000,18.400000,0.000000,62.462217,-0.022185,2.702308,B,150,20,59.702217,-0.022185,59.702217,-0.022185,0.061896,0.061896
27.000000,2.900000,2.750000,61.615000,0.000000,22.768342,0.002809,41.615000,0.000000,0.000000,18.700000,0.000000,64.383342,0.002809,2.768343,B,150,20,61.578342,0.002809,61.578342,0.002809,0.036766,0.036766
28.000000,3.000000,2.850000,63.500000,0.000000,22.828113,0.011456,43.500000,0.000000,0.000000,19.000000,0.000000,66.328113,0.011456,2.828136,B,150,20,63.478113,0.011456,63.478113,0.011456,0.024704,0.024704
29.000000,3.100000,2.950000,65.415000,0.000000,22.850689,0.013642,45.415000,0.000000,0.000000,19.300000,0.000000,68.265689,0.013642,2.850722,B,150,20,65.370689,0.013642,65.370689,0.013642,0.046363,0.046363
30.000000,3.200000,3.050000,67.360000,0.000000,22.893487,0.032929,47.360000,0.000000,0.000000,19.600000,0.000000,70.253487,0.032929,2.893674,B,150,20,67.313487,0.032929,67.313487,0.032929,0.056989,0.056989
31.000000,3.300000,3.150000,69.335000,0.000000,22.946124,0.002679,49.335000,0.000000,0.000000,19.900000,0.000000,72.281124,0.002679,2.946125,B,150,20,69.296124,0.002679,69.296124,0.002679,0.038968,0.038968
32.000000,3.400000,3.250000,71.340000,0.000000,22.953179,-0.038610,51.340000,0.000000,0.000000,20.200000,0.000000,74.293179,-0.038610,2.953431,B,150,20,71.263179,-0.038610,71.263179,-0.038610,0.085978,0.085978
33.000000,3.500000,3.350000,73.375000,0.000000,23.058003,0.017335,53.375000,0.000000,0.000000,20.500000,0.000000,76.433003,0.017335,3.058052,B,150,20,73.358003,0.017335,73.358003,0.017335,0.024277,0.024277
34.000000,3.600000,3.450000,75.440000,0.000000,23.085999,-0.000515,55.440000,0.000000,0.000000,20.800000,0.000000,78.525999,-0.000515,3.085999,B,150,20,75.405999,-0.000515,75.405999,-0.000515,0.034005,0.034005
35.000000,3.700000,3.550000,77.535000,0.000000,23.175018,0.007440,57.535000,0.000000,0.000000,21.100000,0.000000,80.710018,0.007440,3.175027,B,150,20,77.545018,0.007440,77.545018,0.007440,0.012478,0.012478
36.000000,3.800000,3.650000,79.660000,0.000000,23.169008,-0.022061,59.660000,0.000000,0.000000,21.400000,0.000000,82.829008,-0.022061,3.169085,B,150,20,79.619008,-0.022061,79.619008,-0.022061,0.046551,0.046551
37.000000,3.900000,3.750000,81.815000,0.000000,23.203903,0.014024,61.815000,0.000000,0.000000,21.700000,0.000000,85.018903,0.014024,3.203933,B,150,20,81.763903,0.014024,81.763903,0.014024,0.052987,0.052987
38.000000,4.000000,3.850000,84.000000,0.000000,23.290901,0.001564,64.000000,0.000000,0.000000,22.000000,0.000000,87.290901,0.001564,3.290902,B,150,20,83.990901,0.001564,83.990901,0.001564,0.009232,0.009232
39.000000,4.100000,3.950000,86.215000,0.000000,23.284716,-0.003264,66.215000,0.000000,0.000000,22.300000,0.000000,89.499716,-0.003264,3.284718,B,150,20,86.154716,-0.003264,86.154716,-0.003264,0.060372,0.060372
40.000000,4.200000,4.050000,88.460000,0.000000,23.350035,-0.016307,68.460000,0.000000,0.000000,22.600000,0.000000,91.810035,-0.016307,3.350075,B,150,20,88.420035,-0.016307,88.420035,-0.016307,0.043163,0.043163
41.000000,4.300000,4.150000,90.735000,0.000000,23.368215,0.014185,70.735000,0.000000,0.000000,22.900000,0.000000,94.103215,0.014185,3.368245,B,150,20,90.668215,0.014185,90.668215,0.014185,0.068274,0.068274
42.000000,4.400000,4.250000,93.040000,0.000000,23.426929,0.006780,73.040000,0.000000,0.000000,23.200000,0.000000,96.466929,0.006780,3.426936,B,150,20,92.986929,0.006780,92.986929,0.006780,0.053502,0.053502
43.000000,4.500000,4.350000,95.375000,0.000000,23.497053,-0.004978,75.375000,0.000000,0.000000,23.500000,0.000000,98.872053,-0.004978,3.497056,B,150,20,95.347053,-0.004978,95.347053,-0.004978,0.028387,0.028387
44.000000,4.600000,4.450000,97.740000,0.000000,23.475864,-0.008265,77.740000,0.000000,0.000000,23.800000,0.000000,101.215864,-0.008265,3.475874,B,150,20,97.645864,-0.008265,97.645864,-0.008265,0.094498,0.094498
45.000000,4.700000,4.550000,100.135000,0.000000,23.561384,-0.017389,80.135000,0.000000,0.000000,24.100000,0.000000,103.696384,-0.017389,3.561427,B,150,20,100.081384,-0.017389,100.081384,-0.017389,0.056365,0.056365
46.000000,4.800000,4.650000,102.560000,0.000000,23.625762,-0.022126,82.560000,0.000000,0.000000,24.400000,0.000000,106.185762,-0.022126,3.625829,B,150,20,102.525762,-0.022126,102.525762,-0.022126,0.040766,0.040766
47.000000,4.900000,4.750000,105.015000,0.000000,23.659829,-0.013386,85.015000,0.000000,0.000000,24.700000,0.000000,108.674829,-0.013386,3.659854,B,150,20,104.969829,-0.013386,104.969829,-0.013386,0.047112,0.047112
48.000000,5.000000,4.850000,107.500000,0.000000,23.727591,0.029653,87.500000,0.000000,0.000000,25.000000,0.000000,111.227591,0.029653,3.727709,B,150,20,107.477591,0.029653,107.477591,0.029653,0.037168,0.037168
49.000000,5.100000,4.950000,110.015000,0.000000,23.767390,-0.027860,90.015000,0.000000,0.000000,25.300000,0.000000,113.782390,-0.027860,3.767493,B,150,20,109.987390,-0.027860,109.987390,-0.027860,0.039223,0.039223
50.000000,5.200000,5.050000,112.560000,0.000000,23.759937,-0.009273,92.560000,0.000000,0.000000,25.600000,0.000000,116.319937,-0.009273,3.759948,B,150,20,112.479937,-0.009273,112.479937,-0.009273,0.080598,0.080598
51.000000,5.300000,5.150000,115.135000,0.000000,23.867957,-0.020319,95.135000,0.000000,0.000000,25.900000,0.000000,119.002957,-0.020319,3.868010,B,150,20,115.117957,-0.020319,115.117957,-0.020319,0.026520,0.026520
52.000000,5.400000,5.250000,117.740000,0.000000,23.905306,-0.001114,97.740000,0.000000,0.000000,26.200000,0.000000,121.645306,-0.001114,3.905306,B,150,20,117.715306,-0.001114,117.715306,-0.001114,0.024719,0.024719
53.000000,5.500000,5.350000,120.375000,0.000000,23.934773,-0.007389,100.375000,0.000000,0.000000,26.500000,0.000000,124.309773,-0.007389,3.934780,B,150,20,120.334773,-0.007389,120.334773,-0.007389,0.040900,0.040900
54.000000,5.600000,5.450000,123.040000,0.000000,23.999983,-0.028962,103.040000,0.000000,0.000000,26.800000,0.000000,127.039983,-0.028962,4.000088,B,150,20,123.019983,-0.028962,123.019983,-0.028962,0.035206,0.035206
55.000000,5.700000,5.550000,125.735000,0.000000,24.013916,-0.004019,105.735000,0.000000,0.000000,27.100000,0.000000,129.748916,-0.004019,4.013918,B,150,20,125.683916,-0.004019,125.683916,-0.004019,0.051242,0.051242
56.000000,5.800000,5.650000,128.460000,0.000000,24.053353,-0.028071,108.460000,0.000000,0.000000,27.400000,0.000000,132.513353,-0.028071,4.053451,B,150,20,128.403353,-0.028071,128.403353,-0.028071,0.063220,0.063220
57.000000,5.900000,5.750000,131.215000,0.000000,24.115816,0.004044,111.215000,0.000000,0.000000,27.700000,0.000000,135.330816,0.004044,4.115818,B,150,20,131.175816,0.004044,131.175816,0.004044,0.039392,0.039392
58.000000,6.000000,5.850000,134.000000,0.000000,24.153509,0.006525,114.000000,0.000000,0.000000,28.000000,0.000000,138.153509,0.006525,4.153514,B,150,20,133.953509,0.006525,133.953509,0.006525,0.046947,0.046947
59.000000,6.100000,5.950000,136.815000,0.000000,24.208846,-0.009176,116.815000,0.000000,0.000000,28.300000,0.000000,141.023846,-0.009176,4.208856,B,150,20,136.778846,-0.009176,136.778846,-0.009176,0.037300,0.037300
60.000000,6.200000,6.050000,139.660000,0.000000,24.196199,0.031066,119.660000,0.000000,0.000000,28.600000,0.000000,143.856199,0.031066,4.196314,B,150,20,139.566199,0.031066,139.566199,0.031066,0.098812,0.098812
61.000000,6.300000,6.150000,142.535000,0.000000,24.318390,-0.037176,122.535000,0.000000,0.000000,28.900000,0.000000,146.853390,-0.037176,4.318550,B,150,20,142.518390,-0.037176,142.518390,-0.037176,0.040718,0.040718
62.000000,6.400000,6.250000,145.440000,0.000000,24.309969,-0.004431,125.440000,0.000000,0.000000,29.200000,0.000000,149.749969,-0.004431,4.309971,B,150,20,145.369969,-0.004431,145.369969,-0.004431,0.070171,0.070171
63.000000,6.500000,6.350000,148.375000,0.000000,24.415741,0.012038,128.375000,0.000000,0.000000,29.500000,0.000000,152.790741,0.012038,4.415757,B,150,20,148.365741,0.012038,148.365741,0.012038,0.015187,0.015187
64.000000,6.600000,6.450000,151.340000,0.000000,24.436000,-0.006793,131.340000,0.000000,0.000000,29.800000,0.000000,155.776000,-0.006793,4.436005,B,150,20,151.306000,-0.006793,151.306000,-0.006793,0.034672,0.034672
65.000000,6.700000,6.550000,154.335000,0.000000,24.460367,-0.014374,134.335000,0.000000,0.000000,30.100000,0.000000,158.795367,-0.014374,4.460390,B,150,20,154.280367,-0.014374,154.280367,-0.014374,0.056492,0.056492
66.000000,6.800000,6.650000,157.360000,0.000000,24.522498,0.001992,137.360000,0.000000,0.000000,30.400000,0.000000,161.882498,0.001992,4.522498,B,150,20,157.322498,0.001992,157.322498,0.001992,0.037555,0.037555
67.000000,6.900000,6.750000,160.415000,0.000000,24.565506,0.005401,140.415000,0.000000,0.000000,30.700000,0.000000,164.980506,0.005401,4.565509,B,150,20,160.375506,0.005401,160.375506,0.005401,0.039861,0.039861
68.000000,7.000000,6.850000,163.500000,0.000000,24.634880,-0.012379,143.500000,0.000000,0.000000,31.000000,0.000000,168.134880,-0.012379,4.634896,B,150,20,163.484880,-0.012379,163.484880,-0.012379,0.019541,0.019541
69.000000,7.100000,6.950000,166.615000,0.000000,24.640651,-0.017783,146.615000,0.000000,0.000000,31.300000,0.000000,171.255651,-0.017783,4.640685,B,150,20,166.560651,-0.017783,166.560651,-0.017783,0.057185,0.057185
70.000000,7.200000,7.050000,169.760000,0.000000,24.712165,0.007124,149.760000,0.000000,0.000000,31.600000,0.000000,174.472165,0.007124,4.712170,B,150,20,169.732165,0.007124,169.732165,0.007124,0.028732,0.028732
71.000000,7.300000,7.150000,172.935000,0.000000,24.760113,0.009992,152.935000,0.000000,0.000000,31.900000,0.000000,177.695113,0.009992,4.760124,B,150,20,172.910113,0.009992,172.910113,0.009992,0.026818,0.026818
72.000000,7.400000,7.250000,176.140000,0.000000,24.786422,0.003072,156.140000,0.000000,0.000000,32.200000,0.000000,180.926422,0.003072,4.786423,B,150,20,176.096422,0.003072,176.096422,0.003072,0.043686,0.043686
73.000000,7.500000,7.350000,179.375000,0.000000,24.853873,0.004771,159.375000,0.000000,0.000000,32.500000,0.000000,184.228873,0.004771,4.853875,B,150,20,179.353873,0.004771,179.353873,0.004771,0.021659,0.021659
74.000000,7.600000,7.450000,182.640000,0.000000,24.906006,0.011577,162.640000,0.000000,0.000000,32.800000,0.000000,187.546006,0.011577,4.906020,B,150,20,182.626006,0.011577,182.626006,0.011577,0.018162,0.018162
75.000000,7.700000,7.550000,185.935000,0.000000,24.947812,0.000167,165.935000,0.000000,0.000000,33.100000,0.000000,190.882812,0.000167,4.947812,B,150,20,185.917812,0.000167,185.917812,0.000167,0.017189,0.017189
76.000000,7.800000,7.650000,189.260000,0.000000,24.966182,-0.002311,169.260000,0.000000,0.000000,33.400000,0.000000,194.226182,-0.002311,4.966182,B,150,20,189.216182,-0.002311,189.216182,-0.002311,0.043879,0.043879
77.000000,7.900000,7.750000,192.615000,0.000000,25.013820,-0.009318,172.615000,0.000000,0.000000,33.700000,0.000000,197.628820,-0.009318,5.013829,B,150,20,192.573820,-0.009318,192.573820,-0.009318,0.042221,0.042221
78.000000,8.000000,7.850000,196.000000,0.000000,25.070379,-0.046974,176.000000,0.000000,0.000000,34.000000,0.000000,201.070379,-0.046974,5.070596,B,150,20,195.970379,-0.046974,195.970379,-0.046974,0.055534,0.055534
79.000000,8.100000,7.950000,199.415000,0.000000,25.067526,-0.007067,179.415000,0.000000,0.000000,34.300000,0.000000,204.482526,-0.007067,5.067531,B,150,20,199.337526,-0.007067,199.337526,-0.007067,0.077796,0.077796
80.000000,8.200000,8.050000,202.860000,0.000000,25.163129,0.001788,182.860000,0.000000,0.000000,34.600000,0.000000,208.023129,0.001788,5.163129,B,150,20,202.833129,0.001788,202.833129,0.001788,0.026930,0.026930
81.000000,8.300000,8.150000,206.335000,0.000000,25.204209,-0.025684,186.335000,0.000000,0.000000,34.900000,0.000000,211.539209,-0.025684,5.204273,B,150,20,206.304209,-0.025684,206.304209,-0.025684,0.040097,0.040097
82.000000,8.400000,8.250000,209.840000,0.000000,25.249705,-0.007677,189.840000,0.000000,0.000000,35.200000,0.000000,215.089705,-0.007677,5.249711,B,150,20,209.809705,-0.007677,209.809705,-0.007677,0.031253,0.031253
83.000000,8.500000,8.350000,213.375000,0.000000,25.354947,0.005173,193.375000,0.000000,0.000000,35.500000,0.000000,218.729947,0.005173,5.354950,B,150,20,213.404947,0.005173,213.404947,0.005173,0.030391,0.030391
84.000000,8.600000,8.450000,216.940000,0.000000,25.336888,0.018666,196.940000,0.000000,0.000000,35.800000,0.000000,222.276888,0.018666,5.336920,B,150,20,216.906888,0.018666,216.906888,0.018666,0.038011,0.038011
85.000000,8.700000,8.550000,220.535000,0.000000,25.379833,0.003465,200.535000,0.000000,0.000000,36.100000,0.000000,225.914833,0.003465,5.379834,B,150,20,220.499833,0.003465,220.499833,0.003465,0.035338,0.035338
86.000000,8.800000,8.650000,224.160000,0.000000,25.404846,-0.007254,204.160000,0.000000,0.000000,36.400000,0.000000,229.564846,-0.007254,5.404851,B,150,20,224.104846,-0.007254,224.104846,-0.007254,0.055629,0.055629
87.000000,8.900000,8.750000,227.815000,0.000000,25.490563,-0.007949,207.815000,0.000000,0.000000,36.700000,0.000000,233.305563,-0.007949,5.490569,B,150,20,227.800563,-0.007949,227.800563,-0.007949,0.016480,0.016480
88.000000,9.000000,8.850000,231.500000,0.000000,25.504611,0.028058,211.500000,0.000000,0.000000,37.000000,0.000000,237.004611,0.028058,5.504683,B,150,20,231.454611,0.028058,231.454611,0.028058,0.053361,0.053361
89.000000,9.100000,8.950000,235.215000,0.000000,25.511818,-0.015895,215.215000,0.000000,0.000000,37.300000,0.000000,240.726818,-0.015895,5.511841,B,150,20,235.131818,-0.015895,235.131818,-0.015895,0.084687,0.084687
90.000000,9.200000,9.050000,238.960000,0.000000,25.582537,0.010758,218.960000,0.000000,0.000000,37.600000,0.000000,244.542537,0.010758,5.582547,B,150,20,238.902537,0.010758,238.902537,0.010758,0.058461,0.058461
91.000000,9.300000,9.150000,242.735000,0.000000,25.670970,-0.016803,222.735000,0.000000,0.000000,37.900000,0.000000,248.405970,-0.016803,5.670995,B,150,20,242.720970,-0.016803,242.720970,-0.016803,0.021890,0.021890
92.000000,9.400000,9.250000,246.540000,0.000000,25.722616,-0.042884,226.540000,0.000000,0.000000,38.200000,0.000000,252.262616,-0.042884,5.722776,B,150,20,246.532616,-0.042884,246.532616,-0.042884,0.043515,0.043515
93.000000,9.500000,9.350000,250.375000,0.000000,25.696501,0.015511,230.375000,0.000000,0.000000,38.500000,0.000000,256.071501,0.015511,5.696522,B,150,20,250.296501,0.015511,250.296501,0.015511,0.080017,0.080017
94.000000,9.600000,9.450000,254.240000,0.000000,25.767585,-0.004325,234.240000,0.000000,0.000000,38.800000,0.000000,260.007585,-0.004325,5.767587,B,150,20,254.187585,-0.004325,254.187585,-0.004325,0.052593,0.052593
95.000000,9.700000,9.550000,258.135000,0.000000,25.844935,0.027442,238.135000,0.000000,0.000000,39.100000,0.000000,263.979935,0.027442,5.844999,B,150,20,258.114935,0.027442,258.114935,0.027442,0.033996,0.033996
96.000000,9.800000,9.650000,262.060000,0.000000,25.871177,-0.028186,242.060000,0.000000,0.000000,39.400000,0.000000,267.931177,-0.028186,5.871245,B,150,20,262.021177,-0.028186,262.021177,-0.028186,0.047976,0.047976
97.000000,9.900000,9.750000,266.015000,0.000000,25.911613,0.016591,246.015000,0.000000,0.000000,39.700000,0.000000,271.926613,0.016591,5.911636,B,150,20,265.971613,0.016591,265.971613,0.016591,0.046451,0.046451
98.000000,10.000000,9.850000,270.000000,0.000000,25.940232,0.025739,250.000000,0.000000,0.000000,40.000000,0.000000,275.940232,0.025739,5.940288,B,150,20,269.940232,0.025739,269.940232,0.025739,0.065075,0.065075
99.000000,10.100000,9.950000,274.015000,0.000000,26.039408,-0.051077,254.015000,0.000000,0.000000,40.300000,0.000000,280.054408,-0.051077,6.039624,B,150,20,274.009408,-0.051077,274.009408,-0.051077,0.051382,0.051382
0.000000,0.200000,0.050000,42.060000,0.000000,41.560414,-0.026763,2.060000,0.000000,0.000000,10.600000,0.000000,43.620414,-0.026763,1.560643,B,150,40,42.030414,-0.026763,42.030414,-0.026763,0.039895,0.039895
1.000000,0.300000,0.150000,43.135000,0.000000,41.571300,0.012910,3.135000,0.000000,0.000000,10.900000,0.000000,44.706300,0.012910,1.571353,B,150,40,43.071300,0.012910,43.071300,0.012910,0.064995,0.064995
2.000000,0.400000,0.250000,44.240000,0.000000,41.634035,0.022195,4.240000,0.000000,0.000000,11.200000,0.000000,45.874035,0.022195,1.634186,B,150,40,44.194035,0.022195,44.194035,0.022195,0.051043,0.051043
3.000000,0.500000,0.350000,45.375000,0.000000,41.721331,-0.027598,5.375000,0.000000,0.000000,11.500000,0.000000,47.096331,-0.027598,1.721553,B,150,40,45.371331,-0.027598,45.371331,-0.027598,0.027841,0.027841
4.000000,0.600000,0.450000,46.540000,0.000000,41.743085,0.010255,6.540000,0.000000,0.000000,11.800000,0.000000,48.283085,0.010255,1.743115,B,150,40,46.513085,0.010255,46.513085,0.010255,0.028802,0.028802
5.000000,0.700000,0.550000,47.735000,0.000000,41.806873,0.041207,7.735000,0.000000,0.000000,12.100000,0.000000,49.541873,0.041207,1.807342,B,150,40,47.726873,0.041207,47.726873,0.041207,0.042001,0.042001
6.000000,0.800000,0.650000,48.960000,0.000000,41.827795,-0.002210,8.960000,0.000000,0.000000,12.400000,0.000000,50.787795,-0.002210,1.827796,B,150,40,48.927795,-0.002210,48.927795,-0.002210,0.032281,0.032281
7.000000,0.900000,0.750000,50.215000,0.000000,41.841396,0.009665,10.215000,0.000000,0.000000,12.700000,0.000000,52.056396,0.009665,1.841422,B,150,40,50.151396,0.009665,50.151396,0.009665,0.064334,0.064334
8.000000,1.000000,0.850000,51.500000,0.000000,41.909529,0.001207,11.500000,0.000000,0.000000,13.000000,0.000000,53.409529,0.001207,1.909530,B,150,40,51.459529,0.001207,51.459529,0.001207,0.040489,0.040489
9.000000,1.100000,0.950000,52.815000,0.000000,41.945451,0.005940,12.815000,0.000000,0.000000,13.300000,0.000000,54.760451,0.005940,1.945460,B,150,40,52.765451,0.005940,52.765451,0.005940,0.049904,0.049904
10.000000,1.200000,1.050000,54.160000,0.000000,41.997147,-0.009740,14.160000,0.000000,0.000000,13.600000,0.000000,56.157147,-0.009740,1.997171,B,150,40,54.117147,-0.009740,54.117147,-0.009740,0.043946,0.043946
11.000000,1.300000,1.150000,55.535000,0.000000,42.052473,-0.006000,15.535000,0.000000,0.000000,13.900000,0.000000,57.587473,-0.006000,2.052481,B,150,40,55.502473,-0.006000,55.502473,-0.006000,0.033076,0.033076
12.000000,1.400000,1.250000,56.940000,0.000000,42.112698,0.029616,16.940000,0.000000,0.000000,14.200000,0.000000,59.052698,0.029616,2.112905,B,150,40,56.922698,0.029616,56.922698,0.029616,0.034299,0.034299
13.000000,1.500000,1.350000,58.375000,0.000000,42.123956,-0.021561,18.375000,0.000000,0.000000,14.500000,0.000000,60.498956,-0.021561,2.124065,B,150,40,58.323956,-0.021561,58.323956,-0.021561,0.055411,0.055411
14.000000,1.600000,1.450000,59.840000,0.000000,42.171511,0.051257,19.840000,0.000000,0.000000,14.800000,0.000000,62.011511,0.051257,2.172116,B,150,40,59.791511,0.051257,59.791511,0.051257,0.070558,0.070558
15.000000,1.700000,1.550000,61.335000,0.000000,42.244803,0.007661,21.335000,0.000000,0.000000,15.100000,0.000000,63.579803,0.007661,2.244816,B,150,40,61.314803,0.007661,61.314803,0.007661,0.021601,0.021601
16.000000,1.800000,1.650000,62.860000,0.000000,42.259512,-0.017005,22.860000,0.000000,0.000000,15.400000,0.000000,65.119512,-0.017005,2.259576,B,150,40,62.809512,-0.017005,62.809512,-0.017005,0.053274,0.053274
17.000000,1.900000,1.750000,64.415000,0.000000,42.343899,-0.016852,24.415000,0.000000,0.000000,15.700000,0.000000,66.758899,-0.016852,2.343960,B,150,40,64.403899,-0.016852,64.403899,-0.016852,0.020179,0.020179
18.000000,2.000000,1.850000,66.000000,0.000000,42.418314,0.035996,26.000000,0.000000,0.000000,16.000000,0.000000,68.418314,0.035996,2.418582,B,150,40,66.018314,0.035996,66.018314,0.035996,0.040387,0.040387
19.000000,2.100000,1.950000,67.615000,0.000000,42.389585,0.025122,27.615000,0.000000,0.000000,16.300000,0.000000,70.004585,0.025122,2.389717,B,150,40,67.559585,0.025122,67.559585,0.025122,0.060844,0.060844
20.000000,2.200000,2.050000,69.260000,0.000000,42.429954,0.024945,29.260000,0.000000,0.000000,16.600000,0.000000,71.689954,0.024945,2.430082,B,150,40,69.199954,0.024945,69.199954,0.024945,0.065022,0.065022
21.000000,2.300000,2.150000,70.935000,0.000000,42.503736,-0.020855,30.935000,0.000000,0.000000,16.900000,0.000000,73.438736,-0.020855,2.503823,B,150,40,70.903736,-0.020855,70.903736,-0.020855,0.037581,0.037581
22.000000,2.400000,2.250000,72.640000,0.000000,42.546836,0.040374,32.640000,0.000000,0.000000,17.200000,0.000000,75.186836,0.040374,2.547156,B,150,40,72.606836,0.040374,72.606836,0.040374,0.052249,0.052249
23.000000,2.500000,2.350000,74.375000,0.000000,42.591646,0.012354,34.375000,0.000000,0.000000,17.500000,0.000000,76.966646,0.012354,2.591676,B,150,40,74.341646,0.012354,74.341646,0.012354,0.035568,0.035568
24.000000,2.600000,2.450000,76.140000,0.000000,42.630415,0.000874,36.140000,0.000000,0.000000,17.800000,0.000000,78.770415,0.000874,2.630415,B,150,40,76.100415,0.000874,76.100415,0.000874,0.039595,0.039595
25.000000,2.700000,2.550000,77.935000,0.000000,42.709166,0.005252,37.935000,0.000000,0.000000,18.100000,0.000000,80.644166,0.005252,2.709172,B,150,40,77.929166,0.005252,77.929166,0.005252,0.007850,0.007850
26.000000,2.800000,2.650000,79.760000,0.000000,42.696449,-0.017001,39.760000,0.000000,0.000000,18.400000,0.000000,82.456449,-0.017001,2.696503,B,150,40,79.696449,-0.017001,79.696449,-0.017001,0.065786,0.065786
27.000000,2.900000,2.750000,81.615000,0.000000,42.790333,0.011795,41.615000,0.000000,0.000000,18.700000,0.000000,84.405333,0.011795,2.790358,B,150,40,81.600333,0.011795,81.600333,0.011795,0.018821,0.018821
28.000000,3.000000,2.850000,83.500000,0.000000,42.852985,0.004452,43.500000,0.000000,0.000000,19.000000,0.000000,86.352985,0.004452,2.852989,B,150,40,83.502985,0.004452,83.502985,0.004452,0.005360,0.005360
29.000000,3.100000,2.950000,85.415000,0.000000,42.849774,-0.009925,45.415000,0.000000,0.000000,19.300000,0.000000,88.264774,-0.009925,2.849792,B,150,40,85.369774,-0.009925,85.369774,-0.009925,0.046302,0.046302
30.000000,3.200000,3.050000,87.360000,0.000000,42.923192,-0.010766,47.360000,0.000000,0.000000,19.600000,0.000000,90.283192,-0.010766,2.923212,B,150,40,87.343192,-0.010766,87.343192,-0.010766,0.019960,0.019960
31.000000,3.300000,3.150000,89.335000,0.000000,42.954282,-0.013033,49.335000,0.000000,0.000000,19.900000,0.000000,92.289282,-0.013033,2.954311,B,150,40,89.304282,-0.013033,89.304282,-0.013033,0.033368,0.033368
32.000000,3.400000,3.250000,91.340000,0.000000,43.007284,0.009270,51.340000,0.000000,0.000000,20.200000,0.000000,94.347284,0.009270,3.007298,B,150,40,91.317284,0.009270,91.317284,0.009270,0.024535,0.024535
33.000000,3.500000,3.350000,93.375000,0.000000,43.051140,0.022230,53.375000,0.000000,0.000000,20.500000,0.000000,96.426140,0.022230,3.051221,B,150,40,93.351140,0.022230,93.351140,0.022230,0.032611,0.032611
34.000000,3.600000,3.450000,95.440000,0.000000,43.114275,0.003662,55.440000,0.000000,0.000000,20.800000,0.000000,98.554275,0.003662,3.114277,B,150,40,95.434275,0.003662,95.434275,0.003662,0.006796,0.006796
35.000000,3.700000,3.550000,97.535000,0.000000,43.146025,-0.032036,57.535000,0.000000,0.000000,21.100000,0.000000,100.681025,-0.032036,3.146188,B,150,40,97.516025,-0.032036,97.516025,-0.032036,0.037233,0.037233
36.000000,3.800000,3.650000,99.660000,0.000000,43.204123,0.031962,59.660000,0.000000,0.000000,21.400000,0.000000,102.864123,0.031962,3.204282,B,150,40,99.654123,0.031962,99.654123,0.031962,0.032498,0.032498
37.000000,3.900000,3.750000,101.815000,0.000000,43.223076,0.022270,61.815000,0.000000,0.000000,21.700000,0.000000,105.038076,0.022270,3.223153,B,150,40,101.783076,0.022270,101.783076,0.022270,0.038924,0.038924
38.000000,4.000000,3.850000,104.000000,0.000000,43.255142,-0.021004,64.000000,0.000000,0.000000,22.000000,0.000000,107.255142,-0.021004,3.255210,B,150,40,103.955142,-0.021004,103.955142,-0.021004,0.049532,0.049532
39.000000,4.100000,3.950000,106.215000,0.000000,43.314975,0.003807,66.215000,0.000000,0.000000,22.300000,0.000000,109.529975,0.003807,3.314977,B,150,40,106.184975,0.003807,106.184975,0.003807,0.030266,0.030266
40.000000,4.200000,4.050000,108.460000,0.000000,43.388924,0.015274,68.460000,0.000000,0.000000,22.600000,0.000000,111.848924,0.015274,3.388958,B,150,40,108.458924,0.015274,108.458924,0.015274,0.015312,0.015312
41.000000,4.300000,4.150000,110.735000,0.000000,43.428678,0.017566,70.735000,0.000000,0.000000,22.900000,0.000000,114.163678,0.017566,3.428723,B,150,40,110.728678,0.017566,110.728678,0.017566,0.018669,0.018669
42.000000,4.400000,4.250000,113.040000,0.000000,43.454529,-0.015061,73.040000,0.000000,0.000000,23.200000,0.000000,116.494529,-0.015061,3.454562,B,150,40,113.014529,-0.015061,113.014529,-0.015061,0.029590,0.029590
43.000000,4.500000,4.350000,115.375000,0.000000,43.469961,0.041699,75.375000,0.000000,0.000000,23.500000,0.000000,118.844961,0.041699,3.470212,B,150,40,115.319961,0.041699,115.319961,0.041699,0.069051,0.069051
44.000000,4.600000,4.450000,117.740000,0.000000,43.551772,0.033160,77.740000,0.000000,0.000000,23.800000,0.000000,121.291772,0.033160,3.551927,B,150,40,117.721772,0.033160,117.721772,0.033160,0.037839,0.037839
45.000000,4.700000,4.550000,120.135000,0.000000,43.581000,0.005410,80.135000,0.000000,0.000000,24.100000,0.000000,123.716000,0.005410,3.581004,B,150,40,120.101000,0.005410,120.101000,0.005410,0.034428,0.034428
46.000000,4.800000,4.650000,122.560000,0.000000,43.609399,-0.006902,82.560000,0.000000,0.000000,24.400000,0.000000,126.169399,-0.006902,3.609406,B,150,40,122.509399,-0.006902,122.509399,-0.006902,0.051070,0.051070
47.000000,4.900000,4.750000,125.015000,0.000000,43.673684,-0.009448,85.015000,0.000000,0.000000,24.700000,0.000000,128.688684,-0.009448,3.673696,B,150,40,124.983684,-0.009448,124.983684,-0.009448,0.032710,0.032710
48.000000,5.000000,4.850000,127.500000,0.000000,43.685908,-0.004806,87.500000,0.000000,0.000000,25.000000,0.000000,131.185908,-0.004806,3.685911,B,150,40,127.435908,-0.004806,127.435908,-0.004806,0.064272,0.064272
49.000000,5.100000,4.950000,130.015000,0.000000,43.750234,-0.015507,90.015000,0.000000,0.000000,25.300000,0.000000,133.765234,-0.015507,3.750266,B,150,40,129.970234,-0.015507,129.970234,-0.015507,0.047376,0.047376
50.000000,5.200000,5.050000,132.560000,0.000000,43.780104,-0.009067,92.560000,0.000000,0.000000,25.600000,0.000000,136.340104,-0.009067,3.780115,B,150,40,132.500104,-0.009067,132.500104,-0.009067,0.060578,0.060578
51.000000,5.300000,5.150000,135.135000,0.000000,43.852266,-0.041605,95.135000,0.000000,0.000000,25.900000,0.000000,138.987266,-0.041605,3.852490,B,150,40,135.102266,-0.041605,135.102266,-0.041605,0.052939,0.052939
52.000000,5.400000,5.250000,137.740000,0.000000,43.923359,-0.024495,97.740000,0.000000,0.000000,26.200000,0.000000,141.663359,-0.024495,3.923436,B,150,40,137.733359,-0.024495,137.733359,-0.024495,0.025379,0.025379
53.000000,5.500000,5.350000,140.375000,0.000000,43.942290,-0.012780,100.375000,0.000000,0.000000,26.500000,0.000000,144.317290,-0.012780,3.942311,B,150,40,140.342290,-0.012780,140.342290,-0.012780,0.035118,0.035118
54.000000,5.600000,5.450000,143.040000,0.000000,43.993339,0.000679,103.040000,0.000000,0.000000,26.800000,0.000000,147.033339,0.000679,3.993340,B,150,40,143.013339,0.000679,143.013339,0.000679,0.026669,0.026669
55.000000,5.700000,5.550000,145.735000,0.000000,44.051023,0.002646,105.735000,0.000000,0.000000,27.100000,0.000000,149.786023,0.002646,4.051024,B,150,40,145.721023,0.002646,145.721023,0.002646,0.014226,0.014226
56.000000,5.800000,5.650000,148.460000,0.000000,44.088863,0.007383,108.460000,0.000000,0.000000,27.400000,0.000000,152.548863,0.007383,4.088869,B,150,40,148.438863,0.007383,148.438863,0.007383,0.022390,0.022390
57.000000,5.900000,5.750000,151.215000,0.000000,44.147428,0.021130,111.215000,0.000000,0.000000,27.700000,0.000000,155.362428,0.021130,4.147482,B,150,40,151.207428,0.021130,151.207428,0.021130,0.022446,0.022446
58.000000,6.000000,5.850000,154.000000,0.000000,44.153833,0.009452,114.000000,0.000000,0.000000,28.000000,0.000000,158.153833,0.009452,4.153844,B,150,40,153.953833,0.009452,153.953833,0.009452,0.047125,0.047125
59.000000,6.100000,5.950000,156.815000,0.000000,44.243574,-0.015427,116.815000,0.000000,0.000000,28.300000,0.000000,161.058574,-0.015427,4.243602,B,150,40,156.813574,-0.015427,156.813574,-0.015427,0.015493,0.015493
60.000000,6.200000,6.050000,159.660000,0.000000,44.277190,0.002717,119.660000,0.000000,0.000000,28.600000,0.000000,163.937190,0.002717,4.277191,B,150,40,159.647190,0.002717,159.647190,0.002717,0.013095,0.013095
61.000000,6.300000,6.150000,162.535000,0.000000,44.290074,0.031633,122.535000,0.000000,0.000000,28.900000,0.000000,166.825074,0.031633,4.290191,B,150,40,162.490074,0.031633,162.490074,0.031633,0.054945,0.054945
62.000000,6.400000,6.250000,165.440000,0.000000,44.336905,0.048021,125.440000,0.000000,0.000000,29.200000,0.000000,169.776905,0.048021,4.337171,B,150,40,165.396905,0.048021,165.396905,0.048021,0.064523,0.064523
63.000000,6.500000,6.350000,168.375000,0.000000,44.383354,-0.001875,128.375000,0.000000,0.000000,29.500000,0.000000,172.758354,-0.001875,4.383355,B,150,40,168.333354,-0.001875,168.333354,-0.001875,0.041688,0.041688
64.000000,6.600000,6.450000,171.340000,0.000000,44.415674,-0.016721,131.340000,0.000000,0.000000,29.800000,0.000000,175.755674,-0.016721,4.415705,B,150,40,171.285674,-0.016721,171.285674,-0.016721,0.056842,0.056842
65.000000,6.700000,6.550000,174.335000,0.000000,44.493170,-0.013952,134.335000,0.000000,0.000000,30.100000,0.000000,178.828170,-0.013952,4.493192,B,150,40,174.313170,-0.013952,174.313170,-0.013952,0.025908,0.025908
66.000000,6.800000,6.650000,177.360000,0.000000,44.527761,0.008254,137.360000,0.000000,0.000000,30.400000,0.000000,181.887761,0.008254,4.527768,B,150,40,177.327761,0.008254,177.327761,0.008254,0.033279,0.033279
67.000000,6.900000,6.750000,180.415000,0.000000,44.552314,0.014358,140.415000,0.000000,0.000000,30.700000,0.000000,184.967314,0.014358,4.552336,B,150,40,180.362314,0.014358,180.362314,0.014358,0.054608,0.054608
68.000000,7.000000,6.850000,183.500000,0.000000,44.642216,0.022430,143.500000,0.000000,0.000000,31.000000,0.000000,188.142216,0.022430,4.642271,B,150,40,183.492216,0.022430,183.492216,0.022430,0.023742,0.023742
69.000000,7.100000,6.950000,186.615000,0.000000,44.671841,0.000466,146.615000,0.000000,0.000000,31.300000,0.000000,191.286841,0.000466,4.671841,B,150,40,186.591841,0.000466,186.591841,0.000466,0.023164,0.023164
70.000000,7.200000,7.050000,189.760000,0.000000,44.700828,-0.007492,149.760000,0.000000,0.000000,31.600000,0.000000,194.460828,-0.007492,4.700834,B,150,40,189.720828,-0.007492,189.720828,-0.007492,0.039882,0.039882
71.000000,7.300000,7.150000,192.935000,0.000000,44.748887,-0.020185,152.935000,0.000000,0.000000,31.900000,0.000000,197.683887,-0.020185,4.748930,B,150,40,192.898887,-0.020185,192.898887,-0.020185,0.041371,0.041371
72.000000,7.400000,7.250000,196.140000,0.000000,44.812059,0.021349,156.140000,0.000000,0.000000,32.200000,0.000000,200.952059,0.021349,4.812107,B,150,40,196.122059,0.021349,196.122059,0.021349,0.027886,0.027886
73.000000,7.500000,7.350000,199.375000,0.000000,44.850309,-0.007878,159.375000,0.000000,0.000000,32.500000,0.000000,204.225309,-0.007878,4.850316,B,150,40,199.350309,-0.007878,199.350309,-0.007878,0.025917,0.025917
74.000000,7.600000,7.450000,202.640000,0.000000,44.897543,0.010460,162.640000,0.000000,0.000000,32.800000,0.000000,207.537543,0.010460,4.897554,B,150,40,202.617543,0.010460,202.617543,0.010460,0.024774,0.024774
75.000000,7.700000,7.550000,205.935000,0.000000,44.909320,-0.019735,165.935000,0.000000,0.000000,33.100000,0.000000,210.844320,-0.019735,4.909360,B,150,40,205.879320,-0.019735,205.879320,-0.019735,0.059074,0.059074
76.000000,7.800000,7.650000,209.260000,0.000000,44.992964,-0.014998,169.260000,0.000000,0.000000,33.400000,0.000000,214.252964,-0.014998,4.992986,B,150,40,209.242964,-0.014998,209.242964,-0.014998,0.022697,0.022697
77.000000,7.900000,7.750000,212.615000,0.000000,45.016385,0.031100,172.615000,0.000000,0.000000,33.700000,0.000000,217.631385,0.031100,5.016481,B,150,40,212.576385,0.031100,212.576385,0.031100,0.049582,0.049582
78.000000,8.000000,7.850000,216.000000,0.000000,45.062702,0.018309,176.000000,0.000000,0.000000,34.000000,0.000000,221.062702,0.018309,5.062735,B,150,40,215.962702,0.018309,215.962702,0.018309,0.041549,0.041549
79.000000,8.100000,7.950000,219.415000,0.000000,45.113259,0.029712,179.415000,0.000000,0.000000,34.300000,0.000000,224.528259,0.029712,5.113345,B,150,40,219.383259,0.029712,219.383259,0.029712,0.043478,0.043478
80.000000,8.200000,8.050000,222.860000,0.000000,45.160811,0.032535,182.860000,0.000000,0.000000,34.600000,0.000000,228.020811,0.032535,5.160913,B,150,40,222.830811,0.032535,222.830811,0.032535,0.043710,0.043710
81.000000,8.300000,8.150000,226.335000,0.000000,45.197588,-0.010343,186.335000,0.000000,0.000000,34.900000,0.000000,231.532588,-0.010343,5.197599,B,150,40,226.297588,-0.010343,226.297588,-0.010343,0.038815,0.038815
82.000000,8.400000,8.250000,229.840000,0.000000,45.227557,0.010043,189.840000,0.000000,0.000000,35.200000,0.000000,235.067557,0.010043,5.227567,B,150,40,229.787557,0.010043,229.787557,0.010043,0.053396,0.053396
83.000000,8.500000,8.350000,233.375000,0.000000,45.300653,-0.004325,193.375000,0.000000,0.000000,35.500000,0.000000,238.675653,-0.004325,5.300655,B,150,40,233.350653,-0.004325,233.350653,-0.004325,0.024728,0.024728
84.000000,8.600000,8.450000,236.940000,0.000000,45.328394,0.027092,196.940000,0.000000,0.000000,35.800000,0.000000,242.268394,0.027092,5.328463,B,150,40,236.898394,0.027092,236.898394,0.027092,0.049649,0.049649
85.000000,8.700000,8.550000,240.535000,0.000000,45.400165,-0.011818,200.535000,0.000000,0.000000,36.100000,0.000000,245.935165,-0.011818,5.400178,B,150,40,240.520165,-0.011818,240.520165,-0.011818,0.018967,0.018967
86.000000,8.800000,8.650000,244.160000,0.000000,45.436473,-0.033387,204.160000,0.000000,0.000000,36.400000,0.000000,249.596473,-0.033387,5.436575,B,150,40,244.136473,-0.033387,244.136473,-0.033387,0.040844,0.040844
87.000000,8.900000,8.750000,247.815000,0.000000,45.419334,0.031214,207.815000,0.000000,0.000000,36.700000,0.000000,253.234334,0.031214,5.419424,B,150,40,247.729334,0.031214,247.729334,0.031214,0.091176,0.091176
88.000000,9.000000,8.850000,251.500000,0.000000,45.465789,0.011633,211.500000,0.000000,0.000000,37.000000,0.000000,256.965789,0.011633,5.465801,B,150,40,251.415789,0.011633,251.415789,0.011633,0.085011,0.085011
89.000000,9.100000,8.950000,255.215000,0.000000,45.572443,-0.001747,215.215000,0.000000,0.000000,37.300000,0.000000,260.787443,-0.001747,5.572443,B,150,40,255.192443,-0.001747,255.192443,-0.001747,0.022625,0.022625
90.000000,9.200000,9.050000,258.960000,0.000000,45.569650,-0.034939,218.960000,0.000000,0.000000,37.600000,0.000000,264.529650,-0.034939,5.569760,B,150,40,258.889650,-0.034939,258.889650,-0.034939,0.078549,0.078549
91.000000,9.300000,9.150000,262.735000,0.000000,45.638967,-0.026278,222.735000,0.000000,0.000000,37.900000,0.000000,268.373967,-0.026278,5.639028,B,150,40,262.688967,-0.026278,262.688967,-0.026278,0.053006,0.053006
92.000000,9.400000,9.250000,266.540000,0.000000,45.700948,-0.011337,226.540000,0.000000,0.000000,38.200000,0.000000,272.240948,-0.011337,5.700959,B,150,40,266.510948,-0.011337,266.510948,-0.011337,0.031186,0.031186
93.000000,9.500000,9.350000,270.375000,0.000000,45.750257,-0.020428,230.375000,0.000000,0.000000,38.500000,0.000000,276.125257,-0.020428,5.750293,B,150,40,270.350257,-0.020428,270.350257,-0.020428,0.032086,0.032086
94.000000,9.600000,9.450000,274.240000,0.000000,45.806297,0.017676,234.240000,0.000000,0.000000,38.800000,0.000000,280.046297,0.017676,5.806324,B,150,40,274.226297,0.017676,274.226297,0.017676,0.022365,0.022365
95.000000,9.700000,9.550000,278.135000,0.000000,45.814086,-0.037815,238.135000,0.000000,0.000000,39.100000,0.000000,283.949086,-0.037815,5.814209,B,150,40,278.084086,-0.037815,278.084086,-0.037815,0.063421,0.063421
96.000000,9.800000,9.650000,282.060000,0.000000,45.845472,-0.007991,242.060000,0.000000,0.000000,39.400000,0.000000,287.905472,-0.007991,5.845478,B,150,40,281.995472,-0.007991,281.995472,-0.007991,0.065021,0.065021
97.000000,9.900000,9.750000,286.015000,0.000000,45.897673,0.015229,246.015000,0.000000,0.000000,39.700000,0.000000,291.912673,0.015229,5.897693,B,150,40,285.957673,0.015229,285.957673,0.015229,0.059315,0.059315
98.000000,10.000000,9.850000,290.000000,0.000000,45.957804,0.012840,250.000000,0.000000,0.000000,40.000000,0.000000,295.957804,0.012840,5.957818,B,150,40,289.957804,0.012840,289.957804,0.012840,0.044107,0.044107
99.000000,10.100000,9.950000,294.015000,0.000000,46.017897,-0.010776,254.015000,0.000000,0.000000,40.300000,0.000000,300.032897,-0.010776,6.017906,B,150,40,293.987897,-0.010776,293.987897,-0.010776,0.029167,0.029167
0.000000,0.200000,0.000000,12.060000,0.000000,12.061738,0.003690,2.060000,0.000000,0.000000,10.600000,0.000000,14.121738,0.003690,2.061742,B,200,10,12.001738,0.003690,12.001738,0.003690,0.058378,0.058378
1.000000,0.300000,0.100000,13.135000,0.000000,12.139466,-0.029833,3.135000,0.000000,0.000000,10.900000,0.000000,15.274466,-0.029833,2.139674,B,200,10,13.094466,-0.029833,13.094466,-0.029833,0.050329,0.050329
2.000000,0.400000,0.200000,14.240000,0.000000,12.174711,0.000670,4.240000,0.000000,0.000000,11.200000,0.000000,16.414711,0.000670,2.174711,B,200,10,14.174711,0.000670,14.174711,0.000670,0.065293,0.065293
3.000000,0.500000,0.300000,15.375000,0.000000,12.229042,-0.025919,5.375000,0.000000,0.000000,11.500000,0.000000,17.604042,-0.025919,2.229193,B,200,10,15.304042,-0.025919,15.304042,-0.025919,0.075544,0.075544
4.000000,0.600000,0.400000,16.540000,0.000000,12.282655,0.009133,6.540000,0.000000,0.000000,11.800000,0.000000,18.822655,0.009133,2.282674,B,200,10,16.462655,0.009133,16.462655,0.009133,0.077882,0.077882
5.000000,0.700000,0.500000,17.735000,0.000000,12.375038,-0.004246,7.735000,0.000000,0.000000,12.100000,0.000000,20.110038,-0.004246,2.375042,B,200,10,17.690038,-0.004246,17.690038,-0.004246,0.045162,0.045162
6.000000,0.800000,0.600000,18.960000,0.000000,12.426651,-0.016756,8.960000,0.000000,0.000000,12.400000,0.000000,21.386651,-0.016756,2.426709,B,200,10,18.906651,-0.016756,18.906651,-0.016756,0.055919,0.055919
7.000000,0.900000,0.700000,20.215000,0.000000,12.501102,-0.001500,10.215000,0.000000,0.000000,12.700000,0.000000,22.716102,-0.001500,2.501103,B,200,10,20.176102,-0.001500,20.176102,-0.001500,0.038926,0.038926
8.000000,1.000000,0.800000,21.500000,0.000000,12.497154,-0.003313,11.500000,0.000000,0.000000,13.000000,0.000000,23.997154,-0.003313,2.497156,B,200,10,21.397154,-0.003313,21.397154,-0.003313,0.102900,0.102900
9.000000,1.100000,0.900000,22.815000,0.000000,12.667111,-0.003098,12.815000,0.000000,0.000000,13.300000,0.000000,25.482111,-0.003098,2.667113,B,200,10,22.822111,-0.003098,22.822111,-0.003098,0.007756,0.007756
10.000000,1.200000,1.000000,24.160000,0.000000,12.660951,0.033260,14.160000,0.000000,0.000000,13.600000,0.000000,26.820951,0.033260,2.661159,B,200,10,24.100951,0.033260,24.100951,0.033260,0.067772,0.067772
11.000000,1.300000,1.100000,25.535000,0.000000,12.709415,-0.047367,15.535000,0.000000,0.000000,13.900000,0.000000,28.244415,-0.047367,2.709829,B,200,10,25.464415,-0.047367,25.464415,-0.047367,0.085005,0.085005
12.000000,1.400000,1.200000,26.940000,0.000000,12.787361,0.015547,16.940000,0.000000,0.000000,14.200000,0.000000,29.727361,0.015547,2.787405,B,200,10,26.887361,0.015547,26.887361,0.015547,0.054886,0.054886
13.000000,1.500000,1.300000,28.375000,0.000000,12.857884,0.000824,18.375000,0.000000,0.000000,14.500000,0.000000,31.232884,0.000824,2.857884,B,200,10,28.332884,0.000824,28.332884,0.000824,0.042125,0.042125
14.000000,1.600000,1.400000,29.840000,0.000000,12.891272,-0.006860,19.840000,0.000000,0.000000,14.800000,0.000000,32.731272,-0.006860,2.891280,B,200,10,29.771272,-0.006860,29.771272,-0.006860,0.069070,0.069070
15.000000,1.700000,1.500000,31.335000,0.000000,12.947678,-0.004451,21.335000,0.000000,0.000000,15.100000,0.000000,34.282678,-0.004451,2.947681,B,200,10,31.262678,-0.004451,31.262678,-0.004451,0.072459,0.072459
16.000000,1.800000,1.600000,32.860000,0.000000,13.058756,0.020748,22.860000,0.000000,0.000000,15.400000,0.000000,35.918756,0.020748,3.058826,B,200,10,32.838756,0.020748,32.838756,0.020748,0.029695,0.029695
17.000000,1.900000,1.700000,34.415000,0.000000,13.100397,0.029661,24.415000,0.000000,0.000000,15.700000,0.000000,37.515397,0.029661,3.100539,B,200,10,34.375397,0.029661,34.375397,0.029661,0.049479,0.049479
18.000000,2.000000,1.800000,36.000000,0.000000,13.124620,-0.007522,26.000000,0.000000,0.000000,16.000000,0.000000,39.124620,-0.007522,3.124629,B,200,10,35.924620,-0.007522,35.924620,-0.007522,0.075754,0.075754
19.000000,2.100000,1.900000,37.615000,0.000000,13.217458,-0.006575,27.615000,0.000000,0.000000,16.300000,0.000000,40.832458,-0.006575,3.217465,B,200,10,37.572458,-0.006575,37.572458,-0.006575,0.043047,0.043047
20.000000,2.200000,2.000000,39.260000,0.000000,13.273457,-0.027498,29.260000,0.000000,0.000000,16.600000,0.000000,42.533457,-0.027498,3.273573,B,200,10,39.213457,-0.027498,39.213457,-0.027498,0.054059,0.054059
21.000000,2.300000,2.100000,40.935000,0.000000,13.338002,-0.014386,30.935000,0.000000,0.000000,16.900000,0.000000,44.273002,-0.014386,3.338033,B,200,10,40.893002,-0.014386,40.893002,-0.014386,0.044394,0.044394
22.000000,2.400000,2.200000,42.640000,0.000000,13.373118,-0.012359,32.640000,0.000000,0.000000,17.200000,0.000000,46.013118,-0.012359,3.373140,B,200,10,42.573118,-0.012359,42.573118,-0.012359,0.068015,0.068015
23.000000,2.500000,2.300000,44.375000,0.000000,13.419449,-0.008532,34.375000,0.000000,0.000000,17.500000,0.000000,47.794449,-0.008532,3.419460,B,200,10,44.294449,-0.008532,44.294449,-0.008532,0.081002,0.081002
24.000000,2.600000,2.400000,46.140000,0.000000,13.528453,-0.002478,36.140000,0.000000,0.000000,17.800000,0.000000,49.668453,-0.002478,3.528454,B,200,10,46.108453,-0.002478,46.108453,-0.002478,0.031644,0.031644
25.000000,2.700000,2.500000,47.935000,0.000000,13.556522,-0.006489,37.935000,0.000000,0.000000,18.100000,0.000000,51.491522,-0.006489,3.556528,B,200,10,47.871522,-0.006489,47.871522,-0.006489,0.063809,0.063809
26.000000,2.800000,2.600000,49.760000,0.000000,13.602172,0.020990,39.760000,0.000000,0.000000,18.400000,0.000000,53.362172,0.020990,3.602233,B,200,10,49.682172,0.020990,49.682172,0.020990,0.080609,0.080609
27.000000,2.900000,2.700000,51.615000,0.000000,13.707887,-0.019470,41.615000,0.000000,0.000000,18.700000,0.000000,55.322887,-0.019470,3.707938,B,200,10,51.582887,-0.019470,51.582887,-0.019470,0.037554,0.037554
28.000000,3.000000,2.800000,53.500000,0.000000,13.719972,-0.013155,43.500000,0.000000,0.000000,19.000000,0.000000,57.219972,-0.013155,3.719995,B,200,10,53.419972,-0.013155,53.419972,-0.013155,0.081102,0.081102
29.000000,3.100000,2.900000,55.415000,0.000000,13.790958,-0.005766,45.415000,0.000000,0.000000,19.300000,0.000000,59.205958,-0.005766,3.790963,B,200,10,55.345958,-0.005766,55.345958,-0.005766,0.069282,0.069282
30.000000,3.200000,3.000000,57.360000,0.000000,13.896184,0.013290,47.360000,0.000000,0.000000,19.600000,0.000000,61.256184,0.013290,3.896206,B,200,10,57.336184,0.013290,57.336184,0.013290,0.027273,0.027273
31.000000,3.300000,3.100000,59.335000,0.000000,13.879415,0.051470,49.335000,0.000000,0.000000,19.900000,0.000000,63.214415,0.051470,3.879757,B,200,10,59.234415,0.051470,59.234415,0.051470,0.112989,0.112989
32.000000,3.400000,3.200000,61.340000,0.000000,13.957733,-0.005831,51.340000,0.000000,0.000000,20.200000,0.000000,65.297733,-0.005831,3.957738,B,200,10,61.257733,-0.005831,61.257733,-0.005831,0.082473,0.082473
33.000000,3.500000,3.300000,63.375000,0.000000,14.043807,-0.023155,53.375000,0.000000,0.000000,20.500000,0.000000,67.418807,-0.023155,4.043873,B,200,10,63.318807,-0.023155,63.318807,-0.023155,0.060777,0.060777
34.000000,3.600000,3.400000,65.440000,0.000000,14.096741,-0.000859,55.440000,0.000000,0.000000,20.800000,0.000000,69.536741,-0.000859,4.096741,B,200,10,65.376741,-0.000859,65.376741,-0.000859,0.063265,0.063265
35.000000,3.700000,3.500000,67.535000,0.000000,14.167764,-0.005340,57.535000,0.000000,0.000000,21.100000,0.000000,71.702764,-0.005340,4.167767,B,200,10,67.482764,-0.005340,67.482764,-0.005340,0.052508,0.052508
36.000000,3.800000,3.600000,69.660000,0.000000,14.215597,-0.005033,59.660000,0.000000,0.000000,21.400000,0.000000,73.875597,-0.005033,4.215600,B,200,10,69.595597,-0.005033,69.595597,-0.005033,0.064599,0.064599
37.000000,3.900000,3.700000,71.815000,0.000000,14.308854,-0.001652,61.815000,0.000000,0.000000,21.700000,0.000000,76.123854,-0.001652,4.308854,B,200,10,71.783854,-0.001652,71.783854,-0.001652,0.031190,0.031190
38.000000,4.000000,3.800000,74.000000,0.000000,14.367195,0.008269,64.000000,0.000000,0.000000,22.000000,0.000000,78.367195,0.008269,4.367203,B,200,10,73.967195,0.008269,73.967195,0.008269,0.033831,0.033831
39.000000,4.100000,3.900000,76.215000,0.000000,14.412345,0.019969,66.215000,0.000000,0.000000,22.300000,0.000000,80.627345,0.019969,4.412390,B,200,10,76.167345,0.019969,76.167345,0.019969,0.051670,0.051670
40.000000,4.200000,4.000000,78.460000,0.000000,14.443220,-0.008756,68.460000,0.000000,0.000000,22.600000,0.000000,82.903220,-0.008756,4.443229,B,200,10,78.383220,-0.008756,78.383220,-0.008756,0.077278,0.077278
41.000000,4.300000,4.100000,80.735000,0.000000,14.529997,0.002628,70.735000,0.000000,0.000000,22.900000,0.000000,85.264997,0.002628,4.529998,B,200,10,80.684997,0.002628,80.684997,0.002628,0.050072,0.050072
42.000000,4.400000,4.200000,83.040000,0.000000,14.582375,0.013588,73.040000,0.000000,0.000000,23.200000,0.000000,87.622375,0.013588,4.582395,B,200,10,82.982375,0.013588,82.982375,0.013588,0.059205,0.059205
43.000000,4.500000,4.300000,85.375000,0.000000,14.634052,0.007504,75.375000,0.000000,0.000000,23.500000,0.000000,90.009052,0.007504,4.634058,B,200,10,85.309052,0.007504,85.309052,0.007504,0.066374,0.066374
44.000000,4.600000,4.400000,87.740000,0.000000,14.679717,-0.015884,77.740000,0.000000,0.000000,23.800000,0.000000,92.419717,-0.015884,4.679744,B,200,10,87.659717,-0.015884,87.659717,-0.015884,0.081840,0.081840
45.000000,4.700000,4.500000,90.135000,0.000000,14.796338,-0.001334,80.135000,0.000000,0.000000,24.100000,0.000000,94.931338,-0.001334,4.796338,B,200,10,90.111338,-0.001334,90.111338,-0.001334,0.023700,0.023700
46.000000,4.800000,4.600000,92.560000,0.000000,14.801962,0.011488,82.560000,0.000000,0.000000,24.400000,0.000000,97.361962,0.011488,4.801976,B,200,10,92.481962,0.011488,92.481962,0.011488,0.078879,0.078879
47.000000,4.900000,4.700000,95.015000,0.000000,14.884495,-0.027677,85.015000,0.000000,0.000000,24.700000,0.000000,99.899495,-0.027677,4.884573,B,200,10,94.959495,-0.027677,94.959495,-0.027677,0.062023,0.062023
48.000000,5.000000,4.800000,97.500000,0.000000,14.959610,-0.000153,87.500000,0.000000,0.000000,25.000000,0.000000,102.459610,-0.000153,4.959610,B,200,10,97.459610,-0.000153,97.459610,-0.000153,0.040391,0.040391
49.000000,5.100000,4.900000,100.015000,0.000000,14.973002,0.027247,90.015000,0.000000,0.000000,25.300000,0.000000,104.988002,0.027247,4.973076,B,200,10,99.928002,0.027247,99.928002,0.027247,0.091165,0.091165
50.000000,5.200000,5.000000,102.560000,0.000000,15.060740,0.007859,92.560000,0.000000,0.000000,25.600000,0.000000,107.620740,0.007859,5.060747,B,200,10,102.500740,0.007859,102.500740,0.007859,0.059778,0.059778
51.000000,5.300000,5.100000,105.135000,0.000000,15.127790,-0.041517,95.135000,0.000000,0.000000,25.900000,0.000000,110.262790,-0.041517,5.127958,B,200,10,105.082790,-0.041517,105.082790,-0.041517,0.066705,0.066705
52.000000,5.400000,5.200000,107.740000,0.000000,15.188349,0.019684,97.740000,0.000000,0.000000,26.200000,0.000000,112.928349,0.019684,5.188386,B,200,10,107.688349,0.019684,107.688349,0.019684,0.055275,0.055275
53.000000,5.500000,5.300000,110.375000,0.000000,15.220099,0.008523,100.375000,0.000000,0.000000,26.500000,0.000000,115.595099,0.008523,5.220106,B,200,10,110.295099,0.008523,110.295099,0.008523,0.080354,0.080354
54.000000,5.600000,5.400000,113.040000,0.000000,15.292207,-0.016220,103.040000,0.000000,0.000000,26.800000,0.000000,118.332207,-0.016220,5.292232,B,200,10,112.972207,-0.016220,112.972207,-0.016220,0.069706,0.069706
55.000000,5.700000,5.500000,115.735000,0.000000,15.342291,0.024079,105.735000,0.000000,0.000000,27.100000,0.000000,121.077291,0.024079,5.342345,B,200,10,115.657291,0.024079,115.657291,0.024079,0.081354,0.081354
56.000000,5.800000,5.600000,118.460000,0.000000,15.430054,0.002631,108.460000,0.000000,0.000000,27.400000,0.000000,123.890054,0.002631,5.430055,B,200,10,118.410054,0.002631,118.410054,0.002631,0.050015,0.050015
57.000000,5.900000,5.700000,121.215000,0.000000,15.497464,0.018210,111.215000,0.000000,0.000000,27.700000,0.000000,126.712464,0.018210,5.497494,B,200,10,121.172464,0.018210,121.172464,0.018210,0.046270,0.046270
58.000000,6.000000,5.800000,124.000000,0.000000,15.529612,0.015820,114.000000,0.000000,0.000000,28.000000,0.000000,129.529612,0.015820,5.529635,B,200,10,123.929612,0.015820,123.929612,0.015820,0.072144,0.072144
59.000000,6.100000,5.900000,126.815000,0.000000,15.638525,0.006988,116.815000,0.000000,0.000000,28.300000,0.000000,132.453525,0.006988,5.638530,B,200,10,126.793525,0.006988,126.793525,0.006988,0.022583,0.022583
60.000000,6.200000,6.000000,129.660000,0.000000,15.652960,0.010316,119.660000,0.000000,0.000000,28.600000,0.000000,135.312960,0.010316,5.652969,B,200,10,129.592960,0.010316,129.592960,0.010316,0.067829,0.067829
61.000000,6.300000,6.100000,132.535000,0.000000,15.722470,-0.010530,122.535000,0.000000,0.000000,28.900000,0.000000,138.257470,-0.010530,5.722480,B,200,10,132.477470,-0.010530,132.477470,-0.010530,0.058486,0.058486
62.000000,6.400000,6.200000,135.440000,0.000000,15.806203,-0.027806,125.440000,0.000000,0.000000,29.200000,0.000000,141.246203,-0.027806,5.806269,B,200,10,135.406203,-0.027806,135.406203,-0.027806,0.043766,0.043766
63.000000,6.500000,6.300000,138.375000,0.000000,15.836108,-0.018223,128.375000,0.000000,0.000000,29.500000,0.000000,144.211108,-0.018223,5.836137,B,200,10,138.311108,-0.018223,138.311108,-0.018223,0.066440,0.066440
64.000000,6.600000,6.400000,141.340000,0.000000,15.909461,-0.010648,131.340000,0.000000,0.000000,29.800000,0.000000,147.249461,-0.010648,5.909470,B,200,10,141.289461,-0.010648,141.289461,-0.010648,0.051649,0.051649
65.000000,6.700000,6.500000,144.335000,0.000000,15.984409,-0.012925,134.335000,0.000000,0.000000,30.100000,0.000000,150.319409,-0.012925,5.984423,B,200,10,144.299409,-0.012925,144.299409,-0.012925,0.037865,0.037865
66.000000,6.800000,6.600000,147.360000,0.000000,16.015229,-0.010048,137.360000,0.000000,0.000000,30.400000,0.000000,153.375229,-0.010048,6.015238,B,200,10,147.295229,-0.010048,147.295229,-0.010048,0.065546,0.065546
67.000000,6.900000,6.700000,150.415000,0.000000,16.068363,-0.020520,140.415000,0.000000,0.000000,30.700000,0.000000,156.483363,-0.020520,6.068397,B,200,10,150.343363,-0.020520,150.343363,-0.020520,0.074518,0.074518
68.000000,7.000000,6.800000,153.500000,0.000000,16.143293,0.010701,143.500000,0.000000,0.000000,31.000000,0.000000,159.643293,0.010701,6.143302,B,200,10,153.443293,0.010701,153.443293,0.010701,0.057708,0.057708
69.000000,7.100000,6.900000,156.615000,0.000000,16.216031,-0.017414,146.615000,0.000000,0.000000,31.300000,0.000000,162.831031,-0.017414,6.216055,B,200,10,156.571031,-0.017414,156.571031,-0.017414,0.047292,0.047292
70.000000,7.200000,7.000000,159.760000,0.000000,16.255645,-0.018823,149.760000,0.000000,0.000000,31.600000,0.000000,166.015645,-0.018823,6.255674,B,200,10,159.695645,-0.018823,159.695645,-0.018823,0.067051,0.067051
71.000000,7.300000,7.100000,162.935000,0.000000,16.352604,0.006900,152.935000,0.000000,0.000000,31.900000,0.000000,169.287604,0.006900,6.352608,B,200,10,162.907604,0.006900,162.907604,0.006900,0.028252,0.028252
72.000000,7.400000,7.200000,166.140000,0.000000,16.387422,-0.014900,156.140000,0.000000,0.000000,32.200000,0.000000,172.527422,-0.014900,6.387439,B,200,10,166.087422,-0.014900,166.087422,-0.014900,0.054649,0.054649
73.000000,7.500000,7.300000,169.375000,0.000000,16.434618,-0.013598,159.375000,0.000000,0.000000,32.500000,0.000000,175.809618,-0.013598,6.434633,B,200,10,169.309618,-0.013598,169.309618,-0.013598,0.066781,0.066781
74.000000,7.600000,7.400000,172.640000,0.000000,16.475946,-0.020468,162.640000,0.000000,0.000000,32.800000,0.000000,179.115946,-0.020468,6.475979,B,200,10,172.555946,-0.020468,172.555946,-0.020468,0.086510,0.086510
75.000000,7.700000,7.500000,175.935000,0.000000,16.546369,0.000700,165.935000,0.000000,0.000000,33.100000,0.000000,182.481369,0.000700,6.546369,B,200,10,175.861369,0.000700,175.861369,0.000700,0.073634,0.073634
76.000000,7.800000,7.600000,179.260000,0.000000,16.637519,0.011151,169.260000,0.000000,0.000000,33.400000,0.000000,185.897519,0.011151,6.637528,B,200,10,179.217519,0.011151,179.217519,0.011151,0.043920,0.043920
77.000000,7.900000,7.700000,182.615000,0.000000,16.654463,0.027022,172.615000,0.000000,0.000000,33.700000,0.000000,189.269463,0.027022,6.654518,B,200,10,182.529463,0.027022,182.529463,0.027022,0.089704,0.089704
78.000000,8.000000,7.800000,186.000000,0.000000,16.731995,0.001692,176.000000,0.000000,0.000000,34.000000,0.000000,192.731995,0.001692,6.731996,B,200,10,185.931995,0.001692,185.931995,0.001692,0.068026,0.068026
79.000000,8.100000,7.900000,189.415000,0.000000,16.821697,0.017269,179.415000,0.000000,0.000000,34.300000,0.000000,196.236697,0.017269,6.821719,B,200,10,189.376697,0.017269,189.376697,0.017269,0.042016,0.042016
80.000000,8.200000,8.000000,192.860000,0.000000,16.851702,-0.020857,182.860000,0.000000,0.000000,34.600000,0.000000,199.711702,-0.020857,6.851734,B,200,10,192.791702,-0.020857,192.791702,-0.020857,0.071412,0.071412
81.000000,8.300000,8.100000,196.335000,0.000000,16.972918,-0.022507,186.335000,0.000000,0.000000,34.900000,0.000000,203.307918,-0.022507,6.972954,B,200,10,196.327918,-0.022507,196.327918,-0.022507,0.023595,0.023595
82.000000,8.400000,8.200000,199.840000,0.000000,16.991540,-0.021344,189.840000,0.000000,0.000000,35.200000,0.000000,206.831540,-0.021344,6.991572,B,200,10,199.791540,-0.021344,199.791540,-0.021344,0.052953,0.052953
83.000000,8.500000,8.300000,203.375000,0.000000,17.027329,-0.000453,193.375000,0.000000,0.000000,35.500000,0.000000,210.402329,-0.000453,7.027329,B,200,10,203.302329,-0.000453,203.302329,-0.000453,0.072673,0.072673
84.000000,8.600000,8.400000,206.940000,0.000000,17.100749,0.007546,196.940000,0.000000,0.000000,35.800000,0.000000,214.040749,0.007546,7.100754,B,200,10,206.880749,0.007546,206.880749,0.007546,0.059729,0.059729
85.000000,8.700000,8.500000,210.535000,0.000000,17.173543,-0.031688,200.535000,0.000000,0.000000,36.100000,0.000000,217.708543,-0.031688,7.173613,B,200,10,210.488543,-0.031688,210.488543,-0.031688,0.056235,0.056235
86.000000,8.800000,8.600000,214.160000,0.000000,17.233383,-0.003530,204.160000,0.000000,0.000000,36.400000,0.000000,221.393383,-0.003530,7.233384,B,200,10,214.113383,-0.003530,214.113383,-0.003530,0.046750,0.046750
87.000000,8.900000,8.700000,217.815000,0.000000,17.290440,-0.009770,207.815000,0.000000,0.000000,36.700000,0.000000,225.105440,-0.009770,7.290446,B,200,10,217.765440,-0.009770,217.765440,-0.009770,0.050514,0.050514
88.000000,9.000000,8.800000,221.500000,0.000000,17.327904,0.037135,211.500000,0.000000,0.000000,37.000000,0.000000,228.827904,0.037135,7.327998,B,200,10,221.427904,0.037135,221.427904,0.037135,0.081098,0.081098
89.000000,9.100000,8.900000,225.215000,0.000000,17.419744,-0.016626,215.215000,0.000000,0.000000,37.300000,0.000000,232.634744,-0.016626,7.419763,B,200,10,225.174744,-0.016626,225.174744,-0.016626,0.043554,0.043554
90.000000,9.200000,9.000000,228.960000,0.000000,17.452883,0.024953,218.960000,0.000000,0.000000,37.600000,0.000000,236.412883,0.024953,7.452925,B,200,10,228.892883,0.024953,228.892883,0.024953,0.071606,0.071606
91.000000,9.300000,9.100000,232.735000,0.000000,17.503592,-0.020656,222.735000,0.000000,0.000000,37.900000,0.000000,240.238592,-0.020656,7.503620,B,200,10,232.658592,-0.020656,232.658592,-0.020656,0.079151,0.079151
92.000000,9.400000,9.200000,236.540000,0.000000,17.560664,-0.030215,226.540000,0.000000,0.000000,38.200000,0.000000,244.100664,-0.030215,7.560725,B,200,10,236.460664,-0.030215,236.460664,-0.030215,0.084895,0.084895
93.000000,9.500000,9.300000,240.375000,0.000000,17.647761,0.002284,230.375000,0.000000,0.000000,38.500000,0.000000,248.022761,0.002284,7.647761,B,200,10,240.322761,0.002284,240.322761,0.002284,0.052289,0.052289
94.000000,9.600000,9.400000,244.240000,0.000000,17.714268,0.031858,234.240000,0.000000,0.000000,38.800000,0.000000,251.954268,0.031858,7.714333,B,200,10,244.194268,0.031858,244.194268,0.031858,0.055735,0.055735
95.000000,9.700000,9.500000,248.135000,0.000000,17.768626,-0.015014,238.135000,0.000000,0.000000,39.100000,0.000000,255.903626,-0.015014,7.768641,B,200,10,248.083626,-0.015014,248.083626,-0.015014,0.053523,0.053523
96.000000,9.800000,9.600000,252.060000,0.000000,17.819115,-0.022888,242.060000,0.000000,0.000000,39.400000,0.000000,259.879115,-0.022888,7.819148,B,200,10,251.999115,-0.022888,251.999115,-0.022888,0.065045,0.065045
97.000000,9.900000,9.700000,256.015000,0.000000,17.872341,0.004065,246.015000,0.000000,0.000000,39.700000,0.000000,263.887341,0.004065,7.872342,B,200,10,255.947341,0.004065,255.947341,0.004065,0.067781,0.067781
98.000000,10.000000,9.800000,260.000000,0.000000,17.938594,-0.009042,250.000000,0.000000,0.000000,40.000000,0.000000,267.938594,-0.009042,7.938599,B,200,10,259.938594,-0.009042,259.938594,-0.009042,0.062068,0.062068
99.000000,10.100000,9.900000,264.015000,0.000000,17.971921,-0.001055,254.015000,0.000000,0.000000,40.300000,0.000000,271.986921,-0.001055,7.971921,B,200,10,263.926921,-0.001055,263.926921,-0.001055,0.088085,0.088085
0.000000,0.200000,0.000000,22.060000,0.000000,22.034641,0.005317,2.060000,0.000000,0.000000,10.600000,0.000000,24.094641,0.005317,2.034648,B,200,20,21.974641,0.005317,21.974641,0.005317,0.085525,0.085525
1.000000,0.300000,0.100000,23.135000,0.000000,22.128699,-0.017378,3.135000,0.000000,0.000000,10.900000,0.000000,25.263699,-0.017378,2.128770,B,200,20,23.083699,-0.017378,23.083699,-0.017378,0.054165,0.054165
2.000000,0.400000,0.200000,24.240000,0.000000,22.210774,0.001433,4.240000,0.000000,0.000000,11.200000,0.000000,26.450774,0.001433,2.210774,B,200,20,24.210774,0.001433,24.210774,0.001433,0.029261,0.029261
3.000000,0.500000,0.300000,25.375000,0.000000,22.233408,0.009994,5.375000,0.000000,0.000000,11.500000,0.000000,27.608408,0.009994,2.233431,B,200,20,25.308408,0.009994,25.308408,0.009994,0.067337,0.067337
4.000000,0.600000,0.400000,26.540000,0.000000,22.327754,-0.015568,6.540000,0.000000,0.000000,11.800000,0.000000,28.867754,-0.015568,2.327806,B,200,20,26.507754,-0.015568,26.507754,-0.015568,0.035808,0.035808
5.000000,0.700000,0.500000,27.735000,0.000000,22.359916,0.016255,7.735000,0.000000,0.000000,12.100000,0.000000,30.094916,0.016255,2.359972,B,200,20,27.674916,0.016255,27.674916,0.016255,0.062244,0.062244
6.000000,0.800000,0.600000,28.960000,0.000000,22.429036,-0.006182,8.960000,0.000000,0.000000,12.400000,0.000000,31.389036,-0.006182,2.429044,B,200,20,28.909036,-0.006182,28.909036,-0.006182,0.051337,0.051337
7.000000,0.900000,0.700000,30.215000,0.000000,22.459190,-0.034028,10.215000,0.000000,0.000000,12.700000,0.000000,32.674190,-0.034028,2.459425,B,200,20,30.134190,-0.034028,30.134190,-0.034028,0.087682,0.087682
8.000000,1.000000,0.800000,31.500000,0.000000,22.597786,0.021741,11.500000,0.000000,0.000000,13.000000,0.000000,34.097786,0.021741,2.597877,B,200,20,31.497786,0.021741,31.497786,0.021741,0.021853,0.021853
9.000000,1.100000,0.900000,32.815000,0.000000,22.596597,-0.011195,12.815000,0.000000,0.000000,13.300000,0.000000,35.411597,-0.011195,2.596621,B,200,20,32.751597,-0.011195,32.751597,-0.011195,0.064383,0.064383
10.000000,1.200000,1.000000,34.160000,0.000000,22.650957,0.016975,14.160000,0.000000,0.000000,13.600000,0.000000,36.810957,0.016975,2.651011,B,200,20,34.090957,0.016975,34.090957,0.016975,0.071099,0.071099
11.000000,1.300000,1.100000,35.535000,0.000000,22.740116,-0.008251,15.535000,0.000000,0.000000,13.900000,0.000000,38.275116,-0.008251,2.740128,B,200,20,35.495116,-0.008251,35.495116,-0.008251,0.040729,0.040729
12.000000,1.400000,1.200000,36.940000,0.000000,22.803363,-0.025213,16.940000,0.000000,0.000000,14.200000,0.000000,39.743363,-0.025213,2.803477,B,200,20,36.903363,-0.025213,36.903363,-0.025213,0.044474,0.044474
13.000000,1.500000,1.300000,38.375000,0.000000,22.822895,0.026890,18.375000,0.000000,0.000000,14.500000,0.000000,41.197895,0.026890,2.823023,B,200,20,38.297895,0.026890,38.297895,0.026890,0.081659,0.081659
14.000000,1.600000,1.400000,39.840000,0.000000,22.885175,0.003107,19.840000,0.000000,0.000000,14.800000,0.000000,42.725175,0.003107,2.885177,B,200,20,39.765175,0.003107,39.765175,0.003107,0.074889,0.074889
15.000000,1.700000,1.500000,41.335000,0.000000,22.981163,0.010716,21.335000,0.000000,0.000000,15.100000,0.000000,44.316163,0.010716,2.981183,B,200,20,41.296163,0.010716,41.296163,0.010716,0.040288,0.040288
16.000000,1.800000,1.600000,42.860000,0.000000,22.983657,-0.012314,22.860000,0.000000,0.000000,15.400000,0.000000,45.843657,-0.012314,2.983683,B,200,20,42.763657,-0.012314,42.763657,-0.012314,0.097127,0.097127
17.000000,1.900000,1.700000,44.415000,0.000000,23.094763,-0.035412,24.415000,0.000000,0.000000,15.700000,0.000000,47.509763,-0.035412,3.094966,B,200,20,44.369763,-0.035412,44.369763,-0.035412,0.057449,0.057449
18.000000,2.000000,1.800000,46.000000,0.000000,23.163431,-0.012117,26.000000,0.000000,0.000000,16.000000,0.000000,49.163431,-0.012117,3.163454,B,200,20,45.963431,-0.012117,45.963431,-0.012117,0.038524,0.038524
19.000000,2.100000,1.900000,47.615000,0.000000,23.218757,-0.001510,27.615000,0.000000,0.000000,16.300000,0.000000,50.833757,-0.001510,3.218758,B,200,20,47.573757,-0.001510,47.573757,-0.001510,0.041270,0.041270
20.000000,2.200000,2.000000,49.260000,0.000000,23.289681,0.019638,29.260000,0.000000,0.000000,16.600000,0.000000,52.549681,0.019638,3.289740,B,200,20,49.229681,0.019638,49.229681,0.019638,0.036123,0.036123
21.000000,2.300000,2.100000,50.935000,0.000000,23.314826,0.006353,30.935000,0.000000,0.000000,16.900000,0.000000,54.249826,0.006353,3.314833,B,200,20,50.869826,0.006353,50.869826,0.006353,0.065482,0.065482
22.000000,2.400000,2.200000,52.640000,0.000000,23.395710,0.010424,32.640000,0.000000,0.000000,17.200000,0.000000,56.035710,0.010424,3.395726,B,200,20,52.595710,0.010424,52.595710,0.010424,0.045501,0.045501
23.000000,2.500000,2.300000,54.375000,0.000000,23.458802,0.010346,34.375000,0.000000,0.000000,17.500000,0.000000,57.833802,0.010346,3.458817,B,200,20,54.333802,0.010346,54.333802,0.010346,0.042477,0.042477
24.000000,2.600000,2.400000,56.140000,0.000000,23.490229,-0.005135,36.140000,0.000000,0.000000,17.800000,0.000000,59.630229,-0.005135,3.490233,B,200,20,56.070229,-0.005135,56.070229,-0.005135,0.069960,0.069960
25.000000,2.700000,2.500000,57.935000,0.000000,23.592570,-0.015890,37.935000,0.000000,0.000000,18.100000,0.000000,61.527570,-0.015890,3.592605,B,200,20,57.907570,-0.015890,57.907570,-0.015890,0.031700,0.031700
26.000000,2.800000,2.600000,59.760000,0.000000,23.635387,0.020274,39.760000,0.000000,0.000000,18.400000,0.000000,63.395387,0.020274,3.635443,B,200,20,59.715387,0.020274,59.715387,0.020274,0.049004,0.049004
27.000000,2.900000,2.700000,61.615000,0.000000,23.642687,-0.038835,41.615000,0.000000,0.000000,18.700000,0.000000,65.257687,-0.038835,3.642894,B,200,20,61.517687,-0.038835,61.517687,-0.038835,0.104775,0.104775
28.000000,3.000000,2.800000,63.500000,0.000000,23.727202,0.000375,43.500000,0.000000,0.000000,19.000000,0.000000,67.227202,0.000375,3.727202,B,200,20,63.427202,0.000375,63.427202,0.000375,0.072799,0.072799
29.000000,3.100000,2.900000,65.415000,0.000000,23.798351,0.013070,45.415000,0.000000,0.000000,19.300000,0.000000,69.213351,0.013070,3.798373,B,200,20,65.353351,0.013070,65.353351,0.013070,0.063020,0.063020
30.000000,3.200000,3.000000,67.360000,0.000000,23.869827,-0.000252,47.360000,0.000000,0.000000,19.600000,0.000000,71.229827,-0.000252,3.869827,B,200,20,67.309827,-0.000252,67.309827,-0.000252,0.050173,0.050173
31.000000,3.300000,3.100000,69.335000,0.000000,23.950604,-0.005238,49.335000,0.000000,0.000000,19.900000,0.000000,73.285604,-0.005238,3.950607,B,200,20,69.305604,-0.005238,69.305604,-0.005238,0.029859,0.029859
32.000000,3.400000,3.200000,71.340000,0.000000,23.947884,-0.023452,51.340000,0.000000,0.000000,20.200000,0.000000,75.287884,-0.023452,3.947953,B,200,20,71.247884,-0.023452,71.247884,-0.023452,0.095055,0.095055
33.000000,3.500000,3.300000,73.375000,0.000000,24.047655,0.004288,53.375000,0.000000,0.000000,20.500000,0.000000,77.422655,0.004288,4.047657,B,200,20,73.322655,0.004288,73.322655,0.004288,0.052520,0.052520
34.000000,3.600000,3.400000,75.440000,0.000000,24.100032,-0.009764,55.440000,0.000000,0.000000,20.800000,0.000000,79.540032,-0.009764,4.100044,B,200,20,75.380032,-0.009764,75.380032,-0.009764,0.060758,0.060758
35.000000,3.700000,3.500000,77.535000,0.000000,24.153608,0.010815,57.535000,0.000000,0.000000,21.100000,0.000000,81.688608,0.010815,4.153622,B,200,20,77.468608,0.010815,77.468608,0.010815,0.067267,0.067267
36.000000,3.800000,3.600000,79.660000,0.000000,24.232263,-0.003725,59.660000,0.000000,0.000000,21.400000,0.000000,83.892263,-0.003725,4.232265,B,200,20,79.612263,-0.003725,79.612263,-0.003725,0.047882,0.047882
37.000000,3.900000,3.700000,81.815000,0.000000,24.305681,-0.020473,61.815000,0.000000,0.000000,21.700000,0.000000,86.120681,-0.020473,4.305730,B,200,20,81.780681,-0.020473,81.780681,-0.020473,0.039962,0.039962
38.000000,4.000000,3.800000,84.000000,0.000000,24.310268,-0.016616,64.000000,0.000000,0.000000,22.000000,0.000000,88.310268,-0.016616,4.310300,B,200,20,83.910268,-0.016616,83.910268,-0.016616,0.091258,0.091258
39.000000,4.100000,3.900000,86.215000,0.000000,24.414612,-0.008357,66.215000,0.000000,0.000000,22.300000,0.000000,90.629612,-0.008357,4.414620,B,200,20,86.169612,-0.008357,86.169612,-0.008357,0.046151,0.046151
40.000000,4.200000,4.000000,88.460000,0.000000,24.492358,-0.027208,68.460000,0.000000,0.000000,22.600000,0.000000,92.952358,-0.027208,4.492440,B,200,20,88.432358,-0.027208,88.432358,-0.027208,0.038786,0.038786
41.000000,4.300000,4.100000,90.735000,0.000000,24.541892,0.033903,70.735000,0.000000,0.000000,22.900000,0.000000,95.276892,0.033903,4.542018,B,200,20,90.696892,0.033903,90.696892,0.033903,0.051007,0.051007
42.000000,4.400000,4.200000,93.040000,0.000000,24.539099,0.012926,73.040000,0.000000,0.000000,23.200000,0.000000,97.579099,0.012926,4.539117,B,200,20,92.939099,0.012926,92.939099,0.012926,0.101726,0.101726
43.000000,4.500000,4.300000,95.375000,0.000000,24.659523,0.003699,75.375000,0.000000,0.000000,23.500000,0.000000,100.034523,0.003699,4.659525,B,200,20,95.334523,0.003699,95.334523,0.003699,0.040646,0.040646
44.000000,4.600000,4.400000,97.740000,0.000000,24.681415,0.042588,77.740000,0.000000,0.000000,23.800000,0.000000,102.421415,0.042588,4.681609,B,200,20,97.661415,0.042588,97.661415,0.042588,0.089383,0.089383
45.000000,4.700000,4.500000,100.135000,0.000000,24.753437,-0.008089,80.135000,0.000000,0.000000,24.100000,0.000000,104.888437,-0.008089,4.753444,B,200,20,100.068437,-0.008089,100.068437,-0.008089,0.067053,0.067053
46.000000,4.800000,4.600000,102.560000,0.000000,24.843487,0.004075,82.560000,0.000000,0.000000,24.400000,0.000000,107.403487,0.004075,4.843489,B,200,20,102.523487,0.004075,102.523487,0.004075,0.036740,0.036740
47.000000,4.900000,4.700000,105.015000,0.000000,24.884122,0.000148,85.015000,0.000000,0.000000,24.700000,0.000000,109.899122,0.000148,4.884122,B,200,20,104.959122,0.000148,104.959122,0.000148,0.055878,0.055878
48.000000,5.000000,4.800000,107.500000,0.000000,24.945000,-0.003164,87.500000,0.000000,0.000000,25.000000,0.000000,112.445000,-0.003164,4.945001,B,200,20,107.445000,-0.003164,107.445000,-0.003164,0.055091,0.055091
49.000000,5.100000,4.900000,110.015000,0.000000,25.034022,-0.010545,90.015000,0.000000,0.000000,25.300000,0.000000,115.049022,-0.010545,5.034033,B,200,20,109.989022,-0.010545,109.989022,-0.010545,0.028037,0.028037
50.000000,5.200000,5.000000,112.560000,0.000000,25.048384,0.018380,92.560000,0.000000,0.000000,25.600000,0.000000,117.608384,0.018380,5.048417,B,200,20,112.488384,0.018380,112.488384,0.018380,0.073937,0.073937
51.000000,5.300000,5.100000,115.135000,0.000000,25.138687,-0.013879,95.135000,0.000000,0.000000,25.900000,0.000000,120.273687,-0.013879,5.138706,B,200,20,115.093687,-0.013879,115.093687,-0.013879,0.043582,0.043582
52.000000,5.400000,5.200000,117.740000,0.000000,25.195188,0.035023,97.740000,0.000000,0.000000,26.200000,0.000000,122.935188,0.035023,5.195306,B,200,20,117.695188,0.035023,117.695188,0.035023,0.056874,0.056874
53.000000,5.500000,5.300000,120.375000,0.000000,25.212598,-0.011270,100.375000,0.000000,0.000000,26.500000,0.000000,125.587598,-0.011270,5.212611,B,200,20,120.287598,-0.011270,120.287598,-0.011270,0.088125,0.088125
54.000000,5.600000,5.400000,123.040000,0.000000,25.300181,-0.007373,103.040000,0.000000,0.000000,26.800000,0.000000,128.340181,-0.007373,5.300187,B,200,20,122.980181,-0.007373,122.980181,-0.007373,0.060271,0.060271
55.000000,5.700000,5.500000,125.735000,0.000000,25.400206,-0.012683,105.735000,0.000000,0.000000,27.100000,0.000000,131.135206,-0.012683,5.400220,B,200,20,125.715206,-0.012683,125.715206,-0.012683,0.023509,0.023509
56.000000,5.800000,5.600000,128.460000,0.000000,25.440705,-0.015424,108.460000,0.000000,0.000000,27.400000,0.000000,133.900705,-0.015424,5.440726,B,200,20,128.420705,-0.015424,128.420705,-0.015424,0.042214,0.042214
57.000000,5.900000,5.700000,131.215000,0.000000,25.484015,0.002466,111.215000,0.000000,0.000000,27.700000,0.000000,136.699015,0.002466,5.484015,B,200,20,131.159015,0.002466,131.159015,0.002466,0.056040,0.056040
58.000000,6.000000,5.800000,134.000000,0.000000,25.512689,0.033313,114.000000,0.000000,0.000000,28.000000,0.000000,139.512689,0.033313,5.512790,B,200,20,133.912689,0.033313,133.912689,0.033313,0.093450,0.093450
59.000000,6.100000,5.900000,136.815000,0.000000,25.580202,0.008556,116.815000,0.000000,0.000000,28.300000,0.000000,142.395202,0.008556,5.580209,B,200,20,136.735202,0.008556,136.735202,0.008556,0.080255,0.080255
60.000000,6.200000,6.000000,139.660000,0.000000,25.642412,-0.000115,119.660000,0.000000,0.000000,28.600000,0.000000,145.302412,-0.000115,5.642412,B,200,20,139.582412,-0.000115,139.582412,-0.000115,0.077588,0.077588
61.000000,6.300000,6.100000,142.535000,0.000000,25.707757,0.007092,122.535000,0.000000,0.000000,28.900000,0.000000,148.242757,0.007092,5.707761,B,200,20,142.462757,0.007092,142.462757,0.007092,0.072590,0.072590
62.000000,6.400000,6.200000,145.440000,0.000000,25.795483,0.024293,125.440000,0.000000,0.000000,29.200000,0.000000,151.235483,0.024293,5.795534,B,200,20,145.395483,0.024293,145.395483,0.024293,0.050714,0.050714
63.000000,6.500000,6.300000,148.375000,0.000000,25.815537,0.022775,128.375000,0.000000,0.000000,29.500000,0.000000,154.190537,0.022775,5.815582,B,200,20,148.290537,0.022775,148.290537,0.022775,0.087479,0.087479
64.000000,6.600000,6.400000,151.340000,0.000000,25.924403,-0.024394,131.340000,0.000000,0.000000,29.800000,0.000000,157.264403,-0.024394,5.924453,B,200,20,151.304403,-0.024394,151.304403,-0.024394,0.043153,0.043153
65.000000,6.700000,6.500000,154.335000,0.000000,25.974907,-0.014462,134.335000,0.000000,0.000000,30.100000,0.000000,160.309907,-0.014462,5.974925,B,200,20,154.289907,-0.014462,154.289907,-0.014462,0.047355,0.047355
66.000000,6.800000,6.600000,157.360000,0.000000,26.054978,0.005186,137.360000,0.000000,0.000000,30.400000,0.000000,163.414978,0.005186,6.054980,B,200,20,157.334978,0.005186,157.334978,0.005186,0.025554,0.025554
67.000000,6.900000,6.700000,160.415000,0.000000,26.040795,-0.010741,140.415000,0.000000,0.000000,30.700000,0.000000,166.455795,-0.010741,6.040805,B,200,20,160.315795,-0.010741,160.315795,-0.010741,0.099785,0.099785
68.000000,7.000000,6.800000,163.500000,0.000000,26.139645,-0.009568,143.500000,0.000000,0.000000,31.000000,0.000000,169.639645,-0.009568,6.139653,B,200,20,163.439645,-0.009568,163.439645,-0.009568,0.061108,0.061108
69.000000,7.100000,6.900000,166.615000,0.000000,26.183482,-0.012025,146.615000,0.000000,0.000000,31.300000,0.000000,172.798482,-0.012025,6.183494,B,200,20,166.538482,-0.012025,166.538482,-0.012025,0.077457,0.077457
70.000000,7.200000,7.000000,169.760000,0.000000,26.274784,-0.015906,149.760000,0.000000,0.000000,31.600000,0.000000,176.034784,-0.015906,6.274804,B,200,20,169.714784,-0.015906,169.714784,-0.015906,0.047932,0.047932
71.000000,7.300000,7.100000,172.935000,0.000000,26.290408,-0.014570,152.935000,0.000000,0.000000,31.900000,0.000000,179.225408,-0.014570,6.290425,B,200,20,172.845408,-0.014570,172.845408,-0.014570,0.090769,0.090769
72.000000,7.400000,7.200000,176.140000,0.000000,26.374503,0.004431,156.140000,0.000000,0.000000,32.200000,0.000000,182.514503,0.004431,6.374505,B,200,20,176.074503,0.004431,176.074503,0.004431,0.065646,0.065646
73.000000,7.500000,7.300000,179.375000,0.000000,26.438671,-0.015405,159.375000,0.000000,0.000000,32.500000,0.000000,185.813671,-0.015405,6.438690,B,200,20,179.313671,-0.015405,179.313671,-0.015405,0.063234,0.063234
74.000000,7.600000,7.400000,182.640000,0.000000,26.545641,0.008644,162.640000,0.000000,0.000000,32.800000,0.000000,189.185641,0.008644,6.545647,B,200,20,182.625641,0.008644,182.625641,0.008644,0.016760,0.016760
75.000000,7.700000,7.500000,185.935000,0.000000,26.555690,-0.014271,165.935000,0.000000,0.000000,33.100000,0.000000,192.490690,-0.014271,6.555706,B,200,20,185.870690,-0.014271,185.870690,-0.014271,0.065874,0.065874
76.000000,7.800000,7.600000,189.260000,0.000000,26.651602,0.004874,169.260000,0.000000,0.000000,33.400000,0.000000,195.911602,0.004874,6.651604,B,200,20,189.231602,0.004874,189.231602,0.004874,0.028813,0.028813
77.000000,7.900000,7.700000,192.615000,0.000000,26.702037,0.003420,172.615000,0.000000,0.000000,33.700000,0.000000,199.317037,0.003420,6.702038,B,200,20,192.577037,0.003420,192.577037,0.003420,0.038117,0.038117
78.000000,8.000000,7.800000,196.000000,0.000000,26.700435,0.004431,176.000000,0.000000,0.000000,34.000000,0.000000,202.700435,0.004431,6.700436,B,200,20,195.900435,0.004431,195.900435,0.004431,0.099664,0.099664
79.000000,8.100000,7.900000,199.415000,0.000000,26.800392,0.003704,179.415000,0.000000,0.000000,34.300000,0.000000,206.215392,0.003704,6.800393,B,200,20,199.355392,0.003704,199.355392,0.003704,0.059723,0.059723
80.000000,8.200000,8.000000,202.860000,0.000000,26.850590,-0.018341,182.860000,0.000000,0.000000,34.600000,0.000000,209.710590,-0.018341,6.850615,B,200,20,202.790590,-0.018341,202.790590,-0.018341,0.071792,0.071792
81.000000,8.300000,8.100000,206.335000,0.000000,26.881511,0.005193,186.335000,0.000000,0.000000,34.900000,0.000000,213.216511,0.005193,6.881513,B,200,20,206.236511,0.005193,206.236511,0.005193,0.098626,0.098626
82.000000,8.400000,8.200000,209.840000,0.000000,26.970688,-0.005448,189.840000,0.000000,0.000000,35.200000,0.000000,216.810688,-0.005448,6.970690,B,200,20,209.770688,-0.005448,209.770688,-0.005448,0.069526,0.069526
83.000000,8.500000,8.300000,213.375000,0.000000,27.038254,-0.003429,193.375000,0.000000,0.000000,35.500000,0.000000,220.413254,-0.003429,7.038255,B,200,20,213.313254,-0.003429,213.313254,-0.003429,0.061841,0.061841
84.000000,8.600000,8.400000,216.940000,0.000000,27.105314,0.014407,196.940000,0.000000,0.000000,35.800000,0.000000,224.045314,0.014407,7.105329,B,200,20,216.885314,0.014407,216.885314,0.014407,0.056552,0.056552
85.000000,8.700000,8.500000,220.535000,0.000000,27.152039,0.013614,200.535000,0.000000,0.000000,36.100000,0.000000,227.687039,0.013614,7.152052,B,200,20,220.467039,0.013614,220.467039,0.013614,0.069311,0.069311
86.000000,8.800000,8.600000,224.160000,0.000000,27.188439,-0.009266,204.160000,0.000000,0.000000,36.400000,0.000000,231.348439,-0.009266,7.188445,B,200,20,224.068439,-0.009266,224.068439,-0.009266,0.092029,0.092029
87.000000,8.900000,8.700000,227.815000,0.000000,27.267824,-0.016702,207.815000,0.000000,0.000000,36.700000,0.000000,235.082824,-0.016702,7.267843,B,200,20,227.742824,-0.016702,227.742824,-0.016702,0.074083,0.074083
88.000000,9.000000,8.800000,231.500000,0.000000,27.353125,-0.020346,211.500000,0.000000,0.000000,37.000000,0.000000,238.853125,-0.020346,7.353153,B,200,20,231.453125,-0.020346,231.453125,-0.020346,0.051100,0.051100
89.000000,9.100000,8.900000,235.215000,0.000000,27.419115,0.009865,215.215000,0.000000,0.000000,37.300000,0.000000,242.634115,0.009865,7.419121,B,200,20,235.174115,0.009865,235.174115,0.009865,0.042059,0.042059
90.000000,9.200000,9.000000,238.960000,0.000000,27.450066,0.002139,218.960000,0.000000,0.000000,37.600000,0.000000,246.410066,0.002139,7.450066,B,200,20,238.890066,0.002139,238.890066,0.002139,0.069967,0.069967
91.000000,9.300000,9.100000,242.735000,0.000000,27.519884,0.010232,222.735000,0.000000,0.000000,37.900000,0.000000,250.254884,0.010232,7.519891,B,200,20,242.674884,0.010232,242.674884,0.010232,0.060981,0.060981
92.000000,9.400000,9.200000,246.540000,0.000000,27.554010,-0.022115,226.540000,0.000000,0.000000,38.200000,0.000000,254.094010,-0.022115,7.554042,B,200,20,246.454010,-0.022115,246.454010,-0.022115,0.088788,0.088788
93.000000,9.500000,9.300000,250.375000,0.000000,27.673392,-0.016095,230.375000,0.000000,0.000000,38.500000,0.000000,258.048392,-0.016095,7.673409,B,200,20,250.348392,-0.016095,250.348392,-0.016095,0.031097,0.031097
94.000000,9.600000,9.400000,254.240000,0.000000,27.686959,-0.029041,234.240000,0.000000,0.000000,38.800000,0.000000,261.926959,-0.029041,7.687014,B,200,20,254.166959,-0.029041,254.166959,-0.029041,0.078603,0.078603
95.000000,9.700000,9.500000,258.135000,0.000000,27.744862,-0.008031,238.135000,0.000000,0.000000,39.100000,0.000000,265.879862,-0.008031,7.744866,B,200,20,258.059862,-0.008031,258.059862,-0.008031,0.075566,0.075566
96.000000,9.800000,9.600000,262.060000,0.000000,27.842083,-0.020508,242.060000,0.000000,0.000000,39.400000,0.000000,269.902083,-0.020508,7.842110,B,200,20,262.022083,-0.020508,262.022083,-0.020508,0.043108,0.043108
97.000000,9.900000,9.700000,266.015000,0.000000,27.878662,-0.008554,246.015000,0.000000,0.000000,39.700000,0.000000,273.893662,-0.008554,7.878667,B,200,20,265.953662,-0.008554,265.953662,-0.008554,0.061931,0.061931
98.000000,10.000000,9.800000,270.000000,0.000000,27.944258,-0.007426,250.000000,0.000000,0.000000,40.000000,0.000000,277.944258,-0.007426,7.944262,B,200,20,269.944258,-0.007426,269.944258,-0.007426,0.056234,0.056234
99.000000,10.100000,9.900000,274.015000,0.000000,27.972022,-0.017502,254.015000,0.000000,0.000000,40.300000,0.000000,281.987022,-0.017502,7.972041,B,200,20,273.927022,-0.017502,273.927022,-0.017502,0.089703,0.089703
0.000000,0.200000,0.000000,42.060000,0.000000,42.056506,0.001367,2.060000,0.000000,0.000000,10.600000,0.000000,44.116506,0.001367,2.056506,B,200,40,41.996506,0.001367,41.996506,0.001367,0.063509,0.063509
1.000000,0.300000,0.100000,43.135000,0.000000,42.114251,0.017766,3.135000,0.000000,0.000000,10.900000,0.000000,45.249251,0.017766,2.114326,B,200,40,43.069251,0.017766,43.069251,0.017766,0.068107,0.068107
2.000000,0.400000,0.200000,44.240000,0.000000,42.227997,-0.022264,4.240000,0.000000,0.000000,11.200000,0.000000,46.467997,-0.022264,2.228108,B,200,40,44.227997,-0.022264,44.227997,-0.022264,0.025293,0.025293
3.000000,0.500000,0.300000,45.375000,0.000000,42.232242,0.014079,5.375000,0.000000,0.000000,11.500000,0.000000,47.607242,0.014079,2.232287,B,200,40,45.307242,0.014079,45.307242,0.014079,0.069205,0.069205
4.000000,0.600000,0.400000,46.540000,0.000000,42.341247,-0.014002,6.540000,0.000000,0.000000,11.800000,0.000000,48.881247,-0.014002,2.341289,B,200,40,46.521247,-0.014002,46.521247,-0.014002,0.023403,0.023403
5.000000,0.700000,0.500000,47.735000,0.000000,42.352245,-0.002050,7.735000,0.000000,0.000000,12.100000,0.000000,50.087245,-0.002050,2.352246,B,200,40,47.667245,-0.002050,47.667245,-0.002050,0.067786,0.067786
6.000000,0.800000,0.600000,48.960000,0.000000,42.406142,0.026092,8.960000,0.000000,0.000000,12.400000,0.000000,51.366142,0.026092,2.406284,B,200,40,48.886142,0.026092,48.886142,0.026092,0.078331,0.078331
7.000000,0.900000,0.700000,50.215000,0.000000,42.484850,0.007141,10.215000,0.000000,0.000000,12.700000,0.000000,52.699850,0.007141,2.484860,B,200,40,50.159850,0.007141,50.159850,0.007141,0.055611,0.055611
8.000000,1.000000,0.800000,51.500000,0.000000,42.524169,0.017047,11.500000,0.000000,0.000000,13.000000,0.000000,54.024169,0.017047,2.524227,B,200,40,51.424169,0.017047,51.424169,0.017047,0.077723,0.077723
9.000000,1.100000,0.900000,52.815000,0.000000,42.609117,0.002227,12.815000,0.000000,0.000000,13.300000,0.000000,55.424117,0.002227,2.609118,B,200,40,52.764117,0.002227,52.764117,0.002227,0.050932,0.050932
10.000000,1.200000,1.000000,54.160000,0.000000,42.697732,-0.046267,14.160000,0.000000,0.000000,13.600000,0.000000,56.857732,-0.046267,2.698129,B,200,40,54.137732,-0.046267,54.137732,-0.046267,0.051346,0.051346
11.000000,1.300000,1.100000,55.535000,0.000000,42.741734,-0.011600,15.535000,0.000000,0.000000,13.900000,0.000000,58.276734,-0.011600,2.741758,B,200,40,55.496734,-0.011600,55.496734,-0.011600,0.039986,0.039986
12.000000,1.400000,1.200000,56.940000,0.000000,42.758514,-0.019443,16.940000,0.000000,0.000000,14.200000,0.000000,59.698514,-0.019443,2.758582,B,200,40,56.858514,-0.019443,56.858514,-0.019443,0.083774,0.083774
13.000000,1.500000,1.300000,58.375000,0.000000,42.843543,-0.010621,18.375000,0.000000,0.000000,14.500000,0.000000,61.218543,-0.010621,2.843563,B,200,40,58.318543,-0.010621,58.318543,-0.010621,0.057447,0.057447
14.000000,1.600000,1.400000,59.840000,0.000000,42.896957,-0.027880,19.840000,0.000000,0.000000,14.800000,0.000000,62.736957,-0.027880,2.897091,B,200,40,59.776957,-0.027880,59.776957,-0.027880,0.068933,0.068933
15.000000,1.700000,1.500000,61.335000,0.000000,42.963164,0.019869,21.335000,0.000000,0.000000,15.100000,0.000000,64.298164,0.019869,2.963231,B,200,40,61.278164,0.019869,61.278164,0.019869,0.060209,0.060209
16.000000,1.800000,1.600000,62.860000,0.000000,43.043098,-0.032521,22.860000,0.000000,0.000000,15.400000,0.000000,65.903098,-0.032521,3.043272,B,200,40,62.823098,-0.032521,62.823098,-0.032521,0.049187,0.049187
17.000000,1.900000,1.700000,64.415000,0.000000,43.069939,0.029958,24.415000,0.000000,0.000000,15.700000,0.000000,67.484939,0.029958,3.070085,B,200,40,64.344939,0.029958,64.344939,0.029958,0.076197,0.076197
18.000000,2.000000,1.800000,66.000000,0.000000,43.167799,-0.018443,26.000000,0.000000,0.000000,16.000000,0.000000,69.167799,-0.018443,3.167853,B,200,40,65.967799,-0.018443,65.967799,-0.018443,0.037108,0.037108
19.000000,2.100000,1.900000,67.615000,0.000000,43.184730,0.010389,27.615000,0.000000,0.000000,16.300000,0.000000,70.799730,0.010389,3.184747,B,200,40,67.539730,0.010389,67.539730,0.010389,0.075983,0.075983
20.000000,2.200000,2.000000,69.260000,0.000000,43.266153,0.000671,29.260000,0.000000,0.000000,16.600000,0.000000,72.526153,0.000671,3.266153,B,200,40,69.206153,0.000671,69.206153,0.000671,0.053851,0.053851
21.000000,2.300000,2.100000,70.935000,0.000000,43.311592,-0.008030,30.935000,0.000000,0.000000,16.900000,0.000000,74.246592,-0.008030,3.311602,B,200,40,70.866592,-0.008030,70.866592,-0.008030,0.068877,0.068877
22.000000,2.400000,2.200000,72.640000,0.000000,43.336193,-0.018565,32.640000,0.000000,0.000000,17.200000,0.000000,75.976193,-0.018565,3.336244,B,200,40,72.536193,-0.018565,72.536193,-0.018565,0.105454,0.105454
23.000000,2.500000,2.300000,74.375000,0.000000,43.449812,0.028819,34.375000,0.000000,0.000000,17.500000,0.000000,77.824812,0.028819,3.449933,B,200,40,74.324812,0.028819,74.324812,0.028819,0.057874,0.057874
24.000000,2.600000,2.400000,76.140000,0.000000,43.469408,0.034952,36.140000,0.000000,0.000000,17.800000,0.000000,79.609408,0.034952,3.469584,B,200,40,76.049408,0.034952,76.049408,0.034952,0.097101,0.097101
25.000000,2.700000,2.500000,77.935000,0.000000,43.536146,0.021828,37.935000,0.000000,0.000000,18.100000,0.000000,81.471146,0.021828,3.536213,B,200,40,77.851146,0.021828,77.851146,0.021828,0.086649,0.086649
26.000000,2.800000,2.600000,79.760000,0.000000,43.612962,-0.025484,39.760000,0.000000,0.000000,18.400000,0.000000,83.372962,-0.025484,3.613051,B,200,40,79.692962,-0.025484,79.692962,-0.025484,0.071719,0.071719
27.000000,2.900000,2.700000,81.615000,0.000000,43.683811,0.000679,41.615000,0.000000,0.000000,18.700000,0.000000,85.298811,0.000679,3.683811,B,200,40,81.558811,0.000679,81.558811,0.000679,0.056193,0.056193
28.000000,3.000000,2.800000,83.500000,0.000000,43.755206,-0.009864,43.500000,0.000000,0.000000,19.000000,0.000000,87.255206,-0.009864,3.755219,B,200,40,83.455206,-0.009864,83.455206,-0.009864,0.045867,0.045867
29.000000,3.100000,2.900000,85.415000,0.000000,43.825251,-0.006072,45.415000,0.000000,0.000000,19.300000,0.000000,89.240251,-0.006072,3.825255,B,200,40,85.380251,-0.006072,85.380251,-0.006072,0.035276,0.035276
30.000000,3.200000,3.000000,87.360000,0.000000,43.861817,0.021667,47.360000,0.000000,0.000000,19.600000,0.000000,91.221817,0.021667,3.861878,B,200,40,87.301817,0.021667,87.301817,0.021667,0.062086,0.062086
31.000000,3.300000,3.100000,89.335000,0.000000,43.937194,0.007006,49.335000,0.000000,0.000000,19.900000,0.000000,93.272194,0.007006,3.937200,B,200,40,89.292194,0.007006,89.292194,0.007006,0.043376,0.043376
32.000000,3.400000,3.200000,91.340000,0.000000,43.965988,0.028409,51.340000,0.000000,0.000000,20.200000,0.000000,95.305988,0.028409,3.966089,B,200,40,91.265988,0.028409,91.265988,0.028409,0.079277,0.079277
33.000000,3.500000,3.300000,93.375000,0.000000,44.057591,-0.073396,53.375000,0.000000,0.000000,20.500000,0.000000,97.432591,-0.073396,4.058255,B,200,40,93.332591,-0.073396,93.332591,-0.073396,0.084768,0.084768
34.000000,3.600000,3.400000,95.440000,0.000000,44.092507,0.022573,55.440000,0.000000,0.000000,20.800000,0.000000,99.532507,0.022573,4.092569,B,200,40,95.372507,0.022573,95.372507,0.022573,0.071168,0.071168
35.000000,3.700000,3.500000,97.535000,0.000000,44.153227,0.002531,57.535000,0.000000,0.000000,21.100000,0.000000,101.688227,0.002531,4.153228,B,200,40,97.468227,0.002531,97.468227,0.002531,0.066821,0.066821
36.000000,3.800000,3.600000,99.660000,0.000000,44.217035,-0.005183,59.660000,0.000000,0.000000,21.400000,0.000000,103.877035,-0.005183,4.217038,B,200,40,99.597035,-0.005183,99.597035,-0.005183,0.063178,0.063178
37.000000,3.900000,3.700000,101.815000,0.000000,44.279903,-0.027563,61.815000,0.000000,0.000000,21.700000,0.000000,106.094903,-0.027563,4.279992,B,200,40,101.754903,-0.027563,101.754903,-0.027563,0.066116,0.066116
38.000000,4.000000,3.800000,104.000000,0.000000,44.340644,0.027563,64.000000,0.000000,0.000000,22.000000,0.000000,108.340644,0.027563,4.340731,B,200,40,103.940644,0.027563,103.940644,0.027563,0.065444,0.065444
39.000000,4.100000,3.900000,106.215000,0.000000,44.403579,-0.015213,66.215000,0.000000,0.000000,22.300000,0.000000,110.618579,-0.015213,4.403606,B,200,40,106.158579,-0.015213,106.158579,-0.015213,0.058436,0.058436
40.000000,4.200000,4.000000,108.460000,0.000000,44.459043,-0.013325,68.460000,0.000000,0.000000,22.600000,0.000000,112.919043,-0.013325,4.459062,B,200,40,108.399043,-0.013325,108.399043,-0.013325,0.062397,0.062397
41.000000,4.300000,4.100000,110.735000,0.000000,44.526096,0.019477,70.735000,0.000000,0.000000,22.900000,0.000000,115.261096,0.019477,4.526138,B,200,40,110.681096,0.019477,110.681096,0.019477,0.057315,0.057315
42.000000,4.400000,4.200000,113.040000,0.000000,44.599890,-0.001716,73.040000,0.000000,0.000000,23.200000,0.000000,117.639890,-0.001716,4.599890,B,200,40,112.999890,-0.001716,112.999890,-0.001716,0.040147,0.040147
43.000000,4.500000,4.300000,115.375000,0.000000,44.621262,-0.018046,75.375000,0.000000,0.000000,23.500000,0.000000,119.996262,-0.018046,4.621297,B,200,40,115.296262,-0.018046,115.296262,-0.018046,0.080780,0.080780
44.000000,4.600000,4.400000,117.740000,0.000000,44.699060,0.017599,77.740000,0.000000,0.000000,23.800000,0.000000,122.439060,0.017599,4.699093,B,200,40,117.679060,0.017599,117.679060,0.017599,0.063431,0.063431
45.000000,4.700000,4.500000,120.135000,0.000000,44.750310,0.026163,80.135000,0.000000,0.000000,24.100000,0.000000,124.885310,0.026163,4.750382,B,200,40,120.065310,0.026163,120.065310,0.026163,0.074439,0.074439
46.000000,4.800000,4.600000,122.560000,0.000000,44.855071,0.021917,82.560000,0.000000,0.000000,24.400000,0.000000,127.415071,0.021917,4.855120,B,200,40,122.535071,0.021917,122.535071,0.021917,0.033194,0.033194
47.000000,4.900000,4.700000,125.015000,0.000000,44.889389,0.007885,85.015000,0.000000,0.000000,24.700000,0.000000,129.904389,0.007885,4.889395,B,200,40,124.964389,0.007885,124.964389,0.007885,0.051222,0.051222
48.000000,5.000000,4.800000,127.500000,0.000000,44.964820,0.020122,87.500000,0.000000,0.000000,25.000000,0.000000,132.464820,0.020122,4.964860,B,200,40,127.464820,0.020122,127.464820,0.020122,0.040529,0.040529
49.000000,5.100000,4.900000,130.015000,0.000000,45.018042,-0.025896,90.015000,0.000000,0.000000,25.300000,0.000000,135.033042,-0.025896,5.018109,B,200,40,129.973042,-0.025896,129.973042,-0.025896,0.049306,0.049306
50.000000,5.200000,5.000000,132.560000,0.000000,45.071711,-0.012182,92.560000,0.000000,0.000000,25.600000,0.000000,137.631711,-0.012182,5.071726,B,200,40,132.511711,-0.012182,132.511711,-0.012182,0.049802,0.049802
51.000000,5.300000,5.100000,135.135000,0.000000,45.117647,-0.035254,95.135000,0.000000,0.000000,25.900000,0.000000,140.252647,-0.035254,5.117768,B,200,40,135.072647,-0.035254,135.072647,-0.035254,0.071630,0.071630
52.000000,5.400000,5.200000,137.740000,0.000000,45.197962,-0.007277,97.740000,0.000000,0.000000,26.200000,0.000000,142.937962,-0.007277,5.197967,B,200,40,137.697962,-0.007277,137.697962,-0.007277,0.042664,0.042664
53.000000,5.500000,5.300000,140.375000,0.000000,45.211652,0.021426,100.375000,0.000000,0.000000,26.500000,0.000000,145.586652,0.021426,5.211696,B,200,40,140.286652,0.021426,140.286652,0.021426,0.090909,0.090909
54.000000,5.600000,5.400000,143.040000,0.000000,45.282840,0.029239,103.040000,0.000000,0.000000,26.800000,0.000000,148.322840,0.029239,5.282921,B,200,40,142.962840,0.029239,142.962840,0.029239,0.082515,0.082515
55.000000,5.700000,5.500000,145.735000,0.000000,45.328807,0.040836,105.735000,0.000000,0.000000,27.100000,0.000000,151.063807,0.040836,5.328963,B,200,40,145.643807,0.040836,145.643807,0.040836,0.099919,0.099919
56.000000,5.800000,5.600000,148.460000,0.000000,45.402233,0.039098,108.460000,0.000000,0.000000,27.400000,0.000000,153.862233,0.039098,5.402374,B,200,40,148.382233,0.039098,148.382233,0.039098,0.087042,0.087042
57.000000,5.900000,5.700000,151.215000,0.000000,45.488316,0.002091,111.215000,0.000000,0.000000,27.700000,0.000000,156.703316,0.002091,5.488317,B,200,40,151.163316,0.002091,151.163316,0.002091,0.051726,0.051726
58.000000,6.000000,5.800000,154.000000,0.000000,45.533526,0.002811,114.000000,0.000000,0.000000,28.000000,0.000000,159.533526,0.002811,5.533527,B,200,40,153.933526,0.002811,153.933526,0.002811,0.066533,0.066533
59.000000,6.100000,5.900000,156.815000,0.000000,45.597245,-0.005844,116.815000,0.000000,0.000000,28.300000,0.000000,162.412245,-0.005844,5.597248,B,200,40,156.752245,-0.005844,156.752245,-0.005844,0.063027,0.063027
60.000000,6.200000,6.000000,159.660000,0.000000,45.693790,0.026766,119.660000,0.000000,0.000000,28.600000,0.000000,165.353790,0.026766,5.693853,B,200,40,159.633790,0.026766,159.633790,0.026766,0.037462,0.037462
61.000000,6.300000,6.100000,162.535000,0.000000,45.730809,-0.009570,122.535000,0.000000,0.000000,28.900000,0.000000,168.265809,-0.009570,5.730817,B,200,40,162.485809,-0.009570,162.485809,-0.009570,0.050113,0.050113
62.000000,6.400000,6.200000,165.440000,0.000000,45.760371,0.002537,125.440000,0.000000,0.000000,29.200000,0.000000,171.200371,0.002537,5.760372,B,200,40,165.360371,0.002537,165.360371,0.002537,0.079669,0.079669
63.000000,6.500000,6.300000,168.375000,0.000000,45.861551,-0.008821,128.375000,0.000000,0.000000,29.500000,0.000000,174.236551,-0.008821,5.861558,B,200,40,168.336551,-0.008821,168.336551,-0.008821,0.039447,0.039447
64.000000,6.600000,6.400000,171.340000,0.000000,45.909747,0.017596,131.340000,0.000000,0.000000,29.800000,0.000000,177.249747,0.017596,5.909773,B,200,40,171.289747,0.017596,171.289747,0.017596,0.053245,0.053245
65.000000,6.700000,6.500000,174.335000,0.000000,45.984763,0.019856,134.335000,0.000000,0.000000,30.100000,0.000000,180.319763,0.019856,5.984796,B,200,40,174.299763,0.019856,174.299763,0.019856,0.040446,0.040446
66.000000,6.800000,6.600000,177.360000,0.000000,46.010153,-0.029670,137.360000,0.000000,0.000000,30.400000,0.000000,183.370153,-0.029670,6.010226,B,200,40,177.290153,-0.029670,177.290153,-0.029670,0.075888,0.075888
67.000000,6.900000,6.700000,180.415000,0.000000,46.054471,0.002940,140.415000,0.000000,0.000000,30.700000,0.000000,186.469471,0.002940,6.054472,B,200,40,180.329471,0.002940,180.329471,0.002940,0.085579,0.085579
68.000000,7.000000,6.800000,183.500000,0.000000,46.179943,-0.001736,143.500000,0.000000,0.000000,31.000000,0.000000,189.679943,-0.001736,6.179944,B,200,40,183.479943,-0.001736,183.479943,-0.001736,0.020132,0.020132
69.000000,7.100000,6.900000,186.615000,0.000000,46.219138,-0.025599,146.615000,0.000000,0.000000,31.300000,0.000000,192.834138,-0.025599,6.219191,B,200,40,186.574138,-0.025599,186.574138,-0.025599,0.048218,0.048218
70.000000,7.200000,7.000000,189.760000,0.000000,46.238554,-0.019826,149.760000,0.000000,0.000000,31.600000,0.000000,195.998554,-0.019826,6.238585,B,200,40,189.678554,-0.019826,189.678554,-0.019826,0.083825,0.083825
71.000000,7.300000,7.100000,192.935000,0.000000,46.337832,-0.005633,152.935000,0.000000,0.000000,31.900000,0.000000,199.272832,-0.005633,6.337835,B,200,40,192.892832,-0.005633,192.892832,-0.005633,0.042542,0.042542
72.000000,7.400000,7.200000,196.140000,0.000000,46.410826,0.027109,156.140000,0.000000,0.000000,32.200000,0.000000,202.550826,0.027109,6.410883,B,200,40,196.110826,0.027109,196.110826,0.027109,0.039825,0.039825
73.000000,7.500000,7.300000,199.375000,0.000000,46.429756,-0.000353,159.375000,0.000000,0.000000,32.500000,0.000000,205.804756,-0.000353,6.429756,B,200,40,199.304756,-0.000353,199.304756,-0.000353,0.070245,0.070245
74.000000,7.600000,7.400000,202.640000,0.000000,46.515206,-0.015741,162.640000,0.000000,0.000000,32.800000,0.000000,209.155206,-0.015741,6.515225,B,200,40,202.595206,-0.015741,202.595206,-0.015741,0.047479,0.047479
75.000000,7.700000,7.500000,205.935000,0.000000,46.579339,0.023475,165.935000,0.000000,0.000000,33.100000,0.000000,212.514339,0.023475,6.579381,B,200,40,205.894339,0.023475,205.894339,0.023475,0.046951,0.046951
76.000000,7.800000,7.600000,209.260000,0.000000,46.605018,-0.012971,169.260000,0.000000,0.000000,33.400000,0.000000,215.865018,-0.012971,6.605030,B,200,40,209.185018,-0.012971,209.185018,-0.012971,0.076096,0.076096
77.000000,7.900000,7.700000,212.615000,0.000000,46.669816,-0.000327,172.615000,0.000000,0.000000,33.700000,0.000000,219.284816,-0.000327,6.669816,B,200,40,212.544816,-0.000327,212.544816,-0.000327,0.070185,0.070185
78.000000,8.000000,7.800000,216.000000,0.000000,46.728500,0.034413,176.000000,0.000000,0.000000,34.000000,0.000000,222.728500,0.034413,6.728588,B,200,40,215.928500,0.034413,215.928500,0.034413,0.079351,0.079351
79.000000,8.100000,7.900000,219.415000,0.000000,46.782133,0.022487,179.415000,0.000000,0.000000,34.300000,0.000000,226.197133,0.022487,6.782170,B,200,40,219.337133,0.022487,219.337133,0.022487,0.081049,0.081049
80.000000,8.200000,8.000000,222.860000,0.000000,46.866638,-0.007350,182.860000,0.000000,0.000000,34.600000,0.000000,229.726638,-0.007350,6.866642,B,200,40,222.806638,-0.007350,222.806638,-0.007350,0.053866,0.053866
81.000000,8.300000,8.100000,226.335000,0.000000,46.945211,-0.026518,186.335000,0.000000,0.000000,34.900000,0.000000,233.280211,-0.026518,6.945262,B,200,40,226.300211,-0.026518,226.300211,-0.026518,0.043743,0.043743
82.000000,8.400000,8.200000,229.840000,0.000000,46.972337,0.008766,189.840000,0.000000,0.000000,35.200000,0.000000,236.812337,0.008766,6.972342,B,200,40,229.772337,0.008766,229.772337,0.008766,0.068229,0.068229
83.000000,8.500000,8.300000,233.375000,0.000000,47.024672,0.008326,193.375000,0.000000,0.000000,35.500000,0.000000,240.399672,0.008326,7.024677,B,200,40,233.299672,0.008326,233.299672,0.008326,0.075787,0.075787
84.000000,8.600000,8.400000,236.940000,0.000000,47.084217,0.002392,196.940000,0.000000,0.000000,35.800000,0.000000,244.024217,0.002392,7.084218,B,200,40,236.864217,0.002392,236.864217,0.002392,0.075821,0.075821
85.000000,8.700000,8.500000,240.535000,0.000000,47.167075,0.010112,200.535000,0.000000,0.000000,36.100000,0.000000,247.702075,0.010112,7.167082,B,200,40,240.482075,0.010112,240.482075,0.010112,0.053882,0.053882
86.000000,8.800000,8.600000,244.160000,0.000000,47.228271,0.004743,204.160000,0.000000,0.000000,36.400000,0.000000,251.388271,0.004743,7.228272,B,200,40,244.108271,0.004743,244.108271,0.004743,0.051946,0.051946
87.000000,8.900000,8.700000,247.815000,0.000000,47.269406,0.017440,207.815000,0.000000,0.000000,36.700000,0.000000,255.084406,0.017440,7.269427,B,200,40,247.744406,0.017440,247.744406,0.017440,0.072716,0.072716
88.000000,9.000000,8.800000,251.500000,0.000000,47.342217,-0.005672,211.500000,0.000000,0.000000,37.000000,0.000000,258.842217,-0.005672,7.342219,B,200,40,251.442217,-0.005672,251.442217,-0.005672,0.058061,0.058061
89.000000,9.100000,8.900000,255.215000,0.000000,47.426838,0.011762,215.215000,0.000000,0.000000,37.300000,0.000000,262.641838,0.011762,7.426847,B,200,40,255.181838,0.011762,255.181838,0.011762,0.035186,0.035186
90.000000,9.200000,9.000000,258.960000,0.000000,47.463421,-0.016782,218.960000,0.000000,0.000000,37.600000,0.000000,266.423421,-0.016782,7.463440,B,200,40,258.903421,-0.016782,258.903421,-0.016782,0.059015,0.059015
91.000000,9.300000,9.100000,262.735000,0.000000,47.510065,0.005619,222.735000,0.000000,0.000000,37.900000,0.000000,270.245065,0.005619,7.510068,B,200,40,262.665065,0.005619,262.665065,0.005619,0.070160,0.070160
92.000000,9.400000,9.200000,266.540000,0.000000,47.565380,0.011839,226.540000,0.000000,0.000000,38.200000,0.000000,274.105380,0.011839,7.565390,B,200,40,266.465380,0.011839,266.465380,0.011839,0.075553,0.075553
93.000000,9.500000,9.300000,270.375000,0.000000,47.660090,0.015191,230.375000,0.000000,0.000000,38.500000,0.000000,278.035090,0.015191,7.660105,B,200,40,270.335090,0.015191,270.335090,0.015191,0.042704,0.042704
94.000000,9.600000,9.400000,274.240000,0.000000,47.680997,0.015359,234.240000,0.000000,0.000000,38.800000,0.000000,281.920997,0.015359,7.681013,B,200,40,274.160997,0.015359,274.160997,0.015359,0.080482,0.080482
95.000000,9.700000,9.500000,278.135000,0.000000,47.766778,0.017299,238.135000,0.000000,0.000000,39.100000,0.000000,285.901778,0.017299,7.766798,B,200,40,278.081778,0.017299,278.081778,0.017299,0.055963,0.055963
96.000000,9.800000,9.600000,282.060000,0.000000,47.805651,0.011379,242.060000,0.000000,0.000000,39.400000,0.000000,289.865651,0.011379,7.805659,B,200,40,281.985651,0.011379,281.985651,0.011379,0.075215,0.075215
97.000000,9.900000,9.700000,286.015000,0.000000,47.895285,-0.013051,246.015000,0.000000,0.000000,39.700000,0.000000,293.910285,-0.013051,7.895296,B,200,40,285.970285,-0.013051,285.970285,-0.013051,0.046580,0.046580
98.000000,10.000000,9.800000,290.000000,0.000000,47.925638,-0.035671,250.000000,0.000000,0.000000,40.000000,0.000000,297.925638,-0.035671,7.925718,B,200,40,289.925638,-0.035671,289.925638,-0.035671,0.082475,0.082475
99.000000,10.100000,9.900000,294.015000,0.000000,47.981686,0.025832,254.015000,0.000000,0.000000,40.300000,0.000000,301.996686,0.025832,7.981727,B,200,40,293.936686,0.025832,293.936686,0.025832,0.082465,0.082465
0.000000,0.200000,0.200000,11.976305,0.732815,9.971098,0.027992,1.998519,0.066642,0.066667,10.000000,0.333333,11.945602,0.758820,0.040236,C,0,10,11.945602,0.758820,11.945602,0.758820,0.040236,0.040236
1.000000,0.300000,0.300000,12.945044,1.148209,10.001330,0.000732,2.995002,0.149875,0.100000,10.000000,0.333333,12.946295,1.149071,0.001518,C,0,10,12.946295,1.149071,12.946295,1.149071,0.001518,0.001518
2.000000,0.400000,0.400000,13.899401,1.595658,9.961047,-0.000405,3.988159,0.266272,0.133333,10.000000,0.333333,13.860848,1.590078,0.038955,C,0,10,13.860848,1.590078,13.860848,1.590078,0.038955,0.038955
3.000000,0.500000,0.500000,14.838316,2.074664,10.004354,0.023904,4.976884,0.415703,0.166667,10.000000,0.333333,14.838644,2.098960,0.024297,C,0,10,14.838644,2.098960,14.838644,2.098960,0.024297,0.024297
4.000000,0.600000,0.600000,15.760746,2.584696,9.983841,0.040728,5.960080,0.598003,0.200000,10.000000,0.333333,15.736817,2.621402,0.043817,C,0,10,15.736817,2.621402,15.736817,2.621402,0.043817,0.043817
5.000000,0.700000,0.700000,16.665665,3.125186,10.005647,0.013765,6.936654,0.812968,0.233333,10.000000,0.333333,16.667976,3.139884,0.014878,C,0,10,16.667976,3.139884,16.667976,3.139884,0.014878,0.014878
6.000000,0.800000,0.800000,17.552068,3.695535,9.999549,-0.030221,7.905522,1.060361,0.266667,10.000000,0.333333,17.559597,3.666263,0.030225,C,0,10,17.559597,3.666263,17.559597,3.666263,0.030225,0.030225
7.000000,0.900000,0.900000,18.418971,4.295107,9.988815,-0.002580,8.865606,1.339905,0.300000,10.000000,0.333333,18.409048,4.289337,0.011479,C,0,10,18.409048,4.289337,18.409048,4.289337,0.011479,0.011479
8.000000,1.000000,1.000000,19.265410,4.923239,10.016378,-0.015706,9.815841,1.651292,0.333333,10.000000,0.333333,19.286026,4.913756,0.022692,C,0,10,19.286026,4.913756,19.286026,4.913756,0.022692,0.022692
9.000000,1.100000,1.100000,20.090446,5.579230,9.985251,-0.029733,10.755170,1.994174,0.366667,10.000000,0.333333,20.087337,5.546186,0.033190,C,0,10,20.087337,5.546186,20.087337,5.546186,0.033190,0.033190
10.000000,1.200000,1.200000,20.893160,6.262354,10.012864,-0.032492,11.682550,2.368170,0.400000,10.000000,0.333333,20.917662,6.237436,0.034946,C,0,10,20.917662,6.237436,20.917662,6.237436,0.034946,0.034946
11.000000,1.300000,1.300000,21.672662,6.971850,9.999423,0.004253,12.596951,2.772866,0.433333,10.000000,0.333333,21.670353,6.975467,0.004291,C,0,10,21.670353,6.975467,21.670353,6.975467,0.004291,0.004291
12.000000,1.400000,1.400000,22.428086,7.706930,9.992608,-0.027237,13.497356,3.207811,0.466667,10.000000,0.333333,22.433738,7.679280,0.028222,C,0,10,22.433738,7.679280,22.433738,7.679280,0.028222,0.028222
13.000000,1.500000,1.500000,23.158592,8.466779,10.008517,-0.018576,14.382766,3.672523,0.500000,10.000000,0.333333,23.174972,8.454559,0.020435,C,0,10,23.174972,8.454559,23.174972,8.454559,0.020435,0.020435
14.000000,1.600000,1.600000,23.863368,9.250550,9.978888,-0.020544,15.252197,4.166485,0.533333,10.000000,0.333333,23.855633,9.222126,0.029458,C,0,10,23.855633,9.222126,23.855633,9.222126,0.029458,0.029458
15.000000,1.700000,1.700000,24.541632,10.057375,9.993454,-0.015023,16.104682,4.689148,0.566667,10.000000,0.333333,24.544174,10.041186,0.016387,C,0,10,24.544174,10.041186,24.544174,10.041186,0.016387,0.016387
16.000000,1.800000,1.800000,25.192630,10.886356,10.034474,0.001258,16.939274,5.239932,0.600000,10.000000,0.333333,25.220373,10.906860,0.034497,C,0,10,25.220373,10.906860,25.220373,10.906860,0.034497,0.034497
17.000000,1.900000,1.900000,25.815639,11.736573,9.977238,-0.009510,17.755047,5.818224,0.633333,10.000000,0.333333,25.802920,11.715435,0.024669,C,0,10,25.802920,11.715435,25.802920,11.715435,0.024669,0.024669
18.000000,2.000000,2.000000,26.409967,12.607080,10.000495,-0.006814,18.551094,6.423382,0.666667,10.000000,0.333333,26.414569,12.602032,0.006832,C,0,10,26.414569,12.602032,26.414569,12.602032,0.006832,0.006832
19.000000,2.100000,2.100000,26.974952,13.496911,10.021210,0.032316,19.326531,7.054734,0.700000,10.000000,0.333333,26.970356,13.535292,0.038655,C,0,10,26.970356,13.535292,26.970356,13.535292,0.038655,0.038655
20.000000,2.200000,2.200000,27.509969,14.405077,10.007444,-0.003557,20.080495,7.711579,0.733333,10.000000,0.333333,27.517880,14.407417,0.008250,C,0,10,27.517880,14.407417,27.517880,14.407417,0.008250,0.008250
21.000000,2.300000,2.300000,28.014421,15.330570,10.037609,0.020047,20.812150,8.393186,0.766667,10.000000,0.333333,28.027601,15.371099,0.042619,C,0,10,28.027601,15.371099,28.027601,15.371099,0.042619,0.042619
22.000000,2.400000,2.400000,28.487750,16.272360,9.940167,0.014324,21.520683,9.098799,0.800000,10.000000,0.333333,28.435788,16.239418,0.061524,C,0,10,28.435788,16.239418,28.435788,16.239418,0.061524,0.061524
23.000000,2.500000,2.500000,28.929428,17.229401,10.001719,-0.002666,22.205306,9.827633,0.833333,10.000000,0.333333,28.932557,17.228881,0.003172,C,0,10,28.932557,17.228881,28.932557,17.228881,0.003172,0.003172
24.000000,2.600000,2.600000,29.338965,18.200631,9.997116,0.007863,22.865258,10.578878,0.866667,10.000000,0.333333,29.331106,18.203523,0.008375,C,0,10,29.331106,18.203523,29.331106,18.203523,0.008375,0.008375
25.000000,2.700000,2.700000,29.715907,19.184970,9.990453,-0.008708,23.499807,11.351701,0.900000,10.000000,0.333333,29.716794,19.172079,0.012922,C,0,10,29.716794,19.172079,29.716794,19.172079,0.012922,0.012922
26.000000,2.800000,2.800000,30.059834,20.181325,9.984124,-0.009109,24.108248,12.145242,0.933333,10.000000,0.333333,30.057705,20.163145,0.018303,C,0,10,30.057705,20.163145,30.057705,20.163145,0.018303,0.018303
27.000000,2.900000,2.900000,30.370364,21.188588,9.998413,0.021864,24.689904,12.958620,0.966667,10.000000,0.333333,30.351468,21.199701,0.021922,C,0,10,30.351468,21.199701,30.351468,21.199701,0.021922,0.021922
28.000000,3.000000,3.000000,30.647153,22.205641,9.992599,-0.019169,25.244130,13.790931,1.000000,10.000000,0.333333,30.659284,22.189056,0.020548,C,0,10,30.659284,22.189056,30.659284,22.189056,0.020548,0.020548
29.000000,3.100000,3.100000,30.889892,23.231353,10.004237,0.006326,25.770309,14.641250,1.033333,10.000000,0.333333,30.886627,23.238232,0.007614,C,0,10,30.886627,23.238232,30.886627,23.238232,0.007614,0.007614
30.000000,3.200000,3.200000,31.098312,24.264585,9.999346,0.035778,26.267857,15.508633,1.066667,10.000000,0.333333,31.066670,24.281295,0.035784,C,0,10,31.066670,24.281295,31.066670,24.281295,0.035784,0.035784
31.000000,3.300000,3.300000,31.272182,25.304190,9.999882,-0.035199,26.736221,16.392116,1.100000,10.000000,0.333333,31.303498,25.288119,0.035199,C,0,10,31.303498,25.288119,31.303498,25.288119,0.035199,0.035199
32.000000,3.400000,3.400000,31.411308,26.349012,10.039209,-0.007342,27.174881,17.290718,1.133333,10.000000,0.333333,31.434569,26.381418,0.039890,C,0,10,31.434569,26.381418,31.434569,26.381418,0.039890,0.039890
33.000000,3.500000,3.500000,31.515536,27.397889,10.000973,-0.003884,27.583349,18.203440,1.166667,10.000000,0.333333,31.519490,27.397257,0.004004,C,0,10,31.519490,27.397257,31.519490,27.397257,0.004004,0.004004
34.000000,3.600000,3.600000,31.584750,28.449658,9.984524,-0.020950,27.961173,19.129267,1.200000,10.000000,0.333333,31.598669,28.427643,0.026046,C,0,10,31.598669,28.427643,31.598669,28.427643,0.026046,0.026046
35.000000,3.700000,3.700000,31.618873,29.503149,10.043118,-0.010376,28.307931,20.067173,1.233333,10.000000,0.333333,31.642940,29.540400,0.044349,C,0,10,31.642940,29.540400,31.642940,29.540400,0.044349,0.044349
36.000000,3.800000,3.800000,31.617867,30.557193,10.010480,0.002223,28.623238,21.016113,1.266667,10.000000,0.333333,31.618884,30.567858,0.010713,C,0,10,31.618884,30.567858,31.618884,30.567858,0.010713,0.010713
37.000000,3.900000,3.900000,31.581734,31.610617,10.036474,0.005678,28.906746,21.975035,1.300000,10.000000,0.333333,31.586020,31.647280,0.036913,C,0,10,31.586020,31.647280,31.586020,31.647280,0.036913,0.036913
38.000000,4.000000,4.000000,31.510513,32.662252,9.970496,0.020698,29.158137,22.942873,1.333333,10.000000,0.333333,31.483455,32.638444,0.036041,C,0,10,31.483455,32.638444,31.483455,32.638444,0.036041,0.036041
39.000000,4.100000,4.100000,31.404283,33.710929,9.982204,-0.022226,29.377134,23.918551,1.366667,10.000000,0.333333,31.422440,33.688997,0.028473,C,0,10,31.422440,33.688997,31.422440,33.688997,0.028473,0.028473
40.000000,4.200000,4.200000,31.263163,34.755483,10.003932,-0.001796,29.563492,24.900986,1.400000,10.000000,0.333333,31.265602,34.759053,0.004323,C,0,10,31.265602,34.759053,31.265602,34.759053,0.004323,0.004323
41.000000,4.300000,4.300000,31.087310,35.794754,9.980894,-0.047922,29.717005,25.889085,1.433333,10.000000,0.333333,31.132162,35.769261,0.051590,C,0,10,31.132162,35.769261,31.132162,35.769261,0.051590,0.051590
42.000000,4.400000,4.400000,30.876918,36.827587,9.958415,0.033809,29.837502,26.881753,1.466667,10.000000,0.333333,30.838970,36.789741,0.053594,C,0,10,30.838970,36.789741,30.838970,36.789741,0.053594,0.053594
43.000000,4.500000,4.500000,30.632222,37.852834,9.992467,-0.001242,29.924850,27.877884,1.500000,10.000000,0.333333,30.632927,37.845231,0.007635,C,0,10,30.632927,37.845231,30.632927,37.845231,0.007635,0.007635
44.000000,4.600000,4.600000,30.353493,38.869357,9.997473,0.028820,29.978950,28.876373,1.533333,10.000000,0.333333,30.324598,38.867911,0.028930,C,0,10,30.324598,38.867911,30.324598,38.867911,0.028930,0.028930
45.000000,4.700000,4.700000,30.041041,39.876025,10.006501,0.002820,29.999744,29.876111,1.566667,10.000000,0.333333,30.038248,39.882538,0.007086,C,0,10,30.038248,39.882538,30.038248,39.882538,0.007086,0.007086
46.000000,4.800000,4.800000,29.695213,40.871722,10.000860,-0.013976,29.987208,30.875986,1.600000,10.000000,0.333333,29.709158,40.872989,0.014003,C,0,10,29.709158,40.872989,29.709158,40.872989,0.014003,0.014003
47.000000,4.900000,4.900000,29.316393,41.855340,10.040897,0.000403,29.941356,31.874888,1.633333,10.000000,0.333333,29.313435,41.896131,0.040899,C,0,10,29.313435,41.896131,29.313435,41.896131,0.040899,0.040899
48.000000,5.000000,5.000000,28.905003,42.825786,9.992422,-0.032046,29.862239,32.871706,1.666667,10.000000,0.333333,28.937628,42.821310,0.032930,C,0,10,28.937628,42.821310,28.937628,42.821310,0.032930,0.032930
49.000000,5.100000,5.100000,28.461499,43.781983,10.017542,-0.024401,29.749944,33.865335,1.700000,10.000000,0.333333,28.483437,43.802522,0.030052,C,0,10,28.483437,43.802522,28.483437,43.802522,0.030052,0.030052
50.000000,5.200000,5.200000,27.986375,44.722868,9.990927,0.026605,29.604597,34.854669,1.733333,10.000000,0.333333,27.961588,44.709610,0.028109,C,0,10,27.961588,44.709610,27.961588,44.709610,0.028109,0.028109
51.000000,5.300000,5.300000,27.480157,45.647396,9.985206,-0.031330,29.426360,35.838609,1.766667,10.000000,0.333333,27.513767,45.638982,0.034648,C,0,10,27.513767,45.638982,27.513767,45.638982,0.034648,0.034648
52.000000,5.400000,5.400000,26.943408,46.554539,9.947379,0.034440,29.215429,36.816063,1.800000,10.000000,0.333333,26.921825,46.495469,0.062889,C,0,10,26.921825,46.495469,26.921825,46.495469,0.062889,0.062889
53.000000,5.500000,5.500000,26.376725,47.443290,10.023592,0.019093,28.972040,37.785944,1.833333,10.000000,0.333333,26.352163,47.461118,0.030350,C,0,10,26.352163,47.461118,26.352163,47.461118,0.030350,0.030350
54.000000,5.600000,5.600000,25.780737,48.312662,9.984102,-0.003878,28.696462,38.747174,1.866667,10.000000,0.333333,25.789082,48.298586,0.016364,C,0,10,25.789082,48.298586,25.789082,48.298586,0.016364,0.016364
55.000000,5.700000,5.700000,25.156107,49.161688,10.023202,-0.023893,28.389003,39.698687,1.900000,10.000000,0.333333,25.171215,49.191368,0.033305,C,0,10,25.171215,49.191368,25.171215,49.191368,0.033305,0.033305
56.000000,5.800000,5.800000,24.503528,49.989425,9.993599,-0.030329,28.050003,40.639424,1.933333,10.000000,0.333333,24.534155,49.994196,0.030997,C,0,10,24.534155,49.994196,24.534155,49.994196,0.030997,0.030997
57.000000,5.900000,5.900000,23.823725,50.794954,10.015218,0.009767,27.679839,41.568341,1.966667,10.000000,0.333333,23.808846,50.805229,0.018083,C,0,10,23.808846,50.805229,23.808846,50.805229,0.018083,0.018083
58.000000,6.000000,6.000000,23.117454,51.577379,10.032273,0.020774,27.278923,42.484405,2.000000,10.000000,0.333333,23.085134,51.598080,0.038381,C,0,10,23.085134,51.598080,23.085134,51.598080,0.038381,0.038381
59.000000,6.100000,6.100000,22.385500,52.335832,9.994320,-0.007290,26.847699,43.386599,2.033333,10.000000,0.333333,22.394559,52.334002,0.009242,C,0,10,22.394559,52.334002,22.394559,52.334002,0.009242,0.009242
60.000000,6.200000,6.200000,21.628675,53.069470,10.007712,0.003586,26.386648,44.273920,2.066667,10.000000,0.333333,21.621852,53.074547,0.008505,C,0,10,21.621852,53.074547,21.621852,53.074547,0.008505,0.008505
61.000000,6.300000,6.300000,20.847820,53.777477,9.998565,0.019466,25.896281,45.145383,2.100000,10.000000,0.333333,20.831741,53.766411,0.019519,C,0,10,20.831741,53.766411,20.831741,53.766411,0.019519,0.019519
62.000000,6.400000,6.400000,20.043803,54.459067,10.009021,-0.009899,25.377143,46.000019,2.133333,10.000000,0.333333,20.047365,54.471978,0.013393,C,0,10,20.047365,54.471978,20.047365,54.471978,0.013393,0.013393
63.000000,6.500000,6.500000,19.217517,55.113483,9.985989,-0.007420,24.829811,46.836879,2.166667,10.000000,0.333333,19.231522,55.106051,0.015854,C,0,10,19.231522,55.106051,19.231522,55.106051,0.015854,0.015854
64.000000,6.600000,6.600000,18.369881,55.739998,10.027824,0.003196,24.254892,47.655034,2.200000,10.000000,0.333333,18.350923,55.760613,0.028007,C,0,10,18.350923,55.760613,18.350923,55.760613,0.028007,0.028007
65.000000,6.700000,6.700000,17.501835,56.337915,9.987181,-0.003755,23.653026,48.453573,2.233333,10.000000,0.333333,17.512681,56.330117,0.013358,C,0,10,17.512681,56.330117,17.512681,56.330117,0.013358,0.013358
66.000000,6.800000,6.800000,16.614345,56.906571,9.981952,0.017158,23.024882,49.231610,2.266667,10.000000,0.333333,16.612746,56.881720,0.024902,C,0,10,16.612746,56.881720,16.612746,56.881720,0.024902,0.024902
67.000000,6.900000,6.900000,15.708396,57.445333,9.986772,0.009686,22.371156,49.988281,2.300000,10.000000,0.333333,15.709987,57.429015,0.016395,C,0,10,15.709987,57.429015,15.709987,57.429015,0.016395,0.016395
68.000000,7.000000,7.000000,14.784995,57.953603,9.974261,0.029957,21.692576,50.722744,2.333333,10.000000,0.333333,14.781113,57.914299,0.039495,C,0,10,14.781113,57.914299,14.781113,57.914299,0.039495,0.039495
69.000000,7.100000,7.100000,13.845168,58.430817,9.972004,0.004609,20.989896,51.434185,2.366667,10.000000,0.333333,13.861946,58.407936,0.028373,C,0,10,13.861946,58.407936,13.861946,58.407936,0.028373,0.028373
70.000000,7.200000,7.200000,12.889958,58.876443,9.992739,0.016585,20.263895,52.121811,2.400000,10.000000,0.333333,12.884110,58.859309,0.018104,C,0,10,12.884110,58.859309,12.884110,58.859309,0.018104,0.018104
71.000000,7.300000,7.300000,11.920428,59.289988,10.009704,-0.014280,19.515382,52.784861,2.433333,10.000000,0.333333,11.922347,59.307146,0.017265,C,0,10,11.922347,59.307146,11.922347,59.307146,0.017265,0.017265
72.000000,7.400000,7.400000,10.937654,59.670991,9.975711,-0.005108,18.745186,53.422596,2.466667,10.000000,0.333333,10.959809,59.659803,0.024820,C,0,10,10.959809,59.659803,10.959809,59.659803,0.024820,0.024820
73.000000,7.500000,7.500000,9.942728,60.019030,10.043142,-0.016933,17.954164,54.034308,2.500000,10.000000,0.333333,9.918299,60.058415,0.046346,C,0,10,9.918299,60.058415,9.918299,60.058415,0.046346,0.046346
74.000000,7.600000,7.600000,8.936756,60.333717,10.016972,0.034942,17.143195,54.619319,2.533333,10.000000,0.333333,8.902861,60.314741,0.038846,C,0,10,8.902861,60.314741,8.902861,60.314741,0.038846,0.038846
75.000000,7.700000,7.700000,7.920855,60.614703,9.995073,0.017206,16.313180,55.176977,2.566667,10.000000,0.333333,7.915634,60.597584,0.017898,C,0,10,7.915634,60.597584,7.915634,60.597584,0.017898,0.017898
76.000000,7.800000,7.800000,6.896154,60.861676,10.001658,0.036753,15.465041,55.706663,2.600000,10.000000,0.333333,6.875786,60.831038,0.036791,C,0,10,6.875786,60.831038,6.875786,60.831038,0.036791,0.036791
77.000000,7.900000,7.900000,5.863791,61.074362,9.982205,-0.010611,14.599720,56.207788,2.633333,10.000000,0.333333,5.884500,61.074971,0.020719,C,0,10,5.884500,61.074971,5.884500,61.074971,0.020719,0.020719
78.000000,8.000000,8.000000,4.824913,61.252523,9.987371,-0.008087,13.718179,56.679797,2.666667,10.000000,0.333333,4.839843,61.253940,0.014997,C,0,10,4.839843,61.253940,4.839843,61.253940,0.014997,0.014997
79.000000,8.100000,8.100000,3.780675,61.395963,10.006162,-0.002561,12.821396,57.122164,2.700000,10.000000,0.333333,3.776198,61.400912,0.006673,C,0,10,3.776198,61.400912,3.776198,61.400912,0.006673,0.006673
80.000000,8.200000,8.200000,2.732236,61.504522,10.020136,-0.019989,11.910369,57.534399,2.733333,10.000000,0.333333,2.721691,61.530862,0.028373,C,0,10,2.721691,61.530862,2.721691,61.530862,0.028373,0.028373
81.000000,8.300000,8.300000,1.680762,61.578078,10.017751,0.013627,10.986110,57.916042,2.766667,10.000000,0.333333,1.659254,61.571898,0.022379,C,0,10,1.659254,61.571898,1.659254,61.571898,0.022379,0.022379
82.000000,8.400000,8.400000,0.627421,61.616552,10.007326,-0.031704,10.049645,58.266670,2.800000,10.000000,0.333333,0.631139,61.648878,0.032539,C,0,10,0.631139,61.648878,0.631139,61.648878,0.032539,0.032539
83.000000,8.500000,8.500000,-0.426617,61.619899,9.980445,-0.005550,9.102014,58.585894,2.833333,10.000000,0.333333,-0.406300,61.619254,0.020328,C,0,10,-0.406300,61.619254,-0.406300,61.619254,0.020328,0.020328
84.000000,8.600000,8.600000,-1.480182,61.588116,10.007611,0.045451,8.144271,58.873359,2.866667,10.000000,0.333333,-1.499845,61.546438,0.046084,C,0,10,-1.499845,61.546438,-1.499845,61.546438,0.046084,0.046084
85.000000,8.700000,8.700000,-2.532102,61.521238,9.997572,0.009113,7.177480,59.128745,2.900000,10.000000,0.333333,-2.531924,61.511809,0.009431,C,0,10,-2.531924,61.511809,-2.531924,61.511809,0.009431,0.009431
86.000000,8.800000,8.800000,-3.581209,61.419340,9.999491,0.000536,6.202714,59.351769,2.933333,10.000000,0.333333,-3.580821,61.418711,0.000739,C,0,10,-3.580821,61.418711,-3.580821,61.418711,0.000739,0.000739
87.000000,8.900000,8.900000,-4.626337,61.282535,9.982467,-0.012326,5.221058,59.542183,2.966667,10.000000,0.333333,-4.606926,61.291622,0.021432,C,0,10,-4.606926,61.291622,-4.606926,61.291622,0.021432,0.021432
88.000000,9.000000,9.000000,-5.666325,61.110975,9.987786,-0.001638,4.233600,59.699775,3.000000,10.000000,0.333333,-5.654002,61.110873,0.012324,C,0,10,-5.654002,61.110873,-5.654002,61.110873,0.012324,0.012324
89.000000,9.100000,9.100000,-6.700018,60.904850,9.982510,0.000139,3.241439,59.824370,3.033333,10.000000,0.333333,-6.682645,60.902822,0.017491,C,0,10,-6.682645,60.902822,-6.682645,60.902822,0.017491,0.017491
90.000000,9.200000,9.200000,-7.726267,60.664390,10.009581,0.000852,2.245677,59.915831,3.066667,10.000000,0.333333,-7.735884,60.664257,0.009619,C,0,10,-7.735884,60.664257,-7.735884,60.664257,0.009619,0.009619
91.000000,9.300000,9.300000,-8.743932,60.389861,9.995156,-0.032701,1.247420,59.974055,3.100000,10.000000,0.333333,-8.737732,60.422332,0.033058,C,0,10,-8.737732,60.422332,-8.737732,60.422332,0.033058,0.033058
92.000000,9.400000,9.400000,-9.751882,60.081569,9.988810,-0.001709,0.247777,59.998977,3.133333,10.000000,0.333333,-9.740678,60.083185,0.011320,C,0,10,-9.740678,60.083185,-9.740678,60.083185,0.011320,0.011320
93.000000,9.500000,9.500000,-10.748998,59.739856,9.977619,-0.025775,-0.752142,59.990570,3.166667,10.000000,0.333333,-10.727271,59.766184,0.034136,C,0,10,-10.727271,59.766184,-10.727271,59.766184,0.034136,0.034136
94.000000,9.600000,9.600000,-11.734172,59.365102,10.021089,-0.035145,-1.751224,59.948843,3.200000,10.000000,0.333333,-11.757277,59.398956,0.040987,C,0,10,-11.757277,59.398956,-11.757277,59.398956,0.040987,0.040987
95.000000,9.700000,9.700000,-12.706309,58.957723,10.001252,-0.014090,-2.748361,59.873843,3.233333,10.000000,0.333333,-12.708847,58.971638,0.014145,C,0,10,-12.708847,58.971638,-12.708847,58.971638,0.014145,0.014145
96.000000,9.800000,9.800000,-13.664329,58.518171,10.023226,-0.040970,-3.742445,59.765653,3.266667,10.000000,0.333333,-13.692485,58.555924,0.047096,C,0,10,-13.692485,58.555924,-13.692485,58.555924,0.047096,0.047096
97.000000,9.900000,9.900000,-14.607169,58.046936,10.035774,0.013176,-4.732371,59.624393,3.300000,10.000000,0.333333,-14.640416,58.028282,0.038123,C,0,10,-14.640416,58.028282,-14.640416,58.028282,0.038123,0.038123
98.000000,10.000000,10.000000,-15.533779,57.544541,10.046835,0.028326,-5.717039,59.450220,3.333333,10.000000,0.333333,-15.574358,57.507808,0.054735,C,0,10,-15.574358,57.507808,-15.574358,57.507808,0.054735,0.054735
99.000000,10.100000,10.100000,-16.443131,57.011543,9.992425,-0.007157,-6.695355,59.243328,3.366667,10.000000,0.333333,-16.437345,57.020209,0.010421,C,0,10,-16.437345,57.020209,-16.437345,57.020209,0.010421,0.010421
0.000000,0.200000,0.200000,21.954091,1.398988,19.983101,0.004366,1.998519,0.066642,0.066667,10.000000,0.333333,21.936938,1.402218,0.017454,C,0,20,21.936938,1.402218,21.936938,1.402218,0.017454,0.017454
1.000000,0.300000,0.300000,22.895086,2.146543,19.977932,-0.010103,2.995002,0.149875,0.100000,10.000000,0.333333,22.874137,2.134288,0.024271,C,0,20,22.874137,2.134288,22.874137,2.134288,0.024271,0.024271
2.000000,0.400000,0.400000,23.810644,2.925044,20.009832,0.019690,3.988159,0.266272,0.133333,10.000000,0.333333,23.817772,2.945867,0.022009,C,0,20,23.817772,2.945867,23.817772,2.945867,0.022009,0.022009
3.000000,0.500000,0.500000,24.699749,3.733626,19.994994,-0.012989,4.976884,0.415703,0.166667,10.000000,0.333333,24.696967,3.719986,0.013921,C,0,20,24.696967,3.719986,24.696967,3.719986,0.013921,0.013921
4.000000,0.600000,0.600000,25.561411,4.571389,20.014991,0.022365,5.960080,0.598003,0.200000,10.000000,0.333333,25.571661,4.596286,0.026924,C,0,20,25.571661,4.596286,25.571661,4.596286,0.026924,0.026924
5.000000,0.700000,0.700000,26.394675,5.437404,19.999559,-0.014855,6.936654,0.812968,0.233333,10.000000,0.333333,26.397681,5.422850,0.014862,C,0,20,26.397681,5.422850,26.397681,5.422850,0.014862,0.014862
6.000000,0.800000,0.800000,27.198615,6.330708,20.023927,-0.024248,7.905522,1.060361,0.266667,10.000000,0.333333,27.228086,6.313623,0.034066,C,0,20,27.228086,6.313623,27.228086,6.313623,0.034066,0.034066
7.000000,0.900000,0.900000,27.972336,7.250309,19.986850,-0.014934,8.865606,1.339905,0.300000,10.000000,0.333333,27.964187,7.232156,0.019898,C,0,20,27.964187,7.232156,27.964187,7.232156,0.019898,0.019898
8.000000,1.000000,1.000000,28.714980,8.195186,19.986233,0.014290,9.815841,1.651292,0.333333,10.000000,0.333333,28.697295,8.204185,0.019843,C,0,20,28.697295,8.204185,28.697295,8.204185,0.019843,0.019843
9.000000,1.100000,1.100000,29.425721,9.164287,20.006498,-0.054569,10.755170,1.994174,0.366667,10.000000,0.333333,29.451351,9.115675,0.054955,C,0,20,29.451351,9.115675,29.451351,9.115675,0.054955,0.054955
10.000000,1.200000,1.200000,30.103770,10.156537,20.000544,0.002112,11.682550,2.368170,0.400000,10.000000,0.333333,30.103449,10.158694,0.002180,C,0,20,30.103449,10.158694,30.103449,10.158694,0.002180,0.002180
11.000000,1.300000,1.300000,30.748374,11.170833,19.984703,-0.024864,12.596951,2.772866,0.433333,10.000000,0.333333,30.744931,11.141844,0.029193,C,0,20,30.744931,11.141844,30.744931,11.141844,0.029193,0.029193
12.000000,1.400000,1.400000,31.358815,12.206049,20.025680,-0.037346,13.497356,3.207811,0.466667,10.000000,0.333333,31.398552,12.184250,0.045323,C,0,20,31.398552,12.184250,31.398552,12.184250,0.045323,0.045323
13.000000,1.500000,1.500000,31.934417,13.261034,20.015569,-0.007840,14.382766,3.672523,0.500000,10.000000,0.333333,31.951839,13.261618,0.017432,C,0,20,31.951839,13.261618,31.951839,13.261618,0.017432,0.017432
14.000000,1.600000,1.600000,32.474540,14.334616,20.002551,0.041553,15.252197,4.166485,0.533333,10.000000,0.333333,32.455611,14.371695,0.041631,C,0,20,32.455611,14.371695,32.455611,14.371695,0.041631,0.041631
15.000000,1.700000,1.700000,32.978583,15.425602,20.022177,-0.021080,16.104682,4.689148,0.566667,10.000000,0.333333,33.008610,15.419722,0.030597,C,0,20,33.008610,15.419722,33.008610,15.419722,0.030597,0.030597
16.000000,1.800000,1.800000,33.445987,16.532781,20.009648,-0.016116,16.939274,5.239932,0.600000,10.000000,0.333333,33.463049,16.524927,0.018783,C,0,20,33.463049,16.524927,33.463049,16.524927,0.018783,0.018783
17.000000,1.900000,1.900000,33.876231,17.654922,20.038266,-0.005396,17.755047,5.818224,0.633333,10.000000,0.333333,33.910269,17.673220,0.038645,C,0,20,33.910269,17.673220,33.910269,17.673220,0.038645,0.038645
18.000000,2.000000,2.000000,34.268839,18.790778,19.992475,0.004552,18.551094,6.423382,0.666667,10.000000,0.333333,34.260111,18.789702,0.008794,C,0,20,34.260111,18.789702,34.260111,18.789702,0.008794,0.008794
19.000000,2.100000,2.100000,34.623374,19.939088,20.051370,0.002316,19.326531,7.054734,0.700000,10.000000,0.333333,34.661173,19.973953,0.051423,C,0,20,34.661173,19.973953,34.661173,19.973953,0.051423,0.051423
20.000000,2.200000,2.200000,34.939443,21.098576,20.007384,0.013125,20.080495,7.711579,0.733333,10.000000,0.333333,34.936144,21.113269,0.015059,C,0,20,34.936144,21.113269,34.936144,21.113269,0.015059,0.015059
21.000000,2.300000,2.300000,35.216693,22.267953,19.987480,0.013149,20.812150,8.393186,0.766667,10.000000,0.333333,35.198553,22.268737,0.018156,C,0,20,35.198553,22.268737,35.198553,22.268737,0.018156,0.018156
22.000000,2.400000,2.400000,35.454817,23.445921,19.997963,0.024221,21.520683,9.098799,0.800000,10.000000,0.333333,35.436022,23.461334,0.024307,C,0,20,35.436022,23.461334,35.436022,23.461334,0.024307,0.024307
23.000000,2.500000,2.500000,35.653550,24.631170,19.998998,-0.018785,22.205306,9.827633,0.833333,10.000000,0.333333,35.666781,24.617797,0.018812,C,0,20,35.666781,24.617797,35.666781,24.617797,0.018812,0.018812
24.000000,2.600000,2.600000,35.812673,25.822384,20.012296,-0.031534,22.865258,10.578878,0.866667,10.000000,0.333333,35.844667,25.811341,0.033846,C,0,20,35.844667,25.811341,35.844667,25.811341,0.033846,0.033846
25.000000,2.700000,2.700000,35.932007,27.018239,19.962244,0.031283,23.499807,11.351701,0.900000,10.000000,0.333333,35.884032,27.008110,0.049032,C,0,20,35.884032,27.008110,35.884032,27.008110,0.049032,0.049032
26.000000,2.800000,2.800000,36.011420,28.217407,20.028512,-0.001969,24.108248,12.145242,0.933333,10.000000,0.333333,36.029972,28.239148,0.028580,C,0,20,36.029972,28.239148,36.029972,28.239148,0.028580,0.028580
27.000000,2.900000,2.900000,36.050824,29.418556,19.967891,-0.008056,24.689904,12.958620,0.966667,10.000000,0.333333,36.039215,29.387554,0.033105,C,0,20,36.039215,29.387554,36.039215,29.387554,0.033105,0.033105
28.000000,3.000000,3.000000,36.050176,30.620351,19.998195,-0.036774,25.244130,13.790931,1.000000,10.000000,0.333333,36.080145,30.598962,0.036818,C,0,20,36.080145,30.598962,36.080145,30.598962,0.036818,0.036818
29.000000,3.100000,3.100000,36.009475,31.821456,20.018221,0.003218,25.770309,14.641250,1.033333,10.000000,0.333333,36.016040,31.838756,0.018503,C,0,20,36.016040,31.838756,36.016040,31.838756,0.018503,0.018503
30.000000,3.200000,3.200000,35.928768,33.020538,19.961480,-0.031737,26.267857,15.508633,1.066667,10.000000,0.333333,35.937950,32.971479,0.049910,C,0,20,35.937950,32.971479,35.937950,32.971479,0.049910,0.049910
31.000000,3.300000,3.300000,35.808143,34.216264,20.011300,-0.004924,26.736221,16.392116,1.100000,10.000000,0.333333,35.817658,34.224100,0.012326,C,0,20,35.817658,34.224100,35.817658,34.224100,0.012326,0.012326
32.000000,3.400000,3.400000,35.647736,35.407305,19.972448,-0.024533,27.174881,17.290718,1.133333,10.000000,0.333333,35.658286,35.371955,0.036891,C,0,20,35.658286,35.371955,35.658286,35.371955,0.036891,0.036891
33.000000,3.500000,3.500000,35.447723,36.592339,20.002779,0.016293,27.583349,18.203440,1.166667,10.000000,0.333333,35.433835,36.601302,0.016529,C,0,20,35.433835,36.601302,35.433835,36.601302,0.016529,0.016529
34.000000,3.600000,3.600000,35.208328,37.770049,20.029988,-0.012466,27.961173,19.129267,1.200000,10.000000,0.333333,35.230813,37.793482,0.032476,C,0,20,35.230813,37.793482,35.230813,37.793482,0.032476,0.032476
35.000000,3.700000,3.700000,34.929816,38.939126,19.994858,-0.004324,28.307931,20.067173,1.233333,10.000000,0.333333,34.932193,38.932843,0.006719,C,0,20,34.932193,38.932843,34.932193,38.932843,0.006719,0.006719
36.000000,3.800000,3.800000,34.612496,40.098272,20.013578,-0.021109,28.623238,21.016113,1.266667,10.000000,0.333333,34.636703,40.104906,0.025099,C,0,20,34.636703,40.104906,34.636703,40.104906,0.025099,0.025099
37.000000,3.900000,3.900000,34.256722,41.246199,19.991813,-0.011096,28.906746,21.975035,1.300000,10.000000,0.333333,34.265224,41.235342,0.013789,C,0,20,34.265224,41.235342,34.265224,41.235342,0.013789,0.013789
38.000000,4.000000,4.000000,33.862889,42.381631,19.986049,0.007071,29.158137,22.942873,1.333333,10.000000,0.333333,33.852734,42.369735,0.015641,C,0,20,33.852734,42.369735,33.852734,42.369735,0.015641,0.015641
39.000000,4.100000,4.100000,33.431433,43.503307,19.996997,-0.001650,29.377134,23.918551,1.366667,10.000000,0.333333,33.432439,43.500031,0.003426,C,0,20,33.432439,43.500031,33.432439,43.500031,0.003426,0.003426
40.000000,4.200000,4.200000,32.962835,44.609980,19.998054,0.010432,29.563492,24.900986,1.400000,10.000000,0.333333,32.952224,44.609835,0.010612,C,0,20,32.952224,44.609835,32.952224,44.609835,0.010612,0.010612
41.000000,4.300000,4.300000,32.457615,45.700422,19.993397,0.019284,29.717005,25.889085,1.433333,10.000000,0.333333,32.437608,45.696524,0.020383,C,0,20,32.437608,45.696524,32.437608,45.696524,0.020383,0.020383
42.000000,4.400000,4.400000,31.916334,46.773421,19.999491,0.019171,29.837502,26.881753,1.466667,10.000000,0.333333,31.897214,46.774908,0.019178,C,0,20,31.897214,46.774908,31.897214,46.774908,0.019178,0.019178
43.000000,4.500000,4.500000,31.339594,47.827784,19.972122,0.014226,29.924850,27.877884,1.500000,10.000000,0.333333,31.323431,47.800982,0.031298,C,0,20,31.323431,47.800982,31.323431,47.800982,0.031298,0.031298
44.000000,4.600000,4.600000,30.728035,48.862340,20.015950,0.014519,29.978950,28.876373,1.533333,10.000000,0.333333,30.714123,48.878823,0.021569,C,0,20,30.714123,48.878823,30.714123,48.878823,0.021569,0.021569
45.000000,4.700000,4.700000,30.082337,49.875940,19.977870,-0.022186,29.999744,29.876111,1.566667,10.000000,0.333333,30.104432,49.853718,0.031336,C,0,20,30.104432,49.853718,30.104432,49.853718,0.031336,0.031336
46.000000,4.800000,4.800000,29.403218,50.867458,19.996323,0.005367,29.987208,30.875986,1.600000,10.000000,0.333333,29.397961,50.863626,0.006505,C,0,20,29.397961,50.863626,29.397961,50.863626,0.006505,0.006505
47.000000,4.900000,4.900000,28.691431,51.835792,20.002119,0.014538,29.941356,31.874888,1.633333,10.000000,0.333333,28.676788,51.836998,0.014692,C,0,20,28.676788,51.836998,28.676788,51.836998,0.014692,0.014692
48.000000,5.000000,5.000000,27.947768,52.779866,20.019605,-0.008997,29.862239,32.871706,1.666667,10.000000,0.333333,27.954847,52.800242,0.021571,C,0,20,27.954847,52.800242,27.954847,52.800242,0.021571,0.021571
49.000000,5.100000,5.100000,27.173054,53.698631,20.014394,0.009540,29.749944,33.865335,1.700000,10.000000,0.333333,27.161740,53.711676,0.017269,C,0,20,27.161740,53.711676,27.161740,53.711676,0.017269,0.017269
50.000000,5.200000,5.200000,26.368152,54.591067,19.980230,-0.033866,29.604597,34.854669,1.733333,10.000000,0.333333,26.404770,54.577038,0.039214,C,0,20,26.404770,54.577038,26.404770,54.577038,0.039214,0.039214
51.000000,5.300000,5.300000,25.533954,55.456182,19.972739,0.025200,29.426360,35.838609,1.766667,10.000000,0.333333,25.514541,55.424538,0.037124,C,0,20,25.514541,55.424538,25.514541,55.424538,0.037124,0.037124
52.000000,5.400000,5.400000,24.671387,56.293015,19.972025,-0.017261,29.215429,36.816063,1.800000,10.000000,0.333333,24.694552,56.269693,0.032872,C,0,20,24.694552,56.269693,24.694552,56.269693,0.032872,0.032872
53.000000,5.500000,5.500000,23.781410,57.100637,20.004668,-0.000915,28.972040,37.785944,1.833333,10.000000,0.333333,23.781083,57.105382,0.004757,C,0,20,23.781083,57.105382,23.781083,57.105382,0.004757,0.004757
54.000000,5.600000,5.600000,22.865012,57.878149,19.994027,-0.012299,28.696462,38.747174,1.866667,10.000000,0.333333,22.878519,57.876021,0.013673,C,0,20,22.878519,57.876021,22.878519,57.876021,0.013673,0.013673
55.000000,5.700000,5.700000,21.923211,58.624689,19.971558,0.035891,28.389003,39.698687,1.900000,10.000000,0.333333,21.898443,58.586171,0.045794,C,0,20,21.898443,58.586171,21.898443,58.586171,0.045794,0.045794
56.000000,5.800000,5.800000,20.957053,59.339426,20.002935,0.009685,28.050003,40.639424,1.933333,10.000000,0.333333,20.946956,59.338736,0.010120,C,0,20,20.946956,59.338736,20.946956,59.338736,0.010120,0.010120
57.000000,5.900000,5.900000,19.967612,60.021567,19.986539,0.040744,27.679839,41.568341,1.966667,10.000000,0.333333,19.935209,59.993436,0.042910,C,0,20,19.935209,59.993436,19.935209,59.993436,0.042910,0.042910
58.000000,6.000000,6.000000,18.955986,60.670354,19.978666,-0.031627,27.278923,42.484405,2.000000,10.000000,0.333333,18.993623,60.664116,0.038150,C,0,20,18.993623,60.664116,18.993623,60.664116,0.038150,0.038150
59.000000,6.100000,6.100000,17.923300,61.285065,19.952326,0.040124,26.847699,43.386599,2.033333,10.000000,0.333333,17.908665,61.224496,0.062312,C,0,20,17.908665,61.224496,17.908665,61.224496,0.062312,0.062312
60.000000,6.200000,6.200000,16.870701,61.865019,20.000003,0.007987,26.386648,44.273920,2.066667,10.000000,0.333333,16.863675,61.861221,0.007987,C,0,20,16.863675,61.861221,16.863675,61.861221,0.007987,0.007987
61.000000,6.300000,6.300000,15.799359,62.409570,20.004212,-0.007457,25.896281,45.145383,2.100000,10.000000,0.333333,15.803670,62.416971,0.008565,C,0,20,15.803670,62.416971,15.803670,62.416971,0.008565,0.008565
62.000000,6.400000,6.400000,14.710463,62.918115,19.989729,0.012092,25.377143,46.000019,2.133333,10.000000,0.333333,14.705713,62.902977,0.015866,C,0,20,14.705713,62.902977,14.705713,62.902977,0.015866,0.015866
63.000000,6.500000,6.500000,13.605224,63.390086,19.986066,-0.014291,24.829811,46.836879,2.166667,10.000000,0.333333,13.624872,63.386575,0.019959,C,0,20,13.624872,63.386575,13.624872,63.386575,0.019959,0.019959
64.000000,6.600000,6.600000,12.484870,63.824962,19.957977,-0.001722,24.254892,47.655034,2.200000,10.000000,0.333333,12.510992,63.791999,0.042058,C,0,20,12.510992,63.791999,12.510992,63.791999,0.042058,0.042058
65.000000,6.700000,6.700000,11.350644,64.222257,20.014491,-0.021858,23.653026,48.453573,2.233333,10.000000,0.333333,11.358965,64.247127,0.026225,C,0,20,11.358965,64.247127,11.358965,64.247127,0.026225,0.026225
66.000000,6.800000,6.800000,10.203808,64.581531,20.018863,-0.029670,23.024882,49.231610,2.266667,10.000000,0.333333,10.214488,64.615029,0.035159,C,0,20,10.214488,64.615029,10.214488,64.615029,0.035159,0.035159
67.000000,6.900000,6.900000,9.045636,64.902385,20.001686,-0.005927,22.371156,49.988281,2.300000,10.000000,0.333333,9.048933,64.907591,0.006162,C,0,20,9.048933,64.907591,9.048933,64.907591,0.006162,0.006162
68.000000,7.000000,7.000000,7.877414,65.184462,19.985454,0.017300,21.692576,50.722744,2.333333,10.000000,0.333333,7.874952,65.161993,0.022603,C,0,20,7.874952,65.161993,7.874952,65.161993,0.022603,0.022603
69.000000,7.100000,7.100000,6.700440,65.427449,19.981059,-0.005683,20.989896,51.434185,2.366667,10.000000,0.333333,6.717949,65.418257,0.019776,C,0,20,6.717949,65.418257,6.717949,65.418257,0.019776,0.019776
70.000000,7.200000,7.200000,5.516021,65.631075,19.993934,0.002194,20.263895,52.121811,2.400000,10.000000,0.333333,5.519012,65.625360,0.006451,C,0,20,5.519012,65.625360,5.519012,65.625360,0.006451,0.006451
71.000000,7.300000,7.300000,4.325474,65.795115,20.001779,0.012137,19.515382,52.784861,2.433333,10.000000,0.333333,4.316228,65.787054,0.012267,C,0,20,4.316228,65.787054,4.316228,65.787054,0.012267,0.012267
72.000000,7.400000,7.400000,3.130122,65.919387,20.011208,0.040763,18.745186,53.422596,2.466667,10.000000,0.333333,3.095901,65.894564,0.042276,C,0,20,3.095901,65.894564,3.095901,65.894564,0.042276,0.042276
73.000000,7.500000,7.500000,1.931292,66.003751,20.005742,-0.004011,17.954164,54.034308,2.500000,10.000000,0.333333,1.929092,66.010401,0.007004,C,0,20,1.929092,66.010401,1.929092,66.010401,0.007004,0.007004
74.000000,7.600000,7.600000,0.730316,66.048116,19.991337,-0.001312,17.143195,54.619319,2.533333,10.000000,0.333333,0.738175,66.044242,0.008762,C,0,20,0.738175,66.044242,0.738175,66.044242,0.008762,0.008762
75.000000,7.700000,7.700000,-0.471471,66.052430,20.047017,-0.010837,16.313180,55.176977,2.566667,10.000000,0.333333,-0.505036,66.087091,0.048250,C,0,20,-0.505036,66.087091,-0.505036,66.087091,0.048250,0.048250
76.000000,7.800000,7.800000,-1.672734,66.016690,20.005856,-0.009966,15.465041,55.706663,2.600000,10.000000,0.333333,-1.672614,66.028248,0.011559,C,0,20,-1.672614,66.028248,-1.672614,66.028248,0.011559,0.011559
77.000000,7.900000,7.900000,-2.872139,65.940935,19.966647,-0.017056,14.599720,56.207788,2.633333,10.000000,0.333333,-2.834702,65.939604,0.037461,C,0,20,-2.834702,65.939604,-2.834702,65.939604,0.037461,0.037461
78.000000,8.000000,8.000000,-4.068353,65.825250,19.992885,0.021458,13.718179,56.679797,2.666667,10.000000,0.333333,-4.071838,65.802913,0.022607,C,0,20,-4.071838,65.802913,-4.071838,65.802913,0.022607,0.022607
79.000000,8.100000,8.100000,-5.260046,65.669762,19.990386,-0.002843,12.821396,57.122164,2.700000,10.000000,0.333333,-5.250140,65.668223,0.010025,C,0,20,-5.250140,65.668223,-5.250140,65.668223,0.010025,0.010025
80.000000,8.200000,8.200000,-6.445896,65.474645,20.029204,0.009654,11.910369,57.534399,2.733333,10.000000,0.333333,-6.476533,65.477378,0.030758,C,0,20,-6.476533,65.477378,-6.476533,65.477378,0.030758,0.030758
81.000000,8.300000,8.300000,-7.624585,65.240115,20.014937,-0.040272,10.986110,57.916042,2.766667,10.000000,0.333333,-7.623736,65.283059,0.042953,C,0,20,-7.623736,65.283059,-7.623736,65.283059,0.042953,0.042953
82.000000,8.400000,8.400000,-8.794802,64.966433,20.013787,-0.017928,10.049645,58.266670,2.800000,10.000000,0.333333,-8.801787,64.987943,0.022616,C,0,20,-8.801787,64.987943,-8.801787,64.987943,0.022616,0.022616
83.000000,8.500000,8.500000,-9.955249,64.653903,20.001516,0.035535,9.102014,58.585894,2.833333,10.000000,0.333333,-9.967474,64.620503,0.035568,C,0,20,-9.967474,64.620503,-9.967474,64.620503,0.035568,0.035568
84.000000,8.600000,8.600000,-11.104635,64.302873,20.018059,0.005967,8.144271,58.873359,2.866667,10.000000,0.333333,-11.123636,64.302033,0.019019,C,0,20,-11.123636,64.302033,-11.123636,64.302033,0.019019,0.019019
85.000000,8.700000,8.700000,-12.241683,63.913732,19.976227,0.051053,7.177480,59.128745,2.900000,10.000000,0.333333,-12.230816,63.858473,0.056317,C,0,20,-12.230816,63.858473,-12.230816,63.858473,0.056317,0.056317
86.000000,8.800000,8.800000,-13.365132,63.486912,20.010861,-0.019864,6.202714,59.351769,2.933333,10.000000,0.333333,-13.371650,63.508592,0.022639,C,0,20,-13.371650,63.508592,-13.371650,63.508592,0.022639,0.022639
87.000000,8.900000,8.900000,-14.473731,63.022888,20.020861,0.012402,5.221058,59.542183,2.966667,10.000000,0.333333,-14.496432,63.014306,0.024269,C,0,20,-14.496432,63.014306,-14.496432,63.014306,0.024269,0.024269
88.000000,9.000000,9.000000,-15.566250,62.522175,20.002783,-0.012421,4.233600,59.699775,3.000000,10.000000,0.333333,-15.567252,62.534865,0.012729,C,0,20,-15.567252,62.534865,-15.567252,62.534865,0.012729,0.012729
89.000000,9.100000,9.100000,-16.641474,61.985330,19.966124,-0.002273,3.241439,59.824370,3.033333,10.000000,0.333333,-16.607551,61.983930,0.033952,C,0,20,-16.607551,61.983930,-16.607551,61.983930,0.033952,0.033952
90.000000,9.200000,9.200000,-17.698210,61.412949,19.984074,-0.066872,2.245677,59.915831,3.066667,10.000000,0.333333,-17.677323,61.478441,0.068742,C,0,20,-17.677323,61.478441,-17.677323,61.478441,0.068742,0.068742
91.000000,9.300000,9.300000,-18.735283,60.805668,20.031750,0.015307,1.247420,59.974055,3.100000,10.000000,0.333333,-18.767642,60.791694,0.035247,C,0,20,-18.767642,60.791694,-18.767642,60.791694,0.035247,0.035247
92.000000,9.400000,9.400000,-19.751541,60.164161,20.000007,0.012989,0.247777,59.998977,3.133333,10.000000,0.333333,-19.751655,60.151173,0.012989,C,0,20,-19.751655,60.151173,-19.751655,60.151173,0.012989,0.012989
93.000000,9.500000,9.500000,-20.745855,59.489142,19.978983,0.027834,-0.752142,59.990570,3.166667,10.000000,0.333333,-20.724146,59.461844,0.034878,C,0,20,-20.724146,59.461844,-20.724146,59.461844,0.034878,0.034878
94.000000,9.600000,9.600000,-21.717120,58.781360,19.991205,0.003626,-1.751224,59.948843,3.200000,10.000000,0.333333,-21.708128,58.778254,0.009513,C,0,20,-21.708128,58.778254,-21.708128,58.778254,0.009513,0.009513
95.000000,9.700000,9.700000,-22.664257,58.041602,20.026775,0.020040,-2.748361,59.873843,3.233333,10.000000,0.333333,-22.689084,58.019193,0.033444,C,0,20,-22.689084,58.019193,-22.689084,58.019193,0.033444,0.033444
96.000000,9.800000,9.800000,-23.586214,57.270690,20.024121,-0.001490,-3.742445,59.765653,3.266667,10.000000,0.333333,-23.610333,57.269159,0.024167,C,0,20,-23.610333,57.269159,-23.610333,57.269159,0.024167,0.024167
97.000000,9.900000,9.900000,-24.481966,56.469479,19.976141,-0.028789,-4.732371,59.624393,3.300000,10.000000,0.333333,-24.462948,56.501671,0.037390,C,0,20,-24.462948,56.501671,-24.462948,56.501671,0.037390,0.037390
98.000000,10.000000,10.000000,-25.350519,55.638861,19.980507,-0.004340,-5.717039,59.450220,3.333333,10.000000,0.333333,-25.332210,55.646836,0.019971,C,0,20,-25.332210,55.646836,-25.332210,55.646836,0.019971,0.019971
99.000000,10.100000,10.100000,-26.190907,54.779758,19.990431,0.028044,-6.695355,59.243328,3.366667,10.000000,0.333333,-26.175320,54.754557,0.029631,C,0,20,-26.175320,54.754557,-26.175320,54.754557,0.029631,0.029631
0.000000,0.200000,0.200000,41.909663,2.731334,40.009814,0.000139,1.998519,0.066642,0.066667,10.000000,0.333333,41.919446,2.732126,0.009815,C,0,40,41.919446,2.732126,41.919446,2.732126,0.009815,0.009815
1.000000,0.300000,0.300000,42.795169,4.143212,40.004735,0.015851,2.995002,0.149875,0.100000,10.000000,0.333333,42.798298,4.159457,0.016543,C,0,40,42.798298,4.159457,42.798298,4.159457,0.016543,0.016543
2.000000,0.400000,0.400000,43.633130,5.583817,39.989106,0.018140,3.988159,0.266272,0.133333,10.000000,0.333333,43.619920,5.600348,0.021160,C,0,40,43.619920,5.600348,43.619920,5.600348,0.021160,0.021160
3.000000,0.500000,0.500000,44.422613,7.051548,39.980599,-0.017705,4.976884,0.415703,0.166667,10.000000,0.333333,44.406418,7.030870,0.026265,C,0,40,44.406418,7.030870,44.406418,7.030870,0.026265,0.026265
4.000000,0.600000,0.600000,45.162743,8.544776,40.037912,-0.002418,5.960080,0.598003,0.200000,10.000000,0.333333,45.200379,8.549938,0.037989,C,0,40,45.200379,8.549938,45.200379,8.549938,0.037989,0.037989
5.000000,0.700000,0.700000,45.852697,10.061840,40.006226,-0.041011,6.936654,0.812968,0.233333,10.000000,0.333333,45.868237,10.023380,0.041481,C,0,40,45.868237,10.023380,45.868237,10.023380,0.041481,0.041481
6.000000,0.800000,0.800000,46.491708,11.601056,40.012324,-0.001246,7.905522,1.060361,0.266667,10.000000,0.333333,46.503925,11.603102,0.012387,C,0,40,46.503925,11.603102,46.503925,11.603102,0.012387,0.012387
7.000000,0.900000,0.900000,47.079066,13.160714,40.010600,-0.016656,8.865606,1.339905,0.300000,10.000000,0.333333,47.094115,13.147934,0.019744,C,0,40,47.094115,13.147934,47.094115,13.147934,0.019744,0.019744
8.000000,1.000000,1.000000,47.614119,14.739079,40.035380,0.008905,9.815841,1.651292,0.333333,10.000000,0.333333,47.644638,14.759071,0.036484,C,0,40,47.644638,14.759071,47.644638,14.759071,0.036484,0.036484
9.000000,1.100000,1.100000,48.096272,16.334400,40.004309,0.031221,10.755170,1.994174,0.366667,10.000000,0.333333,48.089102,16.365091,0.031517,C,0,40,48.089102,16.365091,48.089102,16.365091,0.031517,0.031517
10.000000,1.200000,1.200000,48.524990,17.944904,40.003951,-0.009301,11.682550,2.368170,0.400000,10.000000,0.333333,48.532251,17.937876,0.010105,C,0,40,48.532251,17.937876,48.532251,17.937876,0.010105,0.010105
11.000000,1.300000,1.300000,48.899796,19.568801,40.007022,0.013755,12.596951,2.772866,0.433333,10.000000,0.333333,48.900394,19.584233,0.015444,C,0,40,48.900394,19.584233,48.900394,19.584233,0.015444,0.015444
12.000000,1.400000,1.400000,49.220275,21.204287,40.005440,0.004107,13.497356,3.207811,0.466667,10.000000,0.333333,49.223285,21.210402,0.006816,C,0,40,49.223285,21.210402,49.223285,21.210402,0.006816,0.006816
13.000000,1.500000,1.500000,49.486069,22.849545,40.011028,-0.001120,14.382766,3.672523,0.500000,10.000000,0.333333,49.496284,22.853849,0.011085,C,0,40,49.496284,22.853849,49.496284,22.853849,0.011085,0.011085
14.000000,1.600000,1.600000,49.696883,24.502747,40.025109,-0.026848,15.252197,4.166485,0.533333,10.000000,0.333333,49.732154,24.492393,0.036759,C,0,40,49.732154,24.492393,49.732154,24.492393,0.036759,0.036759
15.000000,1.700000,1.700000,49.852484,26.162057,40.015876,-0.011074,16.104682,4.689148,0.566667,10.000000,0.333333,49.871824,26.161236,0.019357,C,0,40,49.871824,26.161236,49.871824,26.161236,0.019357,0.019357
16.000000,1.800000,1.800000,49.952699,27.825630,39.992235,0.027880,16.939274,5.239932,0.600000,10.000000,0.333333,49.930548,27.844256,0.028941,C,0,40,49.930548,27.844256,49.930548,27.844256,0.028941,0.028941
17.000000,1.900000,1.900000,49.997415,29.491620,39.974089,-0.021441,17.755047,5.818224,0.633333,10.000000,0.333333,49.989219,29.459002,0.033632,C,0,40,49.989219,29.459002,49.989219,29.459002,0.033632,0.033632
18.000000,2.000000,2.000000,49.986585,31.158174,40.034769,-0.023471,18.551094,6.423382,0.666667,10.000000,0.333333,50.028422,31.161229,0.041949,C,0,40,50.028422,31.161229,50.028422,31.161229,0.041949,0.041949
19.000000,2.100000,2.100000,49.920218,32.823442,39.991734,-0.012438,19.326531,7.054734,0.700000,10.000000,0.333333,49.921908,32.808604,0.014934,C,0,40,49.921908,32.808604,49.921908,32.808604,0.014934,0.014934
20.000000,2.200000,2.200000,49.798390,34.485573,40.000938,0.002922,20.080495,7.711579,0.733333,10.000000,0.333333,49.797131,34.488372,0.003069,C,0,40,49.797131,34.488372,49.797131,34.488372,0.003069,0.003069
21.000000,2.300000,2.300000,49.621235,36.142720,40.014391,-0.000213,20.812150,8.393186,0.766667,10.000000,0.333333,49.631748,36.152550,0.014392,C,0,40,49.631748,36.152550,49.631748,36.152550,0.014392,0.014392
22.000000,2.400000,2.400000,49.388951,37.793042,40.003205,0.024595,21.520683,9.098799,0.800000,10.000000,0.333333,49.373541,37.812477,0.024803,C,0,40,49.373541,37.812477,49.373541,37.812477,0.024803,0.024803
23.000000,2.500000,2.500000,49.101795,39.434707,39.977547,-0.030027,22.205306,9.827633,0.833333,10.000000,0.333333,49.108923,39.397897,0.037494,C,0,40,49.108923,39.397897,49.108923,39.397897,0.037494,0.037494
24.000000,2.600000,2.600000,48.760087,41.065889,40.016148,-0.000242,22.865258,10.578878,0.866667,10.000000,0.333333,48.770726,41.078040,0.016150,C,0,40,48.770726,41.078040,48.770726,41.078040,0.016150,0.016150
25.000000,2.700000,2.700000,48.364206,42.684777,39.971938,-0.042726,23.499807,11.351701,0.900000,10.000000,0.333333,48.380231,42.636236,0.051118,C,0,40,48.380231,42.636236,48.380231,42.636236,0.051118,0.051118
26.000000,2.800000,2.800000,47.914592,44.289573,40.040860,-0.002145,24.108248,12.145242,0.933333,10.000000,0.333333,47.940634,44.321131,0.040916,C,0,40,47.940634,44.321131,47.940634,44.321131,0.040916,0.040916
27.000000,2.900000,2.900000,47.411744,45.878492,40.017496,0.019801,24.689904,12.958620,0.966667,10.000000,0.333333,47.405387,45.904139,0.026423,C,0,40,47.405387,45.904139,47.405387,45.904139,0.026423,0.026423
28.000000,3.000000,3.000000,46.856222,47.449770,40.013215,0.028577,25.244130,13.790931,1.000000,10.000000,0.333333,46.839315,47.476330,0.031484,C,0,40,46.839315,47.476330,46.839315,47.476330,0.031484,0.031484
29.000000,3.100000,3.100000,46.248642,49.001662,39.980981,0.012259,25.770309,14.641250,1.033333,10.000000,0.333333,46.228374,48.991600,0.022627,C,0,40,46.228374,48.991600,46.228374,48.991600,0.022627,0.022627
30.000000,3.200000,3.200000,45.589679,50.532442,40.008994,0.001614,26.267857,15.508633,1.066667,10.000000,0.333333,45.592610,50.541097,0.009137,C,0,40,45.592610,50.541097,45.592610,50.541097,0.009137,0.009137
31.000000,3.300000,3.300000,44.880066,52.040411,40.000850,0.005726,26.736221,16.392116,1.100000,10.000000,0.333333,44.875348,52.043766,0.005789,C,0,40,44.875348,52.043766,44.875348,52.043766,0.005789,0.005789
32.000000,3.400000,3.400000,44.120590,53.523892,39.985960,-0.011149,27.174881,17.290718,1.133333,10.000000,0.333333,44.124741,53.506451,0.017929,C,0,40,44.124741,53.506451,44.124741,53.506451,0.017929,0.017929
33.000000,3.500000,3.500000,43.312097,54.981239,39.998634,-0.017282,27.583349,18.203440,1.166667,10.000000,0.333333,43.327449,54.973187,0.017336,C,0,40,43.327449,54.973187,43.327449,54.973187,0.017336,0.017336
34.000000,3.600000,3.600000,42.455483,56.410831,39.996865,-0.028487,27.961173,19.129267,1.200000,10.000000,0.333333,42.480898,56.397587,0.028659,C,0,40,42.480898,56.397587,42.480898,56.397587,0.028659,0.028659
35.000000,3.700000,3.700000,41.551701,57.811080,39.989607,0.013572,28.307931,20.067173,1.233333,10.000000,0.333333,41.535453,57.805767,0.017094,C,0,40,41.535453,57.805767,41.535453,57.805767,0.017094,0.017094
36.000000,3.800000,3.800000,40.601754,59.180431,40.015019,-0.021912,28.623238,21.016113,1.266667,10.000000,0.333333,40.627158,59.188199,0.026565,C,0,40,40.627158,59.188199,40.627158,59.188199,0.026565,0.026565
37.000000,3.900000,3.900000,39.606699,60.517363,39.968122,0.038425,28.906746,21.975035,1.300000,10.000000,0.333333,39.561147,60.496925,0.049927,C,0,40,39.561147,60.496925,39.561147,60.496925,0.049927,0.049927
38.000000,4.000000,4.000000,38.567640,61.820389,40.013069,-0.017159,29.158137,22.942873,1.333333,10.000000,0.333333,38.587392,61.829054,0.021569,C,0,40,38.587392,61.829054,38.587392,61.829054,0.021569,0.021569
39.000000,4.100000,4.100000,37.485732,63.088062,40.020540,-0.004026,29.377134,23.918551,1.366667,10.000000,0.333333,37.493838,63.107359,0.020930,C,0,40,37.493838,63.107359,37.493838,63.107359,0.020930,0.020930
40.000000,4.200000,4.200000,36.362178,64.318975,39.991241,0.012980,29.563492,24.900986,1.400000,10.000000,0.333333,36.347898,64.312549,0.015659,C,0,40,36.347898,64.312549,36.347898,64.312549,0.015659,0.015659
41.000000,4.300000,4.300000,35.198224,65.511759,40.013831,-0.006248,29.717005,25.889085,1.433333,10.000000,0.333333,35.206308,65.524603,0.015176,C,0,40,35.206308,65.524603,35.206308,65.524603,0.015176,0.015176
42.000000,4.400000,4.400000,33.995165,66.665089,40.029026,-0.032032,29.837502,26.881753,1.466667,10.000000,0.333333,34.030040,66.690628,0.043226,C,0,40,34.030040,66.690628,34.030040,66.690628,0.043226,0.043226
43.000000,4.500000,4.500000,32.754338,67.777683,40.007296,-0.027310,29.924850,27.877884,1.500000,10.000000,0.333333,32.782095,67.783029,0.028268,C,0,40,32.782095,67.783029,32.782095,67.783029,0.028268,0.028268
44.000000,4.600000,4.600000,31.477120,68.848307,39.977954,0.019792,29.978950,28.876373,1.533333,10.000000,0.333333,31.456516,68.827018,0.029627,C,0,40,31.456516,68.827018,31.456516,68.827018,0.029627,0.029627
45.000000,4.700000,4.700000,30.164930,69.875769,39.980006,-0.021174,29.999744,29.876111,1.566667,10.000000,0.333333,30.186021,69.855689,0.029121,C,0,40,30.186021,69.855689,30.186021,69.855689,0.029121,0.029121
46.000000,4.800000,4.800000,28.819227,70.858930,39.994347,-0.004496,29.987208,30.875986,1.600000,10.000000,0.333333,28.823886,70.853410,0.007223,C,0,40,28.823886,70.853410,28.823886,70.853410,0.007223,0.007223
47.000000,4.900000,4.900000,27.441506,71.796696,39.989994,0.015014,29.941356,31.874888,1.633333,10.000000,0.333333,27.427147,71.785771,0.018043,C,0,40,27.427147,71.785771,27.427147,71.785771,0.018043,0.018043
48.000000,5.000000,5.000000,26.033297,72.688025,39.970328,-0.022527,29.862239,32.871706,1.666667,10.000000,0.333333,26.058560,72.660645,0.037254,C,0,40,26.058560,72.660645,26.058560,72.660645,0.037254,0.037254
49.000000,5.100000,5.100000,24.596165,73.531927,39.990275,0.017732,29.749944,33.865335,1.700000,10.000000,0.333333,24.579833,73.519999,0.020224,C,0,40,24.579833,73.519999,24.579833,73.519999,0.020224,0.020224
50.000000,5.200000,5.200000,23.131706,74.327465,40.009040,0.008049,29.604597,34.854669,1.733333,10.000000,0.333333,23.122300,74.335084,0.012104,C,0,40,23.122300,74.335084,23.122300,74.335084,0.012104,0.012104
51.000000,5.300000,5.300000,21.641547,75.073755,39.993387,0.010115,29.426360,35.838609,1.766667,10.000000,0.333333,21.632913,75.065301,0.012085,C,0,40,21.632913,75.065301,21.632913,75.065301,0.012085,0.012085
52.000000,5.400000,5.400000,20.127345,75.769968,40.023707,0.003432,29.215429,36.816063,1.800000,10.000000,0.333333,20.118616,75.792275,0.023954,C,0,40,20.118616,75.792275,20.118616,75.792275,0.023954,0.023954
53.000000,5.500000,5.500000,18.590781,76.415330,39.968256,0.011339,28.972040,37.785944,1.833333,10.000000,0.333333,18.588069,76.381731,0.033708,C,0,40,18.588069,76.381731,18.588069,76.381731,0.033708,0.033708
54.000000,5.600000,5.600000,17.033563,77.009124,39.993698,-0.021996,28.696462,38.747174,1.866667,10.000000,0.333333,17.056441,77.009509,0.022881,C,0,40,17.056441,77.009509,17.056441,77.009509,0.022881,0.022881
55.000000,5.700000,5.700000,15.457420,77.550691,40.009071,0.011372,28.389003,39.698687,1.900000,10.000000,0.333333,15.443726,77.555598,0.014547,C,0,40,15.443726,77.555598,15.443726,77.555598,0.014547,0.014547
56.000000,5.800000,5.800000,13.864104,78.039428,40.002225,0.010646,28.050003,40.639424,1.933333,10.000000,0.333333,13.853361,78.037733,0.010876,C,0,40,13.853361,78.037733,13.853361,78.037733,0.010876,0.010876
57.000000,5.900000,5.900000,12.255384,78.474793,39.949491,-0.000201,27.679839,41.568341,1.966667,10.000000,0.333333,12.275047,78.428268,0.050509,C,0,40,12.275047,78.428268,12.275047,78.428268,0.050509,0.050509
58.000000,6.000000,6.000000,10.633049,78.856302,40.003403,0.015630,27.278923,42.484405,2.000000,10.000000,0.333333,10.617421,78.852892,0.015996,C,0,40,10.617421,78.852892,10.617421,78.852892,0.015996,0.015996
59.000000,6.100000,6.100000,8.998901,79.183532,40.000846,-0.024045,26.847699,43.386599,2.033333,10.000000,0.333333,9.020042,79.195018,0.024060,C,0,40,9.020042,79.195018,9.020042,79.195018,0.024060,0.024060
60.000000,6.200000,6.200000,7.354754,79.456118,40.029298,0.017846,26.386648,44.273920,2.066667,10.000000,0.333333,7.325118,79.473396,0.034305,C,0,40,7.325118,79.473396,7.325118,79.473396,0.034305,0.034305
61.000000,6.300000,6.300000,5.702437,79.673758,40.012355,0.010842,25.896281,45.145383,2.100000,10.000000,0.333333,5.686841,79.678950,0.016438,C,0,40,5.686841,79.678950,5.686841,79.678950,0.016438,0.016438
62.000000,6.400000,6.400000,4.043784,79.836210,40.010234,0.018967,25.377143,46.000019,2.133333,10.000000,0.333333,4.022282,79.834751,0.021552,C,0,40,4.022282,79.834751,4.022282,79.834751,0.021552,0.021552
63.000000,6.500000,6.500000,2.380638,79.943293,39.998425,0.003365,24.829811,46.836879,2.166667,10.000000,0.333333,2.378737,79.940101,0.003715,C,0,40,2.378737,79.940101,2.378737,79.940101,0.003715,0.003715
64.000000,6.600000,6.600000,0.714847,79.994890,39.975738,-0.024793,24.254892,47.655034,2.200000,10.000000,0.333333,0.749171,79.989864,0.034689,C,0,40,0.749171,79.989864,0.749171,79.989864,0.034689,0.034689
65.000000,6.700000,6.700000,-0.951737,79.990941,39.977015,-0.013148,23.653026,48.453573,2.233333,10.000000,0.333333,-0.927232,79.980906,0.026480,C,0,40,-0.927232,79.980906,-0.927232,79.980906,0.026480,0.026480
66.000000,6.800000,6.800000,-2.617265,79.931452,40.003093,0.024589,23.024882,49.231610,2.266667,10.000000,0.333333,-2.638119,79.918063,0.024783,C,0,40,-2.638119,79.918063,-2.638119,79.918063,0.024783,0.024783
67.000000,6.900000,6.900000,-4.279884,79.816489,39.960982,-0.031364,22.371156,49.988281,2.300000,10.000000,0.333333,-4.230500,79.808290,0.050061,C,0,40,-4.230500,79.808290,-4.230500,79.808290,0.050061,0.050061
68.000000,7.000000,7.000000,-5.937749,79.646179,40.001833,0.013676,21.692576,50.722744,2.333333,10.000000,0.333333,-5.948904,79.638058,0.013798,C,0,40,-5.948904,79.638058,-5.948904,79.638058,0.013798,0.013798
69.000000,7.100000,7.100000,-7.589017,79.420712,39.958240,0.028573,20.989896,51.434185,2.366667,10.000000,0.333333,-7.579172,79.371080,0.050599,C,0,40,-7.579172,79.371080,-7.579172,79.371080,0.050599,0.050599
70.000000,7.200000,7.200000,-9.231853,79.140339,39.999959,0.003803,20.263895,52.121811,2.400000,10.000000,0.333333,-9.234392,79.137507,0.003803,C,0,40,-9.234392,79.137507,-9.234392,79.137507,0.003803,0.003803
71.000000,7.300000,7.300000,-10.864433,78.805370,40.011930,0.021024,19.515382,52.784861,2.433333,10.000000,0.333333,-10.887170,78.797163,0.024173,C,0,40,-10.887170,78.797163,-10.887170,78.797163,0.024173,0.024173
72.000000,7.400000,7.400000,-12.484942,78.416177,39.999279,0.056803,18.745186,53.422596,2.466667,10.000000,0.333333,-12.519872,78.371378,0.056808,C,0,40,-12.519872,78.371378,-12.519872,78.371378,0.056808,0.056808
73.000000,7.500000,7.500000,-14.091580,77.973194,40.029887,0.006504,17.954164,54.034308,2.500000,10.000000,0.333333,-14.119416,77.985870,0.030586,C,0,40,-14.119416,77.985870,-14.119416,77.985870,0.030586,0.030586
74.000000,7.600000,7.600000,-15.682563,77.476913,40.000416,0.002531,17.143195,54.619319,2.533333,10.000000,0.333333,-15.684350,77.475074,0.002565,C,0,40,-15.684350,77.475074,-15.684350,77.475074,0.002565,0.002565
75.000000,7.700000,7.700000,-17.256122,76.927884,39.997183,-0.020221,16.313180,55.176977,2.566667,10.000000,0.333333,-17.242762,76.943322,0.020416,C,0,40,-17.242762,76.943322,-17.242762,76.943322,0.020416,0.020416
76.000000,7.800000,7.800000,-18.810509,76.326717,39.995812,0.031798,15.465041,55.706663,2.600000,10.000000,0.333333,-18.823312,76.297311,0.032073,C,0,40,-18.823312,76.297311,-18.823312,76.297311,0.032073,0.032073
77.000000,7.900000,7.900000,-20.343998,75.674082,39.961917,-0.036253,14.599720,56.207788,2.633333,10.000000,0.333333,-20.293086,75.687219,0.052579,C,0,40,-20.293086,75.687219,-20.293086,75.687219,0.052579,0.052579
78.000000,8.000000,8.000000,-21.854884,74.970702,40.023279,0.011179,13.718179,56.679797,2.666667,10.000000,0.333333,-21.880698,74.971405,0.025824,C,0,40,-21.880698,74.971405,-21.880698,74.971405,0.025824,0.025824
79.000000,8.100000,8.100000,-23.341489,74.217359,40.002295,-0.003531,12.821396,57.122164,2.700000,10.000000,0.333333,-23.342055,74.221533,0.004212,C,0,40,-23.342055,74.221533,-23.342055,74.221533,0.004212,0.004212
80.000000,8.200000,8.200000,-24.802162,73.414891,40.014335,-0.021009,11.910369,57.534399,2.733333,10.000000,0.333333,-24.806977,73.439865,0.025434,C,0,40,-24.806977,73.439865,-24.806977,73.439865,0.025434,0.025434
81.000000,8.300000,8.300000,-26.235279,72.564188,40.043682,0.000728,10.986110,57.916042,2.766667,10.000000,0.333333,-26.276194,72.579507,0.043688,C,0,40,-26.276194,72.579507,-26.276194,72.579507,0.043688,0.043688
82.000000,8.400000,8.400000,-27.639249,71.666196,40.012066,-0.009359,10.049645,58.266670,2.800000,10.000000,0.333333,-27.647483,71.679057,0.015271,C,0,40,-27.647483,71.679057,-27.647483,71.679057,0.015271,0.015271
83.000000,8.500000,8.500000,-29.012511,70.721913,40.014628,-0.048174,9.102014,58.585894,2.833333,10.000000,0.333333,-29.011834,70.772254,0.050346,C,0,40,-29.011834,70.772254,-29.011834,70.772254,0.050346,0.050346
84.000000,8.600000,8.600000,-30.353541,69.732387,40.023485,-0.039179,8.144271,58.873359,2.866667,10.000000,0.333333,-30.365507,69.776470,0.045678,C,0,40,-30.365507,69.776470,-30.365507,69.776470,0.045678,0.045678
85.000000,8.700000,8.700000,-31.660847,68.698718,40.000056,0.000528,7.177480,59.128745,2.900000,10.000000,0.333333,-31.661027,68.698219,0.000531,C,0,40,-31.661027,68.698219,-31.661027,68.698219,0.000531,0.000531
86.000000,8.800000,8.800000,-32.932977,67.622055,40.019862,-0.025904,6.202714,59.351769,2.933333,10.000000,0.333333,-32.947055,67.651506,0.032642,C,0,40,-32.947055,67.651506,-32.947055,67.651506,0.032642,0.032642
87.000000,8.900000,8.900000,-34.168519,66.503593,39.996131,-0.039859,5.221058,59.542183,2.966667,10.000000,0.333333,-34.157772,66.542170,0.040046,C,0,40,-34.157772,66.542170,-34.157772,66.542170,0.040046,0.040046
88.000000,9.000000,9.000000,-35.366100,65.344575,40.003021,0.033649,4.233600,59.699775,3.000000,10.000000,0.333333,-35.373839,65.311689,0.033784,C,0,40,-35.373839,65.311689,-35.373839,65.311689,0.033784,0.033784
89.000000,9.100000,9.100000,-36.524388,64.146289,39.968546,0.003988,3.241439,59.824370,3.033333,10.000000,0.333333,-36.493549,64.138926,0.031706,C,0,40,-36.493549,64.138926,-36.493549,64.138926,0.031706,0.031706
90.000000,9.200000,9.200000,-37.642097,62.910067,40.010332,0.010495,2.245677,59.915831,3.066667,10.000000,0.333333,-37.653186,62.900375,0.014727,C,0,40,-37.653186,62.900375,-37.653186,62.900375,0.014727,0.014727
91.000000,9.300000,9.300000,-38.717986,61.637281,40.006286,-0.006403,1.247420,59.974055,3.100000,10.000000,0.333333,-38.724000,61.643940,0.008973,C,0,40,-38.724000,61.643940,-38.724000,61.643940,0.008973,0.008973
92.000000,9.400000,9.400000,-39.750859,60.329346,40.006254,-0.003019,0.247777,59.998977,3.133333,10.000000,0.333333,-39.757088,60.332416,0.006945,C,0,40,-39.757088,60.332416,-39.757088,60.332416,0.006945,0.006945
93.000000,9.500000,9.500000,-40.739568,58.987714,40.003396,-0.034965,-0.752142,59.990570,3.166667,10.000000,0.333333,-40.743839,59.022583,0.035129,C,0,40,-40.743839,59.022583,-40.743839,59.022583,0.035129,0.035129
94.000000,9.600000,9.600000,-41.683015,57.613878,39.968479,-0.009003,-1.751224,59.948843,3.200000,10.000000,0.333333,-41.652074,57.624705,0.032781,C,0,40,-41.652074,57.624705,-41.652074,57.624705,0.032781,0.032781
95.000000,9.700000,9.700000,-42.580152,56.209361,39.979941,0.011123,-2.748361,59.873843,3.233333,10.000000,0.333333,-42.559159,56.200123,0.022936,C,0,40,-42.559159,56.200123,-42.559159,56.200123,0.022936,0.022936
96.000000,9.800000,9.800000,-43.429983,54.775726,39.980581,0.017904,-3.742445,59.765653,3.266667,10.000000,0.333333,-43.408482,54.760385,0.026413,C,0,40,-43.408482,54.760385,-43.408482,54.760385,0.026413,0.026413
97.000000,9.900000,9.900000,-44.231562,53.314565,40.023164,-0.034579,-4.732371,59.624393,3.300000,10.000000,0.333333,-44.259890,53.345058,0.041621,C,0,40,-44.259890,53.345058,-44.259890,53.345058,0.041621,0.041621
98.000000,10.000000,10.000000,-44.983999,51.827502,40.028246,0.019767,-5.717039,59.450220,3.333333,10.000000,0.333333,-45.007960,51.802714,0.034476,C,0,40,-45.007960,51.802714,-45.007960,51.802714,0.034476,0.034476
99.000000,10.100000,10.100000,-45.686459,50.316187,39.938115,-0.014998,-6.695355,59.243328,3.366667,10.000000,0.333333,-45.629482,50.344618,0.063677,C,0,40,-45.629482,50.344618,-45.629482,50.344618,0.063677,0.063677
0.000000,0.200000,0.150000,11.976305,0.732815,10.495432,0.185151,1.998519,0.066642,0.066667,10.000000,0.333333,12.458302,0.950559,0.528899,C,50,10,11.959413,0.917250,11.972437,0.746965,0.185207,0.014669
1.000000,0.300000,0.250000,12.945044,1.148209,10.500566,0.206181,2.995002,0.149875,0.100000,10.000000,0.333333,13.422525,1.403333,0.541365,C,50,10,12.925023,1.353416,12.944072,1.183606,0.206181,0.035410
2.000000,0.400000,0.350000,13.899401,1.595658,10.499173,0.162091,3.988159,0.266272,0.133333,10.000000,0.333333,14.372596,1.822670,0.524831,C,50,10,13.877034,1.756201,13.900999,1.587051,0.162094,0.008754
3.000000,0.500000,0.450000,14.838316,2.074664,10.506415,0.133186,4.976884,0.415703,0.166667,10.000000,0.333333,15.315619,2.290017,0.523636,C,50,10,14.822547,2.207069,14.851680,2.038617,0.133340,0.038445
4.000000,0.600000,0.550000,15.760746,2.584696,10.471566,0.162403,5.960080,0.598003,0.200000,10.000000,0.333333,16.190647,2.837548,0.498747,C,50,10,15.700614,2.738213,15.735712,2.571488,0.164874,0.028305
5.000000,0.700000,0.650000,16.665665,3.125186,10.523440,0.185123,6.936654,0.812968,0.233333,10.000000,0.333333,17.132116,3.426324,0.555212,C,50,10,16.645665,3.310713,16.686862,3.144492,0.186601,0.028672
6.000000,0.800000,0.750000,17.552068,3.695535,10.480492,0.174563,7.905522,1.060361,0.266667,10.000000,0.333333,17.969576,3.990545,0.511219,C,50,10,17.487249,3.858787,17.533610,3.694679,0.175649,0.018478
7.000000,0.900000,0.850000,18.418971,4.295107,10.454368,0.141237,8.865606,1.339905,0.300000,10.000000,0.333333,18.811307,4.564311,0.475813,C,50,10,18.333639,4.416551,18.384786,4.254337,0.148426,0.053206
8.000000,1.000000,0.950000,19.265410,4.923239,10.507895,0.155766,9.815841,1.651292,0.333333,10.000000,0.333333,19.694383,5.236612,0.531244,C,50,10,19.221905,5.073014,19.278944,4.911826,0.155966,0.017703
9.000000,1.100000,1.050000,20.090446,5.579230,10.525999,0.189995,10.755170,1.994174,0.366667,10.000000,0.333333,20.513366,5.945170,0.559262,C,50,10,20.046602,5.765917,20.109622,5.606637,0.191766,0.033449
10.000000,1.200000,1.150000,20.893160,6.262354,10.488774,0.165572,11.682550,2.368170,0.400000,10.000000,0.333333,21.278874,6.605193,0.516056,C,50,10,20.818343,6.410484,20.886023,6.253810,0.165952,0.011132
11.000000,1.300000,1.250000,21.672662,6.971850,10.506041,0.192085,12.596951,2.772866,0.433333,10.000000,0.333333,22.051274,7.358667,0.541271,C,50,10,21.597488,7.148717,21.670873,6.994307,0.192180,0.022528
12.000000,1.400000,1.350000,22.428086,7.706930,10.491858,0.157447,13.497356,3.207811,0.466667,10.000000,0.333333,22.796513,8.068835,0.516443,C,50,10,22.349977,7.843879,22.427845,7.691956,0.157657,0.014976
13.000000,1.500000,1.450000,23.158592,8.466779,10.504365,0.155513,14.382766,3.672523,0.500000,10.000000,0.333333,23.526656,8.845059,0.527795,C,50,10,23.087865,8.605347,23.170823,8.455905,0.155574,0.016366
14.000000,1.600000,1.550000,23.863368,9.250550,10.483960,0.176548,15.252197,4.166485,0.533333,10.000000,0.333333,24.190357,9.648627,0.515157,C,50,10,23.759798,9.394424,23.847823,9.248300,0.177275,0.015707
15.000000,1.700000,1.650000,24.541632,10.057375,10.459458,0.155426,16.104682,4.689148,0.566667,10.000000,0.333333,24.845839,10.435155,0.485035,C,50,10,24.423991,10.166744,24.516322,10.023794,0.160626,0.042051
16.000000,1.800000,1.750000,25.192630,10.886356,10.506859,0.168253,16.939274,5.239932,0.600000,10.000000,0.333333,25.515957,11.311416,0.534056,C,50,10,25.103289,11.029094,25.200951,10.888765,0.168392,0.008662
17.000000,1.900000,1.850000,25.815639,11.736573,10.482840,0.177698,17.755047,5.818224,0.633333,10.000000,0.333333,26.099669,12.165570,0.514501,C,50,10,25.696639,11.869652,25.798817,11.733072,0.178525,0.017182
18.000000,2.000000,1.950000,26.409967,12.607080,10.536001,0.159189,18.551094,6.423382,0.666667,10.000000,0.333333,26.732766,13.063632,0.559141,C,50,10,26.339822,12.754447,26.446793,12.620458,0.163209,0.039181
19.000000,2.100000,2.050000,26.974952,13.496911,10.491841,0.143104,19.326531,7.054734,0.700000,10.000000,0.333333,27.258943,13.923216,0.512237,C,50,10,26.876522,13.601107,26.987223,13.471154,0.143337,0.028530
20.000000,2.200000,2.150000,27.509969,14.405077,10.500313,0.181437,20.080495,7.711579,0.733333,10.000000,0.333333,27.760230,14.874760,0.532196,C,50,10,27.388757,14.540085,27.504299,14.414211,0.181437,0.010750
21.000000,2.300000,2.250000,28.014421,15.330570,10.474701,0.193923,20.812150,8.393186,0.766667,10.000000,0.333333,28.221783,15.799557,0.512784,C,50,10,27.861669,15.452687,27.981200,15.331188,0.195566,0.033227
22.000000,2.400000,2.350000,28.487750,16.272360,10.507194,0.179502,21.520683,9.098799,0.800000,10.000000,0.333333,28.712348,16.761258,0.538021,C,50,10,28.363995,16.402580,28.487725,16.284580,0.179646,0.012220
23.000000,2.500000,2.450000,28.929428,17.229401,10.490461,0.141721,22.205306,9.827633,0.833333,10.000000,0.333333,29.154321,17.687724,0.510526,C,50,10,28.818115,17.317636,28.945077,17.203551,0.142042,0.030218
24.000000,2.600000,2.550000,29.338965,18.200631,10.499034,0.171210,22.865258,10.578878,0.866667,10.000000,0.333333,29.531534,18.691819,0.527587,C,50,10,29.207849,18.310731,29.338972,18.201220,0.171212,0.000589
25.000000,2.700000,2.650000,29.715907,19.184970,10.504858,0.149849,23.499807,11.351701,0.900000,10.000000,0.333333,29.912351,19.673587,0.526628,C,50,10,29.601546,19.281924,29.736098,19.176505,0.149928,0.021893
26.000000,2.800000,2.750000,30.059834,20.181325,10.468949,0.174920,24.108248,12.145242,0.933333,10.000000,0.333333,30.198366,20.662281,0.500510,C,50,10,29.900786,20.260477,30.038550,20.160295,0.177655,0.029920
27.000000,2.900000,2.850000,30.370364,21.188588,10.486850,0.174142,24.689904,12.958620,0.966667,10.000000,0.333333,30.503599,21.688184,0.517057,C,50,10,30.219576,21.276686,30.360839,21.180969,0.174638,0.012197
28.000000,3.000000,2.950000,30.647153,22.205641,10.518415,0.140352,25.244130,13.790931,1.000000,10.000000,0.333333,30.809151,22.717704,0.537078,C,50,10,30.539000,22.296969,30.683506,22.205254,0.141555,0.036356
29.000000,3.100000,3.050000,30.889892,23.231353,10.512324,0.161557,25.770309,14.641250,1.033333,10.000000,0.333333,31.013402,23.754155,0.537194,C,50,10,30.757423,23.324650,30.905002,23.238157,0.162026,0.016571
30.000000,3.200000,3.150000,31.098312,24.264585,10.515332,0.155768,26.267857,15.508633,1.066667,10.000000,0.333333,31.210851,24.791051,0.538359,C,50,10,30.969328,24.353253,31.119704,24.271618,0.156521,0.022518
31.000000,3.300000,3.250000,31.272182,25.304190,10.488053,0.145857,26.736221,16.392116,1.100000,10.000000,0.333333,31.363572,25.805307,0.509382,C,50,10,31.136774,25.359703,31.289308,25.283187,0.146345,0.027100
32.000000,3.400000,3.350000,31.411308,26.349012,10.503124,0.149831,27.174881,17.290718,1.133333,10.000000,0.333333,31.488731,26.868231,0.524960,C,50,10,31.276910,26.415316,31.432164,26.343878,0.149864,0.021479
33.000000,3.500000,3.450000,31.515536,27.397889,10.485621,0.188132,27.583349,18.203440,1.166667,10.000000,0.333333,31.533515,27.918368,0.520789,C,50,10,31.336905,27.458645,31.494443,27.393123,0.188680,0.021625
34.000000,3.600000,3.550000,31.584750,28.449658,10.539529,0.187810,27.961173,19.129267,1.200000,10.000000,0.333333,31.605206,29.020574,0.571282,C,50,10,31.424028,28.554555,31.584494,28.493981,0.191924,0.044324
35.000000,3.700000,3.650000,31.618873,29.503149,10.464687,0.157598,28.307931,20.067173,1.233333,10.000000,0.333333,31.624019,29.993807,0.490684,C,50,10,31.458472,29.522008,31.619524,29.466765,0.161506,0.036390
36.000000,3.800000,3.750000,31.617867,30.557193,10.506760,0.173458,28.623238,21.016113,1.266667,10.000000,0.333333,31.604126,31.092640,0.535624,C,50,10,31.454394,30.615586,31.617946,30.565778,0.173590,0.008585
37.000000,3.900000,3.850000,31.581734,31.610617,10.524092,0.149355,28.906746,21.975035,1.300000,10.000000,0.333333,31.578016,32.155563,0.544958,C,50,10,31.444266,31.673784,31.609554,31.628987,0.151286,0.033338
38.000000,4.000000,3.950000,31.510513,32.662252,10.512178,0.160611,29.158137,22.942873,1.333333,10.000000,0.333333,31.474892,33.197838,0.536770,C,50,10,31.357274,32.711869,31.523816,32.672837,0.161072,0.017000
39.000000,4.100000,4.050000,31.404283,33.710929,10.480766,0.153562,29.377134,23.918551,1.366667,10.000000,0.333333,31.351368,34.212842,0.504695,C,50,10,31.250011,33.723223,31.417225,33.689759,0.154761,0.024813
40.000000,4.200000,4.150000,31.263163,34.755483,10.542424,0.123802,29.563492,24.900986,1.400000,10.000000,0.333333,31.233357,35.311057,0.556373,C,50,10,31.148373,34.818332,31.317533,34.789787,0.130869,0.064287
41.000000,4.300000,4.250000,31.087310,35.794754,10.509173,0.170116,29.717005,25.889085,1.433333,10.000000,0.333333,30.988571,36.322435,0.536839,C,50,10,30.920056,35.827151,31.089636,35.805104,0.170363,0.010609
42.000000,4.400000,4.350000,30.876918,36.827587,10.497356,0.170436,29.837502,26.881753,1.466667,10.000000,0.333333,30.759101,37.339964,0.525749,C,50,10,30.707130,36.842672,30.877156,36.826317,0.170456,0.001292
43.000000,4.500000,4.450000,30.632222,37.852834,10.490650,0.200587,29.924850,27.877884,1.500000,10.000000,0.333333,30.466844,38.356444,0.530069,C,50,10,30.431476,37.857697,30.601881,37.847526,0.200805,0.030802
44.000000,4.600000,4.550000,30.353493,38.869357,10.477106,0.180627,29.978950,28.876373,1.533333,10.000000,0.333333,30.190862,39.352893,0.510153,C,50,10,30.172135,38.853244,30.342544,38.848437,0.182072,0.023612
45.000000,4.700000,4.650000,30.041041,39.876025,10.485737,0.172635,29.999744,29.876111,1.566667,10.000000,0.333333,29.870413,40.362471,0.515503,C,50,10,29.868348,39.862475,30.038964,39.863215,0.173224,0.012978
46.000000,4.800000,4.750000,29.695213,40.871722,10.511089,0.125148,29.987208,30.875986,1.600000,10.000000,0.333333,29.555194,41.378939,0.526189,C,50,10,29.569794,40.879152,29.740730,40.884795,0.125639,0.047357
47.000000,4.900000,4.850000,29.316393,41.855340,10.492501,0.148470,29.941356,31.874888,1.633333,10.000000,0.333333,29.137434,42.337599,0.514393,C,50,10,29.168682,41.838576,29.339004,41.850284,0.148660,0.023169
48.000000,5.000000,4.950000,28.905003,42.825786,10.517776,0.163638,29.862239,32.871706,1.666667,10.000000,0.333333,28.692554,43.325520,0.543018,C,50,10,28.740415,42.827816,28.910650,42.845482,0.164600,0.020490
49.000000,5.100000,5.050000,28.461499,43.781983,10.466397,0.167867,29.749944,33.865335,1.700000,10.000000,0.333333,28.234939,44.222864,0.495687,C,50,10,28.299361,43.727032,28.468054,43.750328,0.171197,0.032326
50.000000,5.200000,5.150000,27.986375,44.722868,10.481890,0.148321,29.604597,34.854669,1.733333,10.000000,0.333333,27.762028,45.174405,0.504200,C,50,10,27.842939,44.680995,28.011067,44.709619,0.149422,0.028023
51.000000,5.300000,5.250000,27.480157,45.647396,10.522027,0.184631,29.426360,35.838609,1.766667,10.000000,0.333333,27.197459,46.123508,0.553715,C,50,10,27.294769,45.633068,27.462395,45.667998,0.185940,0.027202
52.000000,5.400000,5.350000,26.943408,46.554539,10.522026,0.168920,29.215429,36.816063,1.800000,10.000000,0.333333,26.660300,47.024534,0.548676,C,50,10,26.773901,46.537610,26.940326,46.577852,0.170350,0.023515
53.000000,5.500000,5.450000,26.376725,47.443290,10.511536,0.182356,28.972040,37.785944,1.833333,10.000000,0.333333,26.067858,47.889971,0.543067,C,50,10,26.197624,47.407104,26.362390,47.453042,0.182720,0.017337
54.000000,5.600000,5.550000,25.780737,48.312662,10.517208,0.175689,28.696462,38.747174,1.866667,10.000000,0.333333,25.461879,48.756171,0.546233,C,50,10,25.607665,48.277896,25.770931,48.329221,0.176529,0.019245
55.000000,5.700000,5.650000,25.156107,49.161688,10.469240,0.192912,28.389003,39.698687,1.900000,10.000000,0.333333,24.821854,49.543363,0.507347,C,50,10,24.983498,49.070213,25.144114,49.126970,0.195349,0.036731
56.000000,5.800000,5.750000,24.503528,49.989425,10.514891,0.142373,28.050003,40.639424,1.933333,10.000000,0.333333,24.187804,50.420356,0.534213,C,50,10,24.365128,49.952856,24.524768,50.014409,0.143150,0.032792
57.000000,5.900000,5.850000,23.823725,50.794954,10.531559,0.162434,27.679839,41.568341,1.966667,10.000000,0.333333,23.468878,51.222766,0.555823,C,50,10,23.661684,50.761435,23.819315,50.828689,0.165472,0.034022
58.000000,6.000000,5.950000,23.117454,51.577379,10.492810,0.179184,27.278923,42.484405,2.000000,10.000000,0.333333,22.749442,51.950924,0.524375,C,50,10,22.957515,51.496275,23.112114,51.568735,0.179328,0.010161
59.000000,6.100000,6.050000,22.385500,52.335832,10.517799,0.170511,26.847699,43.386599,2.033333,10.000000,0.333333,22.001853,52.723137,0.545152,C,50,10,22.224963,52.275676,22.377499,52.353301,0.171438,0.019214
60.000000,6.200000,6.150000,21.628675,53.069470,10.504095,0.153545,26.386648,44.273920,2.066667,10.000000,0.333333,21.253776,53.439793,0.526961,C,50,10,21.491675,53.000015,21.641469,53.082324,0.153600,0.018137
61.000000,6.300000,6.250000,20.847820,53.777477,10.515494,0.155931,25.896281,45.145383,2.100000,10.000000,0.333333,20.452974,54.143735,0.538562,C,50,10,20.705397,53.712131,20.852510,53.799515,0.156698,0.022532
62.000000,6.400000,6.350000,20.043803,54.459067,10.447155,0.173935,25.377143,46.000019,2.133333,10.000000,0.333333,19.658188,54.744552,0.479792,C,50,10,19.924855,54.321599,20.067848,54.413494,0.181786,0.051527
63.000000,6.500000,6.450000,19.217517,55.113483,10.524975,0.181176,24.829811,46.836879,2.166667,10.000000,0.333333,18.772934,55.446303,0.555359,C,50,10,19.053548,55.032473,19.194412,55.129901,0.182889,0.028345
64.000000,6.600000,6.550000,18.369881,55.739998,10.500443,0.174574,24.254892,47.655034,2.200000,10.000000,0.333333,17.934227,56.041867,0.530019,C,50,10,18.228477,55.637619,18.365747,55.739360,0.174575,0.004183
65.000000,6.700000,6.650000,17.501835,56.337915,10.513695,0.228713,23.653026,48.453573,2.233333,10.000000,0.333333,17.005526,56.602244,0.562310,C,50,10,17.313086,56.208027,17.446514,56.315137,0.229123,0.059827
66.000000,6.800000,6.750000,16.614345,56.906571,10.521363,0.146199,23.024882,49.231610,2.266667,10.000000,0.333333,16.167916,57.212994,0.541474,C,50,10,16.488443,56.829246,16.619200,56.939761,0.147751,0.033544
67.000000,6.900000,6.850000,15.708396,57.445333,10.506939,0.174360,22.371156,49.988281,2.300000,10.000000,0.333333,15.240614,57.707188,0.536086,C,50,10,15.573752,57.334336,15.700262,57.449342,0.174498,0.009068
68.000000,7.000000,6.950000,14.784995,57.953603,10.482463,0.168272,21.692576,50.722744,2.333333,10.000000,0.333333,14.330055,58.186230,0.510966,C,50,10,14.675434,57.824687,14.797813,57.943492,0.169183,0.016326
69.000000,7.100000,7.050000,13.845168,58.430817,10.488686,0.189625,20.989896,51.434185,2.366667,10.000000,0.333333,13.363341,58.637250,0.524187,C,50,10,13.720577,58.287418,13.838750,58.410561,0.189963,0.021248
70.000000,7.200000,7.150000,12.889958,58.876443,10.522518,0.162935,20.263895,52.121811,2.400000,10.000000,0.333333,12.394600,59.109238,0.547333,C,50,10,12.763297,58.771507,12.878010,58.898628,0.164483,0.025198
71.000000,7.300000,7.250000,11.920428,59.289988,10.529748,0.158519,19.515382,52.784861,2.433333,10.000000,0.333333,11.414969,59.514201,0.552956,C,50,10,11.794716,59.188945,11.905264,59.319862,0.161286,0.033502
72.000000,7.400000,7.350000,10.937654,59.670991,10.496424,0.178638,18.745186,53.422596,2.466667,10.000000,0.333333,10.438449,59.841704,0.527587,C,50,10,10.828826,59.529284,10.934338,59.663593,0.178674,0.008107
73.000000,7.500000,7.450000,9.942728,60.019030,10.500437,0.172695,17.954164,54.034308,2.500000,10.000000,0.333333,9.438453,60.180175,0.529397,C,50,10,9.839025,59.880939,9.940122,60.018683,0.172695,0.002629
74.000000,7.600000,7.550000,8.936756,60.333717,10.508105,0.216153,17.143195,54.619319,2.533333,10.000000,0.333333,8.396264,60.446684,0.552171,C,50,10,8.806586,60.160964,8.902519,60.302524,0.216305,0.046316
75.000000,7.700000,7.650000,7.920855,60.614703,10.489500,0.156704,16.313180,55.176977,2.566667,10.000000,0.333333,7.424839,60.749369,0.513971,C,50,10,7.844455,60.477483,7.936274,60.621357,0.157055,0.016793
76.000000,7.800000,7.750000,6.896154,60.861676,10.475881,0.170861,15.465041,55.706663,2.600000,10.000000,0.333333,6.400297,60.960585,0.505625,C,50,10,6.828742,60.702834,6.915394,60.849618,0.172555,0.022707
77.000000,7.900000,7.850000,5.863791,61.074362,10.502205,0.177243,14.599720,56.207788,2.633333,10.000000,0.333333,5.338811,61.163925,0.532565,C,50,10,5.775607,60.920596,5.857444,61.070621,0.177257,0.007367
78.000000,8.000000,7.950000,4.824913,61.252523,10.491036,0.177439,13.718179,56.679797,2.666667,10.000000,0.333333,4.307084,61.319259,0.522112,C,50,10,4.751747,61.090623,4.828449,61.243128,0.177665,0.010038
79.000000,8.100000,8.050000,3.780675,61.395963,10.491927,0.180166,12.821396,57.122164,2.700000,10.000000,0.333333,3.258938,61.443319,0.523882,C,50,10,3.710974,61.229629,3.782517,61.384639,0.180347,0.011473
80.000000,8.200000,8.150000,2.732236,61.504522,10.533249,0.186767,11.910369,57.534399,2.733333,10.000000,0.333333,2.168665,61.544811,0.565010,C,50,10,2.627571,61.346305,2.694086,61.504287,0.189703,0.038151
81.000000,8.300000,8.250000,1.680762,61.578078,10.480838,0.177052,10.986110,57.916042,2.766667,10.000000,0.333333,1.168489,61.589410,0.512399,C,50,10,1.633756,61.406308,1.694792,61.565549,0.178086,0.018810
82.000000,8.400000,8.350000,0.627421,61.616552,10.501001,0.126880,10.049645,58.266670,2.800000,10.000000,0.333333,0.112863,61.664832,0.516818,C,50,10,0.583975,61.497338,0.640570,61.658553,0.126884,0.044012
83.000000,8.500000,8.450000,-0.426617,61.619899,10.514501,0.166318,9.102014,58.585894,2.833333,10.000000,0.333333,-0.967327,61.617520,0.540715,C,50,10,-0.490896,61.465820,-0.440259,61.629251,0.166949,0.016539
84.000000,8.600000,8.550000,-1.480182,61.588116,10.532246,0.167316,8.144271,58.873359,2.866667,10.000000,0.333333,-2.037862,61.571576,0.557925,C,50,10,-1.556639,61.435838,-1.511410,61.601154,0.170395,0.033841
85.000000,8.700000,8.650000,-2.532102,61.521238,10.460237,0.153848,7.177480,59.128745,2.900000,10.000000,0.333333,-3.015781,61.481970,0.485271,C,50,10,-2.530302,61.362345,-2.490687,61.527858,0.158903,0.041941
86.000000,8.800000,8.750000,-3.581209,61.419340,10.497616,0.180984,6.202714,59.351769,2.933333,10.000000,0.333333,-4.105492,61.345153,0.529506,C,50,10,-3.616295,61.241774,-3.582526,61.409221,0.180999,0.010205
87.000000,8.900000,8.850000,-4.626337,61.282535,10.512271,0.175391,5.221058,59.542183,2.966667,10.000000,0.333333,-5.161314,61.198974,0.541464,C,50,10,-4.668944,61.111957,-4.640638,61.280659,0.175819,0.014424
88.000000,9.000000,8.950000,-5.666325,61.110975,10.519306,0.166838,4.233600,59.699775,3.000000,10.000000,0.333333,-6.203978,61.019092,0.545448,C,50,10,-5.708981,60.948532,-5.686155,61.118178,0.167951,0.021098
89.000000,9.100000,9.050000,-6.700018,60.904850,10.521685,0.201840,3.241439,59.824370,3.033333,10.000000,0.333333,-7.240457,60.760559,0.559370,C,50,10,-6.743384,60.706535,-6.726799,60.876955,0.203002,0.038670
90.000000,9.200000,9.150000,-7.726267,60.664390,10.522230,0.163077,2.245677,59.915831,3.066667,10.000000,0.333333,-8.259239,60.540862,0.547100,C,50,10,-7.760642,60.503434,-7.749101,60.674268,0.164585,0.024880
91.000000,9.300000,9.250000,-8.743932,60.389861,10.493934,0.194425,1.247420,59.974055,3.100000,10.000000,0.333333,-9.245523,60.216142,0.530822,C,50,10,-8.745955,60.195352,-8.740660,60.366030,0.194520,0.024054
92.000000,9.400000,9.350000,-9.751882,60.081569,10.486630,0.172571,0.247777,59.998977,3.133333,10.000000,0.333333,-10.239921,59.913023,0.516323,C,50,10,-9.739938,59.908894,-9.739971,60.079526,0.173088,0.012085
93.000000,9.500000,9.450000,-10.748998,59.739856,10.504424,0.162654,-0.752142,59.990570,3.166667,10.000000,0.333333,-11.249185,59.564607,0.530000,C,50,10,-10.749343,59.577142,-10.754902,59.747978,0.162714,0.010042
94.000000,9.600000,9.550000,-11.734172,59.365102,10.458416,0.185314,-1.751224,59.948843,3.200000,10.000000,0.333333,-12.180989,59.153344,0.494456,C,50,10,-11.681841,59.182531,-11.693430,59.352302,0.189922,0.042705
95.000000,9.700000,9.650000,-12.706309,58.957723,10.521045,0.198558,-2.748361,59.873843,3.233333,10.000000,0.333333,-13.206973,58.712266,0.557596,C,50,10,-12.709075,58.758072,-12.726623,58.928384,0.199670,0.035685
96.000000,9.800000,9.750000,-13.664329,58.518171,10.463223,0.169821,-3.742445,59.765653,3.266667,10.000000,0.333333,-14.102749,58.291891,0.493371,C,50,10,-13.606655,58.354265,-13.629281,58.522996,0.173758,0.035379
97.000000,9.900000,9.850000,-14.607169,58.046936,10.495563,0.174212,-4.732371,59.624393,3.300000,10.000000,0.333333,-15.069046,57.796733,0.525292,C,50,10,-14.575306,57.875606,-14.603695,58.044011,0.174268,0.004541
98.000000,10.000000,9.950000,-15.533779,57.544541,10.510607,0.180114,-5.717039,59.450220,3.333333,10.000000,0.333333,-16.000704,57.270422,0.541443,C,50,10,-15.509867,57.365706,-15.543996,57.533300,0.180426,0.015190
99.000000,10.100000,10.050000,-16.443131,57.011543,10.489487,0.175601,-6.695355,59.243328,3.366667,10.000000,0.333333,-16.881082,56.731128,0.520032,C,50,10,-16.393693,56.842717,-16.433239,57.008754,0.175915,0.010278
0.000000,0.200000,0.150000,21.954091,1.398988,20.486605,0.307036,1.998519,0.066642,0.066667,10.000000,0.333333,22.419161,1.737758,0.575374,C,50,20,21.920272,1.704449,21.945032,1.368048,0.307328,0.032239
1.000000,0.300000,0.250000,22.895086,2.146543,20.490439,0.303043,2.995002,0.149875,0.100000,10.000000,0.333333,23.352821,2.497035,0.576512,C,50,20,22.855319,2.447118,22.891216,2.111659,0.303194,0.035098
2.000000,0.400000,0.350000,23.810644,2.925044,20.496587,0.349597,3.988159,0.266272,0.133333,10.000000,0.333333,24.256348,3.337554,0.607302,C,50,20,23.760786,3.271084,23.808626,2.937003,0.349613,0.012128
3.000000,0.500000,0.450000,24.699749,3.733626,20.489811,0.354492,4.976884,0.415703,0.166667,10.000000,0.333333,25.123963,4.164463,0.604631,C,50,20,24.630892,4.081515,24.689901,3.749338,0.354638,0.018543
4.000000,0.600000,0.550000,25.561411,4.571389,20.502229,0.401263,5.960080,0.598003,0.200000,10.000000,0.333333,25.973911,5.064431,0.642842,C,50,20,25.483878,4.965096,25.554730,4.635016,0.401269,0.063976
5.000000,0.700000,0.650000,26.394675,5.437404,20.478898,0.294029,6.936654,0.812968,0.233333,10.000000,0.333333,26.792610,5.834197,0.561957,C,50,20,26.306159,5.718586,26.386144,5.391030,0.294785,0.047152
6.000000,0.800000,0.750000,27.198615,6.330708,20.513534,0.350855,7.905522,1.060361,0.266667,10.000000,0.333333,27.601542,6.804488,0.621946,C,50,20,27.119214,6.672729,27.211134,6.347705,0.351116,0.021110
7.000000,0.900000,0.850000,27.972336,7.250309,20.525412,0.327777,8.865606,1.339905,0.300000,10.000000,0.333333,28.377416,7.718717,0.619270,C,50,20,27.899748,7.570957,28.002137,7.248876,0.328761,0.029836
8.000000,1.000000,0.950000,28.714980,8.195186,20.505323,0.328197,9.815841,1.651292,0.333333,10.000000,0.333333,29.085104,8.670656,0.602548,C,50,20,28.612625,8.507059,28.725592,8.188889,0.328240,0.012339
9.000000,1.100000,1.050000,29.425721,9.164287,20.499418,0.336273,10.755170,1.994174,0.366667,10.000000,0.333333,29.771386,9.657251,0.602078,C,50,20,29.304622,9.477998,29.428221,9.163909,0.336273,0.002528
10.000000,1.200000,1.150000,30.103770,10.156537,20.504018,0.335189,11.682550,2.368170,0.400000,10.000000,0.333333,30.437473,10.661541,0.605298,C,50,20,29.976943,10.466831,30.110953,10.156959,0.335213,0.007195
11.000000,1.300000,1.250000,30.748374,11.170833,20.479994,0.315262,12.596951,2.772866,0.433333,10.000000,0.333333,31.051624,11.658505,0.574269,C,50,20,30.597839,11.448556,30.741634,11.143550,0.315897,0.028104
12.000000,1.400000,1.350000,31.358815,12.206049,20.519563,0.344149,13.497356,3.207811,0.466667,10.000000,0.333333,31.667986,12.747157,0.623205,C,50,20,31.221450,12.522201,31.376054,12.221778,0.344705,0.023336
13.000000,1.500000,1.450000,31.934417,13.261034,20.475495,0.304540,14.382766,3.672523,0.500000,10.000000,0.333333,32.205699,13.756258,0.564660,C,50,20,31.766908,13.516545,31.930510,13.221777,0.305525,0.039451
14.000000,1.600000,1.550000,32.474540,14.334616,20.478251,0.302072,15.252197,4.166485,0.533333,10.000000,0.333333,32.732795,14.837881,0.565660,C,50,20,32.302237,14.583678,32.475559,14.294466,0.302854,0.040163
15.000000,1.700000,1.650000,32.978583,15.425602,20.496013,0.340987,16.104682,4.689148,0.566667,10.000000,0.333333,33.214017,15.979563,0.601915,C,50,20,32.792169,15.711151,32.975741,15.427969,0.341011,0.003698
16.000000,1.800000,1.750000,33.445987,16.532781,20.507935,0.321901,16.939274,5.239932,0.600000,10.000000,0.333333,33.683444,17.085259,0.601347,C,50,20,33.270777,16.802938,33.463531,16.525688,0.321999,0.018924
17.000000,1.900000,1.850000,33.876231,17.654922,20.514253,0.318204,17.755047,5.818224,0.633333,10.000000,0.333333,34.102426,18.215766,0.604739,C,50,20,33.699396,17.919848,33.901295,17.649055,0.318523,0.025741
18.000000,2.000000,1.950000,34.268839,18.790778,20.528317,0.338760,18.551094,6.423382,0.666667,10.000000,0.333333,34.474558,19.383700,0.627596,C,50,20,34.081615,19.074515,34.292840,18.810625,0.339941,0.031144
19.000000,2.100000,2.050000,34.623374,19.939088,20.513876,0.340742,19.326531,7.054734,0.700000,10.000000,0.333333,34.796896,20.530749,0.616582,C,50,20,34.414475,20.208641,34.634250,19.952143,0.341024,0.016992
20.000000,2.200000,2.150000,34.939443,21.098576,20.531847,0.346922,20.080495,7.711579,0.733333,10.000000,0.333333,35.102365,21.712312,0.634993,C,50,20,34.730891,21.377637,34.959368,21.128451,0.348380,0.035910
21.000000,2.300000,2.250000,35.216693,22.267953,20.472491,0.323002,20.812150,8.393186,0.766667,10.000000,0.333333,35.332915,22.828373,0.572344,C,50,20,34.972801,22.481504,35.208486,22.240514,0.324171,0.028640
22.000000,2.400000,2.350000,35.454817,23.445921,20.484563,0.305013,21.520683,9.098799,0.800000,10.000000,0.333333,35.573612,24.006029,0.572568,C,50,20,35.225259,23.647351,35.468777,23.413996,0.305403,0.034843
23.000000,2.500000,2.450000,35.653550,24.631170,20.494672,0.308784,22.205306,9.827633,0.833333,10.000000,0.333333,35.757619,25.204945,0.583136,C,50,20,35.421413,24.834856,35.672739,24.609678,0.308830,0.028811
24.000000,2.600000,2.550000,35.812673,25.822384,20.490012,0.300263,22.865258,10.578878,0.866667,10.000000,0.333333,35.901039,26.390241,0.574691,C,50,20,35.577354,26.009153,35.835893,25.792419,0.300430,0.037908
25.000000,2.700000,2.650000,35.932007,27.018239,20.507073,0.350010,23.499807,11.351701,0.900000,10.000000,0.333333,35.973037,27.633013,0.616141,C,50,20,35.662232,27.241349,35.928592,27.033819,0.350081,0.015949
26.000000,2.800000,2.750000,36.011420,28.217407,20.468340,0.344794,24.108248,12.145242,0.933333,10.000000,0.333333,36.013077,28.798976,0.581572,C,50,20,35.715498,28.397172,35.988059,28.198953,0.346245,0.029771
27.000000,2.900000,2.850000,36.050824,29.418556,20.501225,0.301984,24.689904,12.958620,0.966667,10.000000,0.333333,36.087011,30.002603,0.585168,C,50,20,35.802988,29.591105,36.082043,29.401181,0.301987,0.035728
28.000000,3.000000,2.950000,36.050176,30.620351,20.475657,0.374243,25.244130,13.790931,1.000000,10.000000,0.333333,35.992259,31.222806,0.605233,C,50,20,35.722108,30.802071,36.007639,30.622793,0.375034,0.042606
29.000000,3.100000,3.050000,36.009475,31.821456,20.504727,0.365636,25.770309,14.641250,1.033333,10.000000,0.333333,35.953789,32.442212,0.623249,C,50,20,35.697810,32.012707,35.989497,31.842671,0.365667,0.029141
30.000000,3.200000,3.150000,35.928768,33.020538,20.497048,0.312028,26.267857,15.508633,1.066667,10.000000,0.333333,35.895655,33.606474,0.586871,C,50,20,35.654132,33.168676,35.950775,33.007740,0.312041,0.025457
31.000000,3.300000,3.250000,35.808143,34.216264,20.460979,0.350496,26.736221,16.392116,1.100000,10.000000,0.333333,35.704876,34.786075,0.579093,C,50,20,35.478078,34.340471,35.779682,34.190356,0.352662,0.038487
32.000000,3.400000,3.350000,35.647736,35.407305,20.494448,0.298395,27.174881,17.290718,1.133333,10.000000,0.333333,35.586910,35.981604,0.577511,C,50,20,35.375089,35.528689,35.681657,35.387685,0.298446,0.039186
33.000000,3.500000,3.450000,35.447723,36.592339,20.489538,0.333417,27.583349,18.203440,1.166667,10.000000,0.333333,35.333660,37.173548,0.592296,C,50,20,35.137051,36.713825,35.448306,36.583685,0.333581,0.008674
34.000000,3.600000,3.550000,35.208328,37.770049,20.466529,0.330169,27.961173,19.129267,1.200000,10.000000,0.333333,35.069647,38.324512,0.571543,C,50,20,34.888469,37.858492,35.203512,37.738889,0.331861,0.031530
35.000000,3.700000,3.650000,34.929816,38.939126,20.495409,0.329472,28.307931,20.067173,1.233333,10.000000,0.333333,34.782954,39.515679,0.594963,C,50,20,34.617407,39.043880,34.936710,38.934668,0.329504,0.008210
36.000000,3.800000,3.750000,34.612496,40.098272,20.484353,0.363979,28.623238,21.016113,1.266667,10.000000,0.333333,34.410267,40.669396,0.605870,C,50,20,34.260536,40.192342,34.583303,40.094436,0.364315,0.029444
37.000000,3.900000,3.850000,34.256722,41.246199,20.470528,0.295210,28.906746,21.975035,1.300000,10.000000,0.333333,34.098136,41.778549,0.555469,C,50,20,33.964386,41.296770,34.289700,41.208637,0.296677,0.049985
38.000000,4.000000,3.950000,33.862889,42.381631,20.527704,0.321110,29.158137,22.942873,1.333333,10.000000,0.333333,33.674926,42.970063,0.617724,C,50,20,33.557307,42.484094,33.886406,42.407039,0.322303,0.034622
39.000000,4.100000,4.050000,33.431433,43.503307,20.497336,0.337423,29.377134,23.918551,1.366667,10.000000,0.333333,33.201833,44.058717,0.600997,C,50,20,33.100475,43.569098,33.431523,43.503426,0.337434,0.000150
40.000000,4.200000,4.150000,32.962835,44.609980,20.500670,0.326981,29.563492,24.900986,1.400000,10.000000,0.333333,32.725709,45.158941,0.597986,C,50,20,32.640725,44.666217,32.973801,44.611433,0.326982,0.011062
41.000000,4.300000,4.250000,32.457615,45.700422,20.509475,0.333080,29.717005,25.889085,1.433333,10.000000,0.333333,32.197490,46.250733,0.608693,C,50,20,32.128975,45.755450,32.463851,45.711876,0.333215,0.013042
42.000000,4.400000,4.350000,31.916334,46.773421,20.514926,0.355989,29.837502,26.881753,1.466667,10.000000,0.333333,31.615795,47.322559,0.626001,C,50,20,31.563824,46.825268,31.900100,46.793248,0.356302,0.025625
43.000000,4.500000,4.450000,31.339594,47.827784,20.505531,0.343438,29.924850,27.877884,1.500000,10.000000,0.333333,31.032776,48.356342,0.611155,C,50,20,30.997407,47.857594,31.334391,47.836603,0.343483,0.010240
44.000000,4.600000,4.550000,30.728035,48.862340,20.497285,0.320365,29.978950,28.876373,1.533333,10.000000,0.333333,30.426520,49.371275,0.591546,C,50,20,30.407793,48.871626,30.745134,48.861499,0.320377,0.017119
45.000000,4.700000,4.650000,30.082337,49.875940,20.522047,0.370483,29.999744,29.876111,1.566667,10.000000,0.333333,29.714013,50.399512,0.640149,C,50,20,29.711948,49.899517,30.049863,49.901468,0.371138,0.041307
46.000000,4.800000,4.750000,29.403218,50.867458,20.498165,0.350850,29.987208,30.875986,1.600000,10.000000,0.333333,29.037971,51.355166,0.609314,C,50,20,29.052571,50.855379,29.389841,50.868256,0.350854,0.013400
47.000000,4.900000,4.850000,28.691431,51.835792,20.477299,0.376295,29.941356,31.874888,1.633333,10.000000,0.333333,28.286042,52.288640,0.607793,C,50,20,28.317290,51.789617,28.653573,51.814132,0.376979,0.043616
48.000000,5.000000,4.950000,27.947768,52.779866,20.510842,0.337643,29.862239,32.871706,1.666667,10.000000,0.333333,27.562775,53.256042,0.612342,C,50,20,27.610637,52.758338,27.946530,52.793453,0.337817,0.013644
49.000000,5.100000,5.050000,27.173054,53.698631,20.463072,0.379394,29.749944,33.865335,1.700000,10.000000,0.333333,26.737158,54.108961,0.598645,C,50,20,26.801581,53.613128,27.135242,53.660014,0.381187,0.054047
50.000000,5.200000,5.150000,26.368152,54.591067,20.499916,0.306389,29.604597,34.854669,1.733333,10.000000,0.333333,25.984903,55.034814,0.586337,C,50,20,26.065814,54.541404,26.398521,54.598275,0.306389,0.031214
51.000000,5.300000,5.250000,25.533954,55.456182,20.496034,0.331372,29.426360,35.838609,1.766667,10.000000,0.333333,25.112379,55.878240,0.596538,C,50,20,25.209689,55.387801,25.540176,55.456126,0.331396,0.006222
52.000000,5.400000,5.350000,24.671387,56.293015,20.517615,0.305512,29.215429,36.816063,1.800000,10.000000,0.333333,24.256262,56.727681,0.601052,C,50,20,24.369863,56.240757,24.698334,56.319717,0.306019,0.037935
53.000000,5.500000,5.450000,23.781410,57.100637,20.482322,0.369795,28.972040,37.785944,1.833333,10.000000,0.333333,23.299109,57.470459,0.607769,C,50,20,23.428874,56.987591,23.753692,57.078343,0.370218,0.035571
54.000000,5.600000,5.550000,22.865012,57.878149,20.467822,0.330323,28.696462,38.747174,1.866667,10.000000,0.333333,22.412639,58.229331,0.572687,C,50,20,22.558425,57.751056,22.879993,57.851883,0.331886,0.030238
55.000000,5.700000,5.650000,21.923211,58.624689,20.502244,0.358091,28.389003,39.698687,1.900000,10.000000,0.333333,21.421980,58.984195,0.616829,C,50,20,21.583624,58.511045,21.902052,58.623153,0.358098,0.021215
56.000000,5.800000,5.750000,20.957053,59.339426,20.506340,0.333899,28.050003,40.639424,1.933333,10.000000,0.333333,20.465285,59.694437,0.606522,C,50,20,20.642609,59.226937,20.957328,59.349241,0.333959,0.009819
57.000000,5.900000,5.850000,19.967612,60.021567,20.488306,0.341523,27.679839,41.568341,1.966667,10.000000,0.333333,19.464206,60.340413,0.595886,C,50,20,19.657011,59.879082,19.967152,60.011811,0.341723,0.009767
58.000000,6.000000,5.950000,18.955986,60.670354,20.493965,0.362463,27.278923,42.484405,2.000000,10.000000,0.333333,18.420837,60.968677,0.612684,C,50,20,18.628910,60.514028,18.934399,60.657376,0.362514,0.025187
59.000000,6.100000,6.050000,17.923300,61.285065,20.519753,0.316068,26.847699,43.386599,2.033333,10.000000,0.333333,17.408519,61.609169,0.608311,C,50,20,17.631629,61.161707,17.932897,61.314650,0.316684,0.031103
60.000000,6.200000,6.150000,16.870701,61.865019,20.504893,0.324501,26.386648,44.273920,2.066667,10.000000,0.333333,16.345058,62.154704,0.600182,C,50,20,16.582957,61.714926,16.878675,61.877833,0.324538,0.015092
61.000000,6.300000,6.250000,15.799359,62.409570,20.472870,0.337022,25.896281,45.145383,2.100000,10.000000,0.333333,15.269712,62.647612,0.580680,C,50,20,15.522135,62.216007,15.811693,62.388594,0.338112,0.024334
62.000000,6.400000,6.350000,14.710463,62.918115,20.478715,0.336934,25.377143,46.000019,2.133333,10.000000,0.333333,14.170135,63.143363,0.585399,C,50,20,14.436802,62.720411,14.720531,62.902602,0.337605,0.018493
63.000000,6.500000,6.450000,13.605224,63.390086,20.483049,0.395334,24.829811,46.836879,2.166667,10.000000,0.333333,13.006921,63.568014,0.624200,C,50,20,13.287535,63.154183,13.564555,63.346580,0.395697,0.059555
64.000000,6.600000,6.550000,12.484870,63.824962,20.473193,0.325940,24.254892,47.655034,2.200000,10.000000,0.333333,11.942874,64.015720,0.574585,C,50,20,12.237125,63.611472,12.508118,63.811957,0.327040,0.026638
65.000000,6.700000,6.650000,11.350644,64.222257,20.506502,0.349020,23.653026,48.453573,2.233333,10.000000,0.333333,10.763906,64.406912,0.615109,C,50,20,11.071465,64.012695,11.335833,64.222743,0.349081,0.014820
66.000000,6.800000,6.750000,10.203808,64.581531,20.472012,0.329348,23.024882,49.231610,2.266667,10.000000,0.333333,9.648450,64.732669,0.575557,C,50,20,9.968977,64.348921,10.225961,64.567045,0.330535,0.026468
67.000000,6.900000,6.850000,9.045636,64.902385,20.527041,0.377806,22.371156,49.988281,2.300000,10.000000,0.333333,8.412749,65.043679,0.648467,C,50,20,8.745887,64.670827,8.995615,64.898606,0.378772,0.050164
68.000000,7.000000,6.950000,7.877414,65.184462,20.502426,0.337699,21.692576,50.722744,2.333333,10.000000,0.333333,7.286174,65.314491,0.605370,C,50,20,7.631553,64.952948,7.873709,65.188156,0.337707,0.005232
69.000000,7.100000,7.050000,6.700440,65.427449,20.514529,0.337784,20.989896,51.434185,2.366667,10.000000,0.333333,6.096487,65.546108,0.615498,C,50,20,6.453724,65.196277,6.688048,65.439568,0.338096,0.017333
70.000000,7.200000,7.150000,5.516021,65.631075,20.489644,0.337562,20.263895,52.121811,2.400000,10.000000,0.333333,4.926950,65.712895,0.594726,C,50,20,5.295647,65.375164,5.521453,65.625823,0.337721,0.007556
71.000000,7.300000,7.250000,4.325474,65.795115,20.479133,0.353472,19.515382,52.784861,2.433333,10.000000,0.333333,3.731637,65.838337,0.595408,C,50,20,4.111385,65.513081,4.328397,65.771169,0.354087,0.024124
72.000000,7.400000,7.350000,3.130122,65.919387,20.467065,0.372712,18.745186,53.422596,2.466667,10.000000,0.333333,2.532574,65.920231,0.597548,C,50,20,2.922951,65.607812,3.130865,65.873035,0.374164,0.046358
73.000000,7.500000,7.450000,1.931292,66.003751,20.501047,0.327372,17.954164,54.034308,2.500000,10.000000,0.333333,1.333958,66.041342,0.598516,C,50,20,1.734530,65.742106,1.934434,66.014105,0.327374,0.010820
74.000000,7.600000,7.550000,0.730316,66.048116,20.529868,0.352003,17.143195,54.619319,2.533333,10.000000,0.333333,0.094335,66.062034,0.636133,C,50,20,0.504657,65.776314,0.695328,66.055454,0.353267,0.035749
75.000000,7.700000,7.650000,-0.471471,66.052430,20.542475,0.343824,16.313180,55.176977,2.566667,10.000000,0.333333,-1.113696,66.058865,0.642257,C,50,20,-0.694079,65.786978,-0.512588,66.072417,0.346438,0.045718
76.000000,7.800000,7.750000,-1.672734,66.016690,20.495576,0.308360,15.465041,55.706663,2.600000,10.000000,0.333333,-2.256348,66.007930,0.583680,C,50,20,-1.827903,65.750179,-1.655930,66.040533,0.308392,0.029169
77.000000,7.900000,7.850000,-2.872139,65.940935,20.517123,0.346443,14.599720,56.207788,2.633333,10.000000,0.333333,-3.492493,65.889947,0.622446,C,50,20,-3.055696,65.646618,-2.893870,65.943168,0.346866,0.021845
78.000000,8.000000,7.950000,-4.068353,65.825250,20.501604,0.367821,13.718179,56.679797,2.666667,10.000000,0.333333,-4.682637,65.727507,0.622012,C,50,20,-4.237973,65.498870,-4.086556,65.800585,0.367824,0.030654
79.000000,8.100000,8.050000,-5.260046,65.669762,20.489699,0.336804,12.821396,57.122164,2.700000,10.000000,0.333333,-5.846713,65.574555,0.594342,C,50,20,-5.394677,65.360865,-5.253019,65.667055,0.336961,0.007531
80.000000,8.200000,8.150000,-6.445896,65.474645,20.506015,0.315603,11.910369,57.534399,2.733333,10.000000,0.333333,-7.035622,65.385874,0.596370,C,50,20,-6.576716,65.187368,-6.444908,65.498215,0.315660,0.023591
81.000000,8.300000,8.250000,-7.624585,65.240115,20.498389,0.361250,10.986110,57.916042,2.766667,10.000000,0.333333,-8.220644,65.086472,0.615543,C,50,20,-7.755377,64.903370,-7.634755,65.218603,0.361253,0.023795
82.000000,8.400000,8.350000,-8.794802,64.966433,20.506819,0.321240,10.049645,58.266670,2.800000,10.000000,0.333333,-9.379950,64.833532,0.600050,C,50,20,-8.908839,64.666038,-8.798115,64.985020,0.321312,0.018879
83.000000,8.500000,8.450000,-9.955249,64.653903,20.521144,0.316657,9.102014,58.585894,2.833333,10.000000,0.333333,-10.547902,64.510288,0.609806,C,50,20,-10.071470,64.358587,-9.971292,64.681285,0.317363,0.031735
84.000000,8.600000,8.550000,-11.104635,64.302873,20.469778,0.364242,8.144271,58.873359,2.866667,10.000000,0.333333,-11.655653,64.079844,0.594444,C,50,20,-11.174431,63.944106,-11.086063,64.269362,0.365493,0.038313
85.000000,8.700000,8.650000,-12.241683,63.913732,20.508126,0.366826,7.177480,59.128745,2.900000,10.000000,0.333333,-12.822816,63.679128,0.626700,C,50,20,-12.337337,63.559503,-12.259742,63.888154,0.366916,0.031310
86.000000,8.800000,8.750000,-13.365132,63.486912,20.467399,0.320224,6.202714,59.351769,2.933333,10.000000,0.333333,-13.888640,63.270245,0.566574,C,50,20,-13.399444,63.166866,-13.332233,63.497091,0.321880,0.034438
87.000000,8.900000,8.850000,-14.473731,63.022888,20.501628,0.340899,5.221058,59.542183,2.966667,10.000000,0.333333,-15.027032,62.774492,0.606500,C,50,20,-14.534662,62.687474,-14.478729,63.020379,0.340903,0.005592
88.000000,9.000000,8.950000,-15.566250,62.522175,20.532322,0.322329,4.233600,59.699775,3.000000,10.000000,0.333333,-16.138732,62.278193,0.622305,C,50,20,-15.643736,62.207633,-15.598546,62.542676,0.323946,0.038253
89.000000,9.100000,9.050000,-16.641474,61.985330,20.469798,0.322978,3.241439,59.824370,3.033333,10.000000,0.333333,-17.143419,61.715004,0.570110,C,50,20,-16.646346,61.660980,-16.612479,61.996310,0.324387,0.031004
90.000000,9.200000,9.150000,-17.698210,61.412949,20.475243,0.352212,2.245677,59.915831,3.066667,10.000000,0.333333,-18.198485,61.097300,0.591531,C,50,20,-17.699887,61.059872,-17.677693,61.396275,0.353081,0.026438
91.000000,9.300000,9.250000,-18.735283,60.805668,20.520489,0.307836,1.247420,59.974055,3.100000,10.000000,0.333333,-19.268122,60.519741,0.604708,C,50,20,-18.768555,60.498950,-18.756807,60.836622,0.308517,0.037703
92.000000,9.400000,9.350000,-19.751541,60.164161,20.500687,0.343291,0.247777,59.998977,3.133333,10.000000,0.333333,-20.255046,59.825017,0.607072,C,50,20,-19.755063,59.820888,-19.755172,60.158443,0.343292,0.006773
93.000000,9.500000,9.450000,-20.745855,59.489142,20.519954,0.326540,-0.752142,59.990570,3.166667,10.000000,0.333333,-21.257459,59.149669,0.613988,C,50,20,-20.757616,59.162205,-20.768701,59.499895,0.327149,0.025251
94.000000,9.600000,9.550000,-21.717120,58.781360,20.527479,0.340490,-1.751224,59.948843,3.200000,10.000000,0.333333,-22.223823,58.410660,0.627827,C,50,20,-21.724676,58.439847,-21.747247,58.777094,0.341597,0.030428
95.000000,9.700000,9.650000,-22.664257,58.041602,20.483502,0.311821,-2.748361,59.873843,3.233333,10.000000,0.333333,-23.117159,57.686798,0.575331,C,50,20,-22.619262,57.732604,-22.652523,58.068221,0.312257,0.029090
96.000000,9.800000,9.750000,-23.586214,57.270690,20.505036,0.340520,-3.742445,59.765653,3.266667,10.000000,0.333333,-24.044826,56.869828,0.609110,C,50,20,-23.548731,56.932202,-23.593676,57.266824,0.340557,0.008404
97.000000,9.900000,9.850000,-24.481966,56.469479,20.479465,0.321337,-4.732371,59.624393,3.300000,10.000000,0.333333,-24.904739,56.076532,0.577186,C,50,20,-24.410999,56.155405,-24.466691,56.487970,0.321992,0.023984
98.000000,10.000000,9.950000,-25.350519,55.638861,20.494060,0.330534,-5.717039,59.450220,3.333333,10.000000,0.333333,-25.772536,55.220232,0.594431,C,50,20,-25.281699,55.315516,-25.348638,55.646252,0.330588,0.007626
99.000000,10.100000,10.050000,-26.190907,54.779758,20.501741,0.341274,-6.695355,59.243328,3.366667,10.000000,0.333333,-26.603828,54.335113,0.606805,C,50,20,-26.116439,54.446702,-26.194566,54.775110,0.341279,0.005915
0.000000,0.200000,0.150000,41.909663,2.731334,40.493867,0.642516,1.998519,0.066642,0.066667,10.000000,0.333333,42.359631,3.405322,0.810390,C,50,40,41.860741,3.372014,41.910523,2.703055,0.642545,0.028292
1.000000,0.300000,0.250000,42.795169,4.143212,40.518948,0.670894,2.995002,0.149875,0.100000,10.000000,0.333333,43.244547,4.862562,0.848177,C,50,40,42.747045,4.812645,42.819603,4.145344,0.671161,0.024526
2.000000,0.400000,0.350000,43.633130,5.583817,40.460687,0.673432,3.988159,0.266272,0.133333,10.000000,0.333333,44.000202,6.312515,0.815931,C,50,40,43.504640,6.246045,43.599318,5.582502,0.674579,0.033837
3.000000,0.500000,0.450000,44.422613,7.051548,40.473944,0.712415,4.976884,0.415703,0.166667,10.000000,0.333333,44.771803,7.832717,0.855662,C,50,40,44.278731,7.749769,44.396147,7.089633,0.712891,0.046378
4.000000,0.600000,0.550000,45.162743,8.544776,40.477499,0.666977,5.960080,0.598003,0.200000,10.000000,0.333333,45.498216,9.293322,0.820283,C,50,40,45.008183,9.193987,45.146802,8.537929,0.667356,0.017349
5.000000,0.700000,0.650000,45.852697,10.061840,40.494156,0.669417,6.936654,0.812968,0.233333,10.000000,0.333333,46.178678,10.827376,0.832051,C,50,40,45.692228,10.711766,45.852736,10.060430,0.669442,0.001411
6.000000,0.800000,0.750000,46.491708,11.601056,40.481372,0.668737,7.905522,1.060361,0.266667,10.000000,0.333333,46.779842,12.373006,0.823971,C,50,40,46.297514,12.241248,46.479575,11.595827,0.668996,0.013212
7.000000,0.900000,0.850000,47.079066,13.160714,40.470861,0.678810,8.865606,1.339905,0.300000,10.000000,0.333333,47.328295,13.948355,0.826132,C,50,40,46.850627,13.800595,47.054206,13.161816,0.679435,0.024884
8.000000,1.000000,0.950000,47.614119,14.739079,40.505681,0.667127,9.815841,1.651292,0.333333,10.000000,0.333333,47.873685,15.534942,0.837121,C,50,40,47.401207,15.371344,47.625963,14.739093,0.667151,0.011845
9.000000,1.100000,1.050000,48.096272,16.334400,40.504923,0.686606,10.755170,1.994174,0.366667,10.000000,0.333333,48.321480,17.156384,0.852276,C,50,40,47.854716,16.977131,48.100718,16.352847,0.686624,0.018975
10.000000,1.200000,1.150000,48.524990,17.944904,40.483528,0.664292,11.682550,2.368170,0.400000,10.000000,0.333333,48.711661,18.745052,0.821634,C,50,40,48.251131,18.550342,48.517322,17.934791,0.664496,0.012691
11.000000,1.300000,1.250000,48.899796,19.568801,40.496169,0.713683,12.596951,2.772866,0.433333,10.000000,0.333333,49.050430,20.424859,0.869210,C,50,40,48.596645,20.214910,48.884040,19.608720,0.713693,0.042916
12.000000,1.400000,1.350000,49.220275,21.204287,40.503049,0.684869,13.497356,3.207811,0.466667,10.000000,0.333333,49.361403,22.042252,0.849767,C,50,40,48.914866,21.817296,49.221924,21.220706,0.684876,0.016502
13.000000,1.500000,1.450000,49.486069,22.849545,40.518170,0.672364,14.382766,3.672523,0.500000,10.000000,0.333333,49.618457,23.688023,0.848866,C,50,40,49.179666,23.448310,49.506371,22.861964,0.672609,0.023800
14.000000,1.600000,1.550000,49.696883,24.502747,40.501595,0.664849,15.252197,4.166485,0.533333,10.000000,0.333333,49.790802,25.330274,0.832839,C,50,40,49.360243,25.076070,49.706061,24.501114,0.664851,0.009322
15.000000,1.700000,1.650000,49.852484,26.162057,40.507862,0.645572,16.104682,4.689148,0.566667,10.000000,0.333333,49.934408,26.979354,0.821393,C,50,40,49.512560,26.710943,49.877131,26.147572,0.645619,0.028588
16.000000,1.800000,1.750000,49.952699,27.825630,40.484367,0.663479,16.939274,5.239932,0.600000,10.000000,0.333333,49.977836,28.646718,0.821472,C,50,40,49.565168,28.364397,49.948341,27.813980,0.663663,0.012438
17.000000,1.900000,1.850000,49.997415,29.491620,40.478942,0.667284,17.755047,5.818224,0.633333,10.000000,0.333333,49.988549,30.312945,0.821373,C,50,40,49.585520,30.017028,49.986822,29.479798,0.667616,0.015874
18.000000,2.000000,1.950000,49.986585,31.158174,40.471342,0.698374,18.551094,6.423382,0.666667,10.000000,0.333333,49.925153,31.998481,0.842549,C,50,40,49.532209,31.689296,49.951525,31.166156,0.698962,0.035956
19.000000,2.100000,2.050000,49.920218,32.823442,40.483377,0.665806,19.326531,7.054734,0.700000,10.000000,0.333333,49.861001,33.644078,0.822770,C,50,40,49.478580,33.321969,49.914808,32.812594,0.666013,0.012122
20.000000,2.200000,2.150000,49.798390,34.485573,40.498666,0.697692,20.080495,7.711579,0.733333,10.000000,0.333333,49.701873,35.337703,0.857579,C,50,40,49.330399,35.003028,49.783927,34.508635,0.697693,0.027222
21.000000,2.300000,2.250000,49.621235,36.142720,40.462602,0.665463,20.812150,8.393186,0.766667,10.000000,0.333333,49.492756,36.942929,0.810457,C,50,40,49.132643,36.596059,49.601593,36.117123,0.666513,0.032265
22.000000,2.400000,2.350000,49.388951,37.793042,40.542641,0.648455,21.520683,9.098799,0.800000,10.000000,0.333333,49.301840,38.634092,0.845549,C,50,40,48.953487,38.275414,49.438888,37.811234,0.649855,0.053147
23.000000,2.500000,2.450000,49.101795,39.434707,40.494480,0.685610,22.205306,9.827633,0.833333,10.000000,0.333333,48.926817,40.261722,0.845324,C,50,40,48.590611,39.891634,49.091042,39.444888,0.685633,0.014808
24.000000,2.600000,2.550000,48.760087,41.065889,40.511590,0.665900,22.865258,10.578878,0.866667,10.000000,0.333333,48.583742,41.886895,0.839731,C,50,40,48.260057,41.505807,48.775101,41.075552,0.666001,0.017854
25.000000,2.700000,2.650000,48.364206,42.684777,40.507316,0.672077,23.499807,11.351701,0.900000,10.000000,0.333333,48.153103,43.499941,0.842055,C,50,40,47.842298,43.108278,48.371404,42.695552,0.672117,0.012957
26.000000,2.800000,2.750000,47.914592,44.289573,40.484900,0.657953,24.108248,12.145242,0.933333,10.000000,0.333333,47.674447,45.070829,0.817331,C,50,40,47.376868,44.669025,47.918995,44.274198,0.658127,0.015992
27.000000,2.900000,2.850000,47.411744,45.878492,40.478210,0.637063,24.689904,12.958620,0.966667,10.000000,0.333333,47.159088,46.633938,0.796576,C,50,40,46.875065,46.222440,47.429758,45.845679,0.637436,0.037432
28.000000,3.000000,2.950000,46.856222,47.449770,40.491926,0.660500,25.244130,13.790931,1.000000,10.000000,0.333333,46.566219,48.220581,0.823560,C,50,40,46.296068,47.799846,46.863414,47.441983,0.660549,0.010600
29.000000,3.100000,3.050000,46.248642,49.001662,40.513880,0.667048,25.770309,14.641250,1.033333,10.000000,0.333333,45.938726,49.784591,0.842037,C,50,40,45.682747,49.355086,46.262074,49.016233,0.667192,0.019818
30.000000,3.200000,3.150000,45.589679,50.532442,40.472174,0.679301,26.267857,15.508633,1.066667,10.000000,0.333333,45.222968,51.274009,0.827284,C,50,40,44.981445,50.836211,45.571237,50.517373,0.679871,0.023815
31.000000,3.300000,3.250000,44.880066,52.040411,40.502452,0.667071,26.736221,16.392116,1.100000,10.000000,0.333333,44.513477,52.790781,0.835130,C,50,40,44.286679,52.345177,44.887124,52.045759,0.667076,0.008855
32.000000,3.400000,3.350000,44.120590,53.523892,40.505234,0.669679,27.174881,17.290718,1.133333,10.000000,0.333333,43.728014,54.265253,0.838887,C,50,40,43.516193,53.812338,44.126343,53.533116,0.669699,0.010871
33.000000,3.500000,3.450000,43.312097,54.981239,40.450796,0.662178,27.583349,18.203440,1.166667,10.000000,0.333333,42.880522,55.656102,0.801059,C,50,40,42.683913,55.196379,43.302149,54.937896,0.664003,0.044470
34.000000,3.600000,3.550000,42.455483,56.410831,40.506154,0.701657,27.961173,19.129267,1.200000,10.000000,0.333333,41.984920,57.136837,0.865167,C,50,40,41.803741,56.670817,42.431348,56.433352,0.701684,0.033010
35.000000,3.700000,3.650000,41.551701,57.811080,40.503986,0.625245,28.307931,20.067173,1.233333,10.000000,0.333333,41.128588,58.493655,0.803077,C,50,40,40.963041,58.021856,41.597748,57.804253,0.625257,0.046551
36.000000,3.800000,3.750000,40.601754,59.180431,40.474525,0.655641,28.623238,21.016113,1.266667,10.000000,0.333333,40.118304,59.829519,0.809345,C,50,40,39.968573,59.352465,40.609868,59.156769,0.656136,0.025015
37.000000,3.900000,3.850000,39.606699,60.517363,40.451864,0.676890,28.906746,21.975035,1.300000,10.000000,0.333333,39.075349,61.133828,0.813856,C,50,40,38.941600,60.652048,39.588795,60.478278,0.678599,0.042990
38.000000,4.000000,3.950000,38.567640,61.820389,40.472923,0.667492,29.158137,22.942873,1.333333,10.000000,0.333333,38.030128,62.437060,0.818048,C,50,40,37.912510,61.951091,38.565439,61.798749,0.668041,0.021752
39.000000,4.100000,4.050000,37.485732,63.088062,40.478084,0.666684,29.377134,23.918551,1.366667,10.000000,0.333333,36.929805,63.691367,0.820385,C,50,40,36.828447,63.201748,37.486173,63.071220,0.667044,0.016848
40.000000,4.200000,4.150000,36.362178,64.318975,40.506889,0.687136,29.563492,24.900986,1.400000,10.000000,0.333333,35.771195,64.935279,0.853869,C,50,40,35.686211,64.442555,36.348454,64.334268,0.687170,0.020548
41.000000,4.300000,4.250000,35.198224,65.511759,40.471766,0.688230,29.717005,25.889085,1.433333,10.000000,0.333333,34.581132,66.073383,0.834400,C,50,40,34.512617,65.578099,35.177525,65.492047,0.688809,0.028583
42.000000,4.400000,4.350000,33.995165,66.665089,40.504022,0.648676,29.837502,26.881753,1.466667,10.000000,0.333333,33.402391,67.233805,0.821474,C,50,40,33.350421,66.736514,34.018287,66.671953,0.648689,0.024119
43.000000,4.500000,4.450000,32.754338,67.777683,40.510868,0.683302,29.924850,27.877884,1.500000,10.000000,0.333333,32.108884,68.335606,0.853163,C,50,40,32.073516,67.836859,32.743322,67.795159,0.683389,0.020657
44.000000,4.600000,4.550000,31.477120,68.848307,40.502800,0.693218,29.978950,28.876373,1.533333,10.000000,0.333333,30.803219,69.376718,0.856364,C,50,40,30.784492,68.877068,31.455190,68.857886,0.693224,0.023931
45.000000,4.700000,4.650000,30.164930,69.875769,40.463024,0.664023,29.999744,29.876111,1.566667,10.000000,0.333333,29.502825,70.341532,0.809517,C,50,40,29.500760,69.841536,30.171055,69.844238,0.665052,0.032121
46.000000,4.800000,4.750000,28.819227,70.858930,40.475925,0.695958,29.987208,30.875986,1.600000,10.000000,0.333333,28.109670,71.314330,0.843126,C,50,40,28.124269,70.814543,28.794306,70.840119,0.696374,0.031223
47.000000,4.900000,4.850000,27.441506,71.796696,40.510929,0.649495,29.941356,31.874888,1.633333,10.000000,0.333333,26.761349,72.266035,0.826373,C,50,40,26.792597,71.767012,27.462034,71.814163,0.649587,0.026954
48.000000,5.000000,4.950000,26.033297,72.688025,40.504941,0.666878,29.862239,32.871706,1.666667,10.000000,0.333333,25.321146,73.126812,0.836476,C,50,40,25.369008,72.629108,26.036376,72.698822,0.666897,0.011228
49.000000,5.100000,5.050000,24.596165,73.531927,40.499467,0.694436,29.749944,33.865335,1.700000,10.000000,0.333333,23.843163,73.937757,0.855400,C,50,40,23.907585,73.441924,24.572113,73.534287,0.694437,0.024167
50.000000,5.200000,5.150000,23.131706,74.327465,40.440048,0.672904,29.604597,34.854669,1.733333,10.000000,0.333333,22.396462,74.652823,0.804016,C,50,40,22.477373,74.159413,23.137530,74.273364,0.675569,0.054414
51.000000,5.300000,5.250000,21.641547,75.073755,40.496951,0.678393,29.426360,35.838609,1.766667,10.000000,0.333333,20.879410,75.429175,0.840938,C,50,40,20.976720,74.938736,21.633628,75.074892,0.678399,0.008001
52.000000,5.400000,5.350000,20.127345,75.769968,40.482362,0.723912,29.215429,36.816063,1.800000,10.000000,0.333333,19.312771,76.075241,0.869898,C,50,40,19.426372,75.588317,20.077974,75.746977,0.724127,0.054462
53.000000,5.500000,5.450000,18.590781,76.415330,40.481063,0.675628,28.972040,37.785944,1.833333,10.000000,0.333333,17.813453,76.704562,0.829394,C,50,40,17.943219,76.221695,18.589353,76.401199,0.675893,0.014203
54.000000,5.600000,5.550000,17.033563,77.009124,40.502804,0.664925,28.696462,38.747174,1.866667,10.000000,0.333333,16.250926,77.296206,0.833628,C,50,40,16.396712,76.817932,17.036903,77.018801,0.664931,0.010238
55.000000,5.700000,5.650000,15.457420,77.550691,40.471056,0.666511,28.389003,39.698687,1.900000,10.000000,0.333333,14.674413,77.780975,0.816168,C,50,40,14.836058,77.307825,15.468688,77.529776,0.667139,0.023757
56.000000,5.800000,5.750000,13.864104,78.039428,40.487976,0.670900,28.050003,40.639424,1.933333,10.000000,0.333333,13.063753,78.257752,0.829595,C,50,40,13.241076,77.790252,13.866197,78.033331,0.671008,0.006447
57.000000,5.900000,5.850000,12.255384,78.474793,40.476247,0.681751,27.679839,41.568341,1.966667,10.000000,0.333333,11.442713,78.651317,0.831622,C,50,40,11.635518,78.189986,12.251941,78.453857,0.682165,0.021217
58.000000,6.000000,5.950000,10.633049,78.856302,40.540298,0.675454,27.278923,42.484405,2.000000,10.000000,0.333333,9.794018,79.066505,0.864962,C,50,40,10.002091,78.611857,10.610395,78.896465,0.676655,0.046112
59.000000,6.100000,6.050000,8.998901,79.183532,40.510436,0.618687,26.847699,43.386599,2.033333,10.000000,0.333333,8.217457,79.364262,0.802071,C,50,40,8.440567,78.916800,9.039015,79.220455,0.618775,0.054520
60.000000,6.200000,6.150000,7.354754,79.456118,40.492855,0.678082,26.386648,44.273920,2.066667,10.000000,0.333333,6.523845,79.566981,0.838272,C,50,40,6.761744,79.127204,7.349017,79.451371,0.678119,0.007446
61.000000,6.300000,6.250000,5.702437,79.673758,40.497217,0.666141,25.896281,45.145383,2.100000,10.000000,0.333333,4.876399,79.766662,0.831246,C,50,40,5.128822,79.335057,5.705128,79.678480,0.666147,0.005435
62.000000,6.400000,6.350000,4.043784,79.836210,40.493214,0.650379,25.377143,46.000019,2.133333,10.000000,0.333333,3.230577,79.906553,0.816243,C,50,40,3.497244,79.483600,4.061866,79.845781,0.650415,0.020459
63.000000,6.500000,6.450000,2.380638,79.943293,40.521059,0.675572,24.829811,46.836879,2.166667,10.000000,0.333333,1.529060,79.995403,0.853171,C,50,40,1.809675,79.581572,2.362066,79.962976,0.675900,0.027061
64.000000,6.600000,6.550000,0.714847,79.994890,40.480695,0.666761,24.254892,47.655034,2.200000,10.000000,0.333333,-0.107116,79.991140,0.821972,C,50,40,0.187134,79.586892,0.726046,79.985982,0.667041,0.014309
65.000000,6.700000,6.650000,-0.951737,79.990941,40.489137,0.661821,23.653026,48.453573,2.233333,10.000000,0.333333,-1.774417,79.969494,0.822959,C,50,40,-1.466858,79.575277,-0.941384,79.992127,0.661910,0.010421
66.000000,6.800000,6.750000,-2.617265,79.931452,40.480391,0.650750,23.024882,49.231610,2.266667,10.000000,0.333333,-3.424669,79.882985,0.808858,C,50,40,-3.104142,79.499237,-2.592849,79.933132,0.651045,0.024474
67.000000,6.900000,6.850000,-4.279884,79.816489,40.483922,0.634388,22.371156,49.988281,2.300000,10.000000,0.333333,-5.075377,79.754675,0.797891,C,50,40,-4.742239,79.381822,-4.245466,79.832350,0.634592,0.037897
68.000000,7.000000,6.950000,-5.937749,79.646179,40.495013,0.677016,21.692576,50.722744,2.333333,10.000000,0.333333,-6.769224,79.536462,0.838683,C,50,40,-6.423845,79.174919,-5.942715,79.642398,0.677034,0.006242
69.000000,7.100000,7.050000,-7.589017,79.420712,40.500153,0.666156,20.989896,51.434185,2.366667,10.000000,0.333333,-8.412448,79.294701,0.833017,C,50,40,-8.055212,78.944869,-7.589739,79.428055,0.666156,0.007378
70.000000,7.200000,7.150000,-9.231853,79.140339,40.482018,0.677976,20.263895,52.121811,2.400000,10.000000,0.333333,-10.045238,78.965989,0.831861,C,50,40,-9.676541,78.628257,-9.227781,79.126601,0.678214,0.014329
71.000000,7.300000,7.250000,-10.864433,78.805370,40.464974,0.674008,19.515382,52.784861,2.433333,10.000000,0.333333,-11.656029,78.595936,0.818833,C,50,40,-11.276281,78.270679,-10.844515,78.783444,0.674917,0.029621
72.000000,7.400000,7.350000,-12.484942,78.416177,40.526220,0.669602,18.745186,53.422596,2.466667,10.000000,0.333333,-13.314183,78.222187,0.851630,C,50,40,-12.923807,77.909767,-12.508668,78.437382,0.670115,0.031821
73.000000,7.500000,7.450000,-14.091580,77.973194,40.462985,0.638006,17.954164,54.034308,2.500000,10.000000,0.333333,-14.844327,77.739143,0.788294,C,50,40,-14.443755,77.439907,-14.046650,77.979907,0.639079,0.045429
74.000000,7.600000,7.550000,-15.682563,77.476913,40.502028,0.681945,17.143195,54.619319,2.533333,10.000000,0.333333,-16.484240,77.204157,0.846807,C,50,40,-16.073918,76.918437,-15.695251,77.472326,0.681948,0.013492
75.000000,7.700000,7.650000,-17.256122,76.927884,40.502546,0.695228,16.313180,55.176977,2.566667,10.000000,0.333333,-18.055920,76.617697,0.857843,C,50,40,-17.636304,76.345810,-17.276487,76.912140,0.695232,0.025741
76.000000,7.800000,7.750000,-18.810509,76.326717,40.458758,0.672130,15.465041,55.706663,2.600000,10.000000,0.333333,-19.550097,75.987267,0.813767,C,50,40,-19.121653,75.729516,-18.780963,76.306700,0.673394,0.035689
77.000000,7.900000,7.850000,-20.343998,75.674082,40.496420,0.680906,14.599720,56.207788,2.633333,10.000000,0.333333,-21.109034,75.320833,0.842654,C,50,40,-20.672238,75.077504,-20.350790,75.666340,0.680916,0.010300
78.000000,8.000000,7.950000,-21.854884,74.970702,40.495303,0.666342,13.718179,56.679797,2.666667,10.000000,0.333333,-22.600070,74.604595,0.830263,C,50,40,-22.155406,74.375959,-21.853555,74.975051,0.666358,0.004547
79.000000,8.100000,8.050000,-23.341489,74.217359,40.484729,0.661898,12.821396,57.122164,2.700000,10.000000,0.333333,-24.062601,73.826120,0.820409,C,50,40,-23.610565,73.612430,-23.328858,74.221058,0.662074,0.013162
80.000000,8.200000,8.150000,-24.802162,73.414891,40.534132,0.632672,11.910369,57.534399,2.733333,10.000000,0.333333,-25.543574,73.046273,0.827992,C,50,40,-25.084667,72.847767,-24.822622,73.466001,0.633592,0.055053
81.000000,8.300000,8.250000,-26.235279,72.564188,40.491025,0.677419,10.986110,57.916042,2.766667,10.000000,0.333333,-26.940268,72.113641,0.836661,C,50,40,-26.475001,71.930540,-26.234665,72.556776,0.677478,0.007437
82.000000,8.400000,8.350000,-27.639249,71.666196,40.506907,0.671703,10.049645,58.266670,2.800000,10.000000,0.333333,-28.341881,71.203110,0.841510,C,50,40,-27.870769,71.035616,-27.651258,71.669730,0.671739,0.012518
83.000000,8.500000,8.450000,-29.012511,70.721913,40.502654,0.638214,9.102014,58.585894,2.833333,10.000000,0.333333,-29.685107,70.266288,0.812390,C,50,40,-29.208675,70.114588,-29.009910,70.755424,0.638219,0.033613
84.000000,8.600000,8.550000,-30.353541,69.732387,40.479522,0.673750,8.144271,58.873359,2.866667,10.000000,0.333333,-30.997961,69.214118,0.826971,C,50,40,-30.516739,69.078380,-30.340118,69.725280,0.674061,0.015188
85.000000,8.700000,8.650000,-31.660847,68.698718,40.472810,0.670371,7.177480,59.128745,2.900000,10.000000,0.333333,-32.280311,68.160935,0.820333,C,50,40,-31.794832,68.041311,-31.639842,68.693616,0.670922,0.021616
86.000000,8.800000,8.750000,-32.932977,67.622055,40.529123,0.673323,6.202714,59.351769,2.933333,10.000000,0.333333,-33.589882,67.072680,0.856350,C,50,40,-33.100685,66.969302,-32.967367,67.627337,0.673953,0.034793
87.000000,8.900000,8.850000,-34.168519,66.503593,40.488516,0.676045,5.221058,59.542183,2.966667,10.000000,0.333333,-34.767236,65.922884,0.834077,C,50,40,-34.274866,65.835866,-34.163720,66.497322,0.676142,0.007897
88.000000,9.000000,8.950000,-35.366100,65.344575,40.535112,0.699268,4.233600,59.699775,3.000000,10.000000,0.333333,-35.994537,64.727821,0.880522,C,50,40,-35.499541,64.657261,-35.410768,65.322879,0.700148,0.049659
89.000000,9.100000,9.050000,-36.524388,64.146289,40.521721,0.658913,3.241439,59.824370,3.033333,10.000000,0.333333,-37.114249,63.547605,0.840452,C,50,40,-36.617176,63.493581,-36.549994,64.161488,0.659271,0.029776
90.000000,9.200000,9.150000,-37.642097,62.910067,40.530182,0.682127,2.245677,59.915831,3.066667,10.000000,0.333333,-38.221854,62.269541,0.863939,C,50,40,-37.723256,62.232114,-37.678744,62.902061,0.682794,0.037511
91.000000,9.300000,9.250000,-38.717986,61.637281,40.501077,0.635391,1.247420,59.974055,3.100000,10.000000,0.333333,-39.245049,61.023275,0.809197,C,50,40,-38.745482,61.002484,-38.722568,61.673020,0.635392,0.036031
92.000000,9.400000,9.350000,-39.750859,60.329346,40.471668,0.689233,0.247777,59.998977,3.133333,10.000000,0.333333,-40.228203,59.644032,0.835172,C,50,40,-39.728220,59.639902,-39.728572,60.310354,0.689815,0.029282
93.000000,9.500000,9.450000,-40.739568,58.987714,40.498983,0.680272,-0.752142,59.990570,3.166667,10.000000,0.333333,-41.221339,58.295147,0.843655,C,50,40,-40.721497,58.307682,-40.744050,58.978207,0.680272,0.010511
94.000000,9.600000,9.550000,-41.683015,57.613878,40.496655,0.689210,-1.751224,59.948843,3.200000,10.000000,0.333333,-42.138592,56.896851,0.849516,C,50,40,-41.639444,56.926038,-41.684479,57.595393,0.689218,0.018543
95.000000,9.700000,9.650000,-42.580152,56.209361,40.482660,0.645471,-2.748361,59.873843,3.233333,10.000000,0.333333,-43.001649,55.522387,0.805973,C,50,40,-42.503752,55.568193,-42.570324,56.235503,0.645704,0.027929
96.000000,9.800000,9.750000,-43.429983,54.775726,40.487470,0.638559,-3.742445,59.765653,3.266667,10.000000,0.333333,-43.833985,54.081345,0.803358,C,50,40,-43.337891,54.143719,-43.426560,54.808533,0.638682,0.032985
97.000000,9.900000,9.850000,-44.231562,53.314565,40.507418,0.650365,-4.732371,59.624393,3.300000,10.000000,0.333333,-44.630035,52.592300,0.824893,C,50,40,-44.136295,52.671172,-44.247315,53.332961,0.650408,0.024220
98.000000,10.000000,9.950000,-44.983999,51.827502,40.481963,0.676827,-5.717039,59.450220,3.333333,10.000000,0.333333,-45.328148,51.071231,0.830893,C,50,40,-44.837311,51.166515,-44.970682,51.823739,0.677068,0.013839
99.000000,10.100000,10.050000,-45.686459,50.316187,40.485029,0.669882,-6.695355,59.243328,3.366667,10.000000,0.333333,-46.009751,49.554954,0.827040,C,50,40,-45.522362,49.666543,-45.677460,50.319032,0.670049,0.009437
0.000000,0.200000,0.100000,11.976305,0.732815,10.987282,0.362440,1.998519,0.066642,0.066667,10.000000,0.333333,12.937249,1.160220,1.051707,C,100,10,11.939470,1.093602,11.968914,0.745079,0.362663,0.014319
1.000000,0.300000,0.200000,12.945044,1.148209,11.022141,0.379860,2.995002,0.149875,0.100000,10.000000,0.333333,13.924155,1.628216,1.090443,C,100,10,12.929151,1.528382,12.970870,1.179924,0.380505,0.040899
2.000000,0.400000,0.300000,13.899401,1.595658,10.964183,0.336819,3.988159,0.266272,0.133333,10.000000,0.333333,14.810250,2.057665,1.021321,C,100,10,13.819126,1.924726,13.870784,1.579603,0.338718,0.032813
3.000000,0.500000,0.400000,14.838316,2.074664,11.014058,0.383052,4.976884,0.415703,0.166667,10.000000,0.333333,15.774776,2.620636,1.083994,C,100,10,14.788633,2.454740,14.853537,2.110117,0.383309,0.038582
4.000000,0.600000,0.500000,15.760746,2.584696,11.021715,0.355542,5.960080,0.598003,0.200000,10.000000,0.333333,16.691460,3.136134,1.081810,C,100,10,15.711393,2.937465,15.786891,2.594778,0.356204,0.028022
5.000000,0.700000,0.600000,16.665665,3.125186,10.999021,0.341487,6.936654,0.812968,0.233333,10.000000,0.333333,17.558654,3.688415,1.055773,C,100,10,16.585753,3.457193,16.672010,3.117851,0.341488,0.009699
6.000000,0.800000,0.700000,17.552068,3.695535,10.989168,0.350447,7.905522,1.060361,0.266667,10.000000,0.333333,18.413925,4.294258,1.049412,C,100,10,17.449270,4.030740,17.546996,3.694853,0.350614,0.005118
7.000000,0.900000,0.800000,18.418971,4.295107,10.998746,0.343283,8.865606,1.339905,0.300000,10.000000,0.333333,19.271662,4.918208,1.056095,C,100,10,18.316326,4.622688,18.425052,4.289871,0.343286,0.008024
8.000000,1.000000,0.900000,19.265410,4.923239,10.973607,0.330550,9.815841,1.651292,0.333333,10.000000,0.333333,20.077273,5.554153,1.028190,C,100,10,19.132316,5.226959,19.251409,4.898615,0.331602,0.028326
9.000000,1.100000,1.000000,20.090446,5.579230,11.004102,0.339658,10.755170,1.994174,0.366667,10.000000,0.333333,20.906033,6.256286,1.059994,C,100,10,19.972505,5.897780,20.103109,5.572737,0.339682,0.014231
10.000000,1.200000,1.100000,20.893160,6.262354,11.003296,0.353586,11.682550,2.368170,0.400000,10.000000,0.333333,21.679565,6.978730,1.063779,C,100,10,20.758504,6.589311,20.900288,6.269000,0.353601,0.009746
11.000000,1.300000,1.200000,21.672662,6.971850,10.979775,0.348829,12.596951,2.772866,0.433333,10.000000,0.333333,22.415405,7.699843,1.040020,C,100,10,21.507834,7.279945,21.659752,6.965189,0.349415,0.014527
12.000000,1.400000,1.300000,22.428086,7.706930,10.982055,0.377202,13.497356,3.207811,0.466667,10.000000,0.333333,23.135425,8.485638,1.052005,C,100,10,22.242352,8.035726,22.405561,7.726551,0.377629,0.029872
13.000000,1.500000,1.400000,23.158592,8.466779,10.986817,0.342187,14.382766,3.672523,0.500000,10.000000,0.333333,23.860552,9.240182,1.044462,C,100,10,22.982969,8.760756,23.155431,8.456509,0.342441,0.010745
14.000000,1.600000,1.500000,23.863368,9.250550,10.998832,0.394317,15.252197,4.166485,0.533333,10.000000,0.333333,24.523006,10.097916,1.073849,C,100,10,23.661889,9.589510,23.846103,9.291690,0.394319,0.044616
15.000000,1.700000,1.600000,24.541632,10.057375,10.994581,0.365843,16.104682,4.689148,0.566667,10.000000,0.333333,25.184362,10.899948,1.059732,C,100,10,24.340667,10.363126,24.533822,10.071235,0.365883,0.015909
16.000000,1.800000,1.700000,25.192630,10.886356,11.034770,0.322853,16.939274,5.239932,0.600000,10.000000,0.333333,25.864366,11.737094,1.083967,C,100,10,25.039031,11.172451,25.241348,10.885253,0.324720,0.048730
17.000000,1.900000,1.800000,25.815639,11.736573,10.997495,0.326417,17.755047,5.818224,0.633333,10.000000,0.333333,26.426494,12.590037,1.049545,C,100,10,25.620435,11.998202,25.831590,11.718988,0.326427,0.023741
18.000000,2.000000,1.900000,26.409967,12.607080,11.006421,0.379992,18.551094,6.423382,0.666667,10.000000,0.333333,26.965925,13.528052,1.075768,C,100,10,26.180038,12.909682,26.401982,12.638504,0.380046,0.032422
19.000000,2.100000,2.000000,26.974952,13.496911,10.969824,0.327741,19.326531,7.054734,0.700000,10.000000,0.333333,27.505578,14.372359,1.023705,C,100,10,26.740736,13.728141,26.969473,13.464357,0.329127,0.033012
20.000000,2.200000,2.100000,27.509969,14.405077,11.009444,0.325460,20.080495,7.711579,0.733333,10.000000,0.333333,28.042086,15.322548,1.060614,C,100,10,27.299139,14.653199,27.537351,14.396139,0.325597,0.028804
21.000000,2.300000,2.200000,28.014421,15.330570,10.978760,0.339836,20.812150,8.393186,0.766667,10.000000,0.333333,28.483594,16.254332,1.036079,C,100,10,27.763367,15.560594,28.009667,15.312690,0.340499,0.018501
22.000000,2.400000,2.300000,28.487750,16.272360,10.968512,0.353714,21.520683,9.098799,0.800000,10.000000,0.333333,28.908780,17.213563,1.031082,C,100,10,28.212073,16.496207,28.466585,16.257218,0.355113,0.026023
23.000000,2.500000,2.400000,28.929428,17.229401,10.981697,0.346513,22.205306,9.827633,0.833333,10.000000,0.333333,29.333053,18.189030,1.041057,C,100,10,28.660640,17.448853,28.923132,17.218004,0.346996,0.013021
24.000000,2.600000,2.500000,29.338965,18.200631,11.004572,0.376631,22.865258,10.578878,0.866667,10.000000,0.333333,29.702237,19.210111,1.072854,C,100,10,29.054867,18.447935,29.326141,18.226213,0.376658,0.028616
25.000000,2.700000,2.600000,29.715907,19.184970,10.983909,0.340609,23.499807,11.351701,0.900000,10.000000,0.333333,30.060706,20.167419,1.041197,C,100,10,29.439096,19.384092,29.716315,19.171043,0.340989,0.013933
26.000000,2.800000,2.700000,30.059834,20.181325,11.029872,0.338380,24.108248,12.145242,0.933333,10.000000,0.333333,30.400846,21.210327,1.084037,C,100,10,29.805688,20.406719,30.091024,20.202036,0.339695,0.037440
27.000000,2.900000,2.800000,30.370364,21.188588,10.989379,0.328592,24.689904,12.958620,0.966667,10.000000,0.333333,30.661947,22.189499,1.042518,C,100,10,30.093901,21.366502,30.384612,21.171962,0.328763,0.021896
28.000000,3.000000,2.900000,30.647153,22.205641,10.978898,0.313166,25.244130,13.790931,1.000000,10.000000,0.333333,30.912533,23.198560,1.027772,C,100,10,30.372231,22.357089,30.668688,22.172111,0.313877,0.039850
29.000000,3.100000,3.000000,30.889892,23.231353,10.978678,0.382904,25.770309,14.641250,1.033333,10.000000,0.333333,31.062016,24.268079,1.050917,C,100,10,30.550058,23.409068,30.853732,23.236054,0.383497,0.036464
30.000000,3.200000,3.100000,31.098312,24.264585,10.954494,0.360821,26.267857,15.508633,1.066667,10.000000,0.333333,31.243443,25.274629,1.020417,C,100,10,30.760397,24.399034,31.068604,24.235999,0.363680,0.041228
31.000000,3.300000,3.200000,31.272182,25.304190,11.001320,0.352501,26.736221,16.392116,1.100000,10.000000,0.333333,31.412225,26.356467,1.061555,C,100,10,30.958629,25.465259,31.273347,25.311610,0.352504,0.007511
32.000000,3.400000,3.300000,31.411308,26.349012,10.974016,0.358512,27.174881,17.290718,1.133333,10.000000,0.333333,31.499193,27.383185,1.037901,C,100,10,31.075550,26.477356,31.394484,26.334860,0.359452,0.021985
33.000000,3.500000,3.400000,31.515536,27.397889,10.996033,0.370530,27.583349,18.203440,1.166667,10.000000,0.333333,31.566513,28.459386,1.062720,C,100,10,31.173294,27.539941,31.497633,27.408220,0.370551,0.020669
34.000000,3.600000,3.500000,31.584750,28.449658,10.999125,0.375676,27.961173,19.129267,1.200000,10.000000,0.333333,31.596646,29.517010,1.067418,C,100,10,31.234288,28.584971,31.562998,28.464252,0.375677,0.026195
35.000000,3.700000,3.600000,31.618873,29.503149,11.017744,0.347036,28.307931,20.067173,1.233333,10.000000,0.333333,31.628380,30.578392,1.075285,C,100,10,31.297286,29.634795,31.630086,29.523987,0.347490,0.023663
36.000000,3.800000,3.700000,31.617867,30.557193,10.997714,0.347326,28.623238,21.016113,1.266667,10.000000,0.333333,31.585259,31.613131,1.056442,C,100,10,31.285796,30.659023,31.621474,30.559588,0.347334,0.004330
37.000000,3.900000,3.800000,31.581734,31.610617,11.029212,0.347497,28.906746,21.975035,1.300000,10.000000,0.333333,31.522213,32.695278,1.086292,C,100,10,31.254714,31.731719,31.594528,31.643234,0.348723,0.035037
38.000000,4.000000,3.900000,31.510513,32.662252,10.975621,0.361406,29.158137,22.942873,1.333333,10.000000,0.333333,31.388751,33.695511,1.040409,C,100,10,31.153514,32.723573,31.494476,32.647361,0.362227,0.021885
39.000000,4.100000,4.000000,31.404283,33.710929,11.021614,0.331215,29.377134,23.918551,1.366667,10.000000,0.333333,31.287041,34.778474,1.073964,C,100,10,31.084326,33.799237,31.428914,33.733112,0.331920,0.033147
40.000000,4.200000,4.100000,31.263163,34.755483,11.018399,0.334885,29.563492,24.900986,1.400000,10.000000,0.333333,31.106246,35.815984,1.072047,C,100,10,30.936278,34.830534,31.282796,34.776070,0.335390,0.028448
41.000000,4.300000,4.200000,31.087310,35.794754,11.016855,0.391859,29.717005,25.889085,1.433333,10.000000,0.333333,30.838488,36.855713,1.089746,C,100,10,30.701457,35.865146,31.049838,35.824146,0.392221,0.047624
42.000000,4.400000,4.300000,30.876918,36.827587,10.974001,0.327902,29.837502,26.881753,1.466667,10.000000,0.333333,30.652031,37.830395,1.027715,C,100,10,30.548089,36.835812,30.895969,36.804500,0.328931,0.029932
43.000000,4.500000,4.400000,30.632222,37.852834,10.993151,0.324714,29.924850,27.877884,1.500000,10.000000,0.333333,30.378574,38.866466,1.044886,C,100,10,30.307837,37.868971,30.657193,37.849109,0.324786,0.025247
44.000000,4.600000,4.500000,30.353493,38.869357,11.028179,0.368810,29.978950,28.876373,1.533333,10.000000,0.333333,30.023451,39.910628,1.092325,C,100,10,29.985997,38.911330,30.337066,38.904526,0.369885,0.038817
45.000000,4.700000,4.600000,30.041041,39.876025,10.947973,0.301682,29.999744,29.876111,1.566667,10.000000,0.333333,29.743276,40.825236,0.994819,C,100,10,29.739146,39.825244,30.087528,39.827963,0.306136,0.066865
46.000000,4.800000,4.700000,29.695213,40.871722,10.982902,0.350685,29.987208,30.875986,1.600000,10.000000,0.333333,29.315977,41.843965,1.043589,C,100,10,29.345177,40.844392,29.694418,40.860368,0.351101,0.011382
47.000000,4.900000,4.800000,29.316393,41.855340,10.996139,0.321186,29.941356,31.874888,1.633333,10.000000,0.333333,28.933580,42.829458,1.046639,C,100,10,28.996077,41.831413,29.345077,41.858057,0.321209,0.028812
48.000000,5.000000,4.900000,28.905003,42.825786,11.049656,0.344294,29.862239,32.871706,1.666667,10.000000,0.333333,28.461814,43.837665,1.104679,C,100,10,28.557537,42.842257,28.907173,42.881427,0.347856,0.055683
49.000000,5.100000,5.000000,28.461499,43.781983,11.020145,0.361006,29.749944,33.865335,1.700000,10.000000,0.333333,27.972063,44.747111,1.082137,C,100,10,28.100907,43.755446,28.448004,43.806690,0.361567,0.028152
50.000000,5.200000,5.100000,27.986375,44.722868,11.013411,0.361797,29.604597,34.854669,1.733333,10.000000,0.333333,27.465353,45.664375,1.076057,C,100,10,27.627175,44.677555,27.972145,44.740331,0.362046,0.022526
51.000000,5.300000,5.200000,27.480157,45.647396,11.010240,0.321758,29.426360,35.838609,1.766667,10.000000,0.333333,26.967938,46.575698,1.060242,C,100,10,27.162558,45.594819,27.505378,45.667725,0.321921,0.032394
52.000000,5.400000,5.300000,26.943408,46.554539,10.987730,0.345677,29.215429,36.816063,1.800000,10.000000,0.333333,26.382357,47.437900,1.046472,C,100,10,26.609559,46.464052,26.948857,46.548964,0.345894,0.007796
53.000000,5.500000,5.400000,26.376725,47.443290,10.989791,0.351956,28.972040,37.785944,1.833333,10.000000,0.333333,25.779947,48.307823,1.050505,C,100,10,26.039478,47.342088,26.375774,47.438480,0.352104,0.004903
54.000000,5.600000,5.500000,25.780737,48.312662,11.013939,0.342858,28.696462,38.747174,1.866667,10.000000,0.333333,25.157140,49.182576,1.070338,C,100,10,25.448713,48.226027,25.782466,48.333504,0.343141,0.020914
55.000000,5.700000,5.600000,25.156107,49.161688,10.994778,0.392145,28.389003,39.698687,1.900000,10.000000,0.333333,24.463418,49.976270,1.069281,C,100,10,24.786708,49.029970,25.115581,49.149877,0.392180,0.042212
56.000000,5.800000,5.700000,24.503528,49.989425,10.959946,0.358131,28.050003,40.639424,1.933333,10.000000,0.333333,23.828233,50.759964,1.024575,C,100,10,24.182880,49.824964,24.506867,49.954305,0.360364,0.035279
57.000000,5.900000,5.800000,23.823725,50.794954,11.013176,0.348827,27.679839,41.568341,1.966667,10.000000,0.333333,23.111184,51.595260,1.071543,C,100,10,23.496796,50.672599,23.818055,50.813034,0.349076,0.018948
58.000000,6.000000,5.900000,23.117454,51.577379,11.012293,0.341941,27.278923,42.484405,2.000000,10.000000,0.333333,22.385266,52.355557,1.068485,C,100,10,22.801413,51.446260,23.117878,51.597101,0.342162,0.019726
59.000000,6.100000,6.000000,22.385500,52.335832,10.991968,0.345275,26.847699,43.386599,2.033333,10.000000,0.333333,21.633869,53.069499,1.050340,C,100,10,22.080089,52.174575,22.390693,52.335688,0.345368,0.005195
60.000000,6.200000,6.100000,21.628675,53.069470,11.015361,0.312632,26.386648,44.273920,2.066667,10.000000,0.333333,20.870592,53.813787,1.062402,C,100,10,21.346389,52.934232,21.652644,53.105000,0.313009,0.042860
61.000000,6.300000,6.200000,20.847820,53.777477,10.996457,0.381666,25.896281,45.145383,2.100000,10.000000,0.333333,20.015305,54.444945,1.067050,C,100,10,20.520151,53.581735,20.818867,53.764312,0.381683,0.031806
62.000000,6.400000,6.300000,20.043803,54.459067,11.016310,0.364184,25.377143,46.000019,2.133333,10.000000,0.333333,19.193706,55.124537,1.079590,C,100,10,19.727040,54.278632,20.020373,54.470908,0.364549,0.026252
63.000000,6.500000,6.400000,19.217517,55.113483,10.962091,0.354409,24.829811,46.836879,2.166667,10.000000,0.333333,18.384234,55.710862,1.025292,C,100,10,18.945463,54.883202,19.230891,55.083886,0.356431,0.032479
64.000000,6.600000,6.500000,18.369881,55.739998,10.958374,0.354295,24.254892,47.655034,2.200000,10.000000,0.333333,17.519431,56.306336,1.021766,C,100,10,18.107932,55.497840,18.386414,55.707850,0.356732,0.036150
65.000000,6.700000,6.600000,17.501835,56.337915,11.015662,0.351183,23.653026,48.453573,2.233333,10.000000,0.333333,16.600198,56.922678,1.074662,C,100,10,17.215317,56.134244,17.488233,56.354485,0.351532,0.021439
66.000000,6.800000,6.700000,16.614345,56.906571,11.002245,0.356437,23.024882,49.231610,2.266667,10.000000,0.333333,15.698288,57.447294,1.063740,C,100,10,16.339342,56.679798,16.604308,56.908868,0.356445,0.010297
67.000000,6.900000,6.800000,15.708396,57.445333,10.975989,0.348928,22.371156,49.988281,2.300000,10.000000,0.333333,14.797921,57.940650,1.036487,C,100,10,15.464197,57.194945,15.720883,57.431957,0.349753,0.018299
68.000000,7.000000,6.900000,14.784995,57.953603,11.004381,0.361160,21.692576,50.722744,2.333333,10.000000,0.333333,13.830061,58.430382,1.067342,C,100,10,14.520819,57.707296,14.769882,57.953673,0.361187,0.015113
69.000000,7.100000,7.000000,13.845168,58.430817,10.982618,0.368395,20.989896,51.434185,2.366667,10.000000,0.333333,12.885361,58.855110,1.049406,C,100,10,13.599834,58.155447,13.839862,58.409648,0.368805,0.021823
70.000000,7.200000,7.100000,12.889958,58.876443,10.971564,0.379571,20.263895,52.121811,2.400000,10.000000,0.333333,11.917146,59.252805,1.043078,C,100,10,12.654540,58.577342,12.885439,58.839391,0.380635,0.037327
71.000000,7.300000,7.200000,11.920428,59.289988,10.979331,0.332285,19.515382,52.784861,2.433333,10.000000,0.333333,10.960475,59.674686,1.034167,C,100,10,11.719970,59.024174,11.943360,59.292920,0.332927,0.023118
72.000000,7.400000,7.300000,10.937654,59.670991,10.982870,0.379373,18.745186,53.422596,2.466667,10.000000,0.333333,9.933228,59.988931,1.053545,C,100,10,10.713981,59.364092,10.927156,59.641226,0.379759,0.031562
73.000000,7.500000,7.400000,9.942728,60.019030,10.991065,0.376113,17.954164,54.034308,2.500000,10.000000,0.333333,8.923649,60.310834,1.060034,C,100,10,9.724793,59.712362,9.928866,59.996596,0.376219,0.026371
74.000000,7.600000,7.500000,8.936756,60.333717,10.969644,0.338849,17.143195,54.619319,2.533333,10.000000,0.333333,7.947392,60.609736,1.027146,C,100,10,8.768036,60.038296,8.963112,60.327868,0.340206,0.026998
75.000000,7.700000,7.600000,7.920855,60.614703,10.994793,0.344554,16.313180,55.176977,2.566667,10.000000,0.333333,6.898633,60.866483,1.052772,C,100,10,7.737866,60.322711,7.923493,60.619425,0.344594,0.005409
76.000000,7.800000,7.700000,6.896154,60.861676,11.043906,0.343254,15.465041,55.706663,2.600000,10.000000,0.333333,5.824694,61.105681,1.098892,C,100,10,6.681583,60.590179,6.858122,60.894281,0.346051,0.050094
77.000000,7.900000,7.800000,5.863791,61.074362,11.004702,0.405037,14.599720,56.207788,2.633333,10.000000,0.333333,4.788976,61.209470,1.083273,C,100,10,5.662569,60.722813,5.826439,61.032530,0.405064,0.056081
78.000000,8.000000,7.900000,4.824913,61.252523,10.983779,0.385956,13.718179,56.679797,2.666667,10.000000,0.333333,3.773525,61.359137,1.056779,C,100,10,4.662852,60.901865,4.816540,61.215956,0.386297,0.037513
79.000000,8.100000,8.000000,3.780675,61.395963,11.014954,0.352322,12.821396,57.122164,2.700000,10.000000,0.333333,2.712508,61.511210,1.074366,C,100,10,3.616580,61.083830,3.761180,61.403305,0.352639,0.020831
80.000000,8.200000,8.100000,2.732236,61.504522,10.974693,0.384615,11.910369,57.534399,2.733333,10.000000,0.333333,1.684953,61.538482,1.047834,C,100,10,2.602766,61.141470,2.735105,61.464808,0.385447,0.039817
81.000000,8.300000,8.200000,1.680762,61.578078,10.984440,0.338019,10.986110,57.916042,2.766667,10.000000,0.333333,0.640923,61.624046,1.040855,C,100,10,1.571458,61.257842,1.694507,61.585118,0.338377,0.015442
82.000000,8.400000,8.300000,0.627421,61.616552,11.009319,0.392427,10.049645,58.266670,2.800000,10.000000,0.333333,-0.455040,61.584908,1.082923,C,100,10,0.487183,61.249920,0.597848,61.582528,0.392537,0.045080
83.000000,8.500000,8.400000,-0.426617,61.619899,10.992030,0.340326,9.102014,58.585894,2.833333,10.000000,0.333333,-1.475142,61.596597,1.048783,C,100,10,-0.522279,61.293197,-0.421297,61.628208,0.340419,0.009866
84.000000,8.600000,8.500000,-1.480182,61.588116,10.988209,0.341642,8.144271,58.873359,2.866667,10.000000,0.333333,-2.524026,61.527579,1.045598,C,100,10,-1.561581,61.256103,-1.471899,61.594184,0.341845,0.010267
85.000000,8.700000,8.600000,-2.532102,61.521238,10.980605,0.341103,7.177480,59.128745,2.900000,10.000000,0.333333,-3.565837,61.424651,1.038238,C,100,10,-2.594879,61.185401,-2.516562,61.526033,0.341654,0.016263
86.000000,8.800000,8.700000,-3.581209,61.419340,11.001130,0.340903,6.202714,59.351769,2.933333,10.000000,0.333333,-4.631190,61.292794,1.057580,C,100,10,-3.652798,61.086037,-3.585718,61.429755,0.340905,0.011349
87.000000,8.900000,8.800000,-4.626337,61.282535,10.995874,0.353259,5.221058,59.542183,2.966667,10.000000,0.333333,-5.668492,61.107985,1.056672,C,100,10,-4.683753,60.933949,-4.628602,61.279619,0.353283,0.003693
88.000000,9.000000,8.900000,-5.666325,61.110975,11.025719,0.348581,4.233600,59.699775,3.000000,10.000000,0.333333,-6.730971,60.910632,1.083332,C,100,10,-5.740978,60.769512,-5.697068,61.117785,0.349528,0.031489
89.000000,9.100000,9.000000,-6.700018,60.904850,11.018478,0.365446,3.241439,59.824370,3.033333,10.000000,0.333333,-7.752018,60.651588,1.082057,C,100,10,-6.757873,60.543540,-6.726182,60.892914,0.365913,0.028758
90.000000,9.200000,9.100000,-7.726267,60.664390,10.976141,0.373594,2.245677,59.915831,3.066667,10.000000,0.333333,-8.727635,60.364914,1.045191,C,100,10,-7.730441,60.290058,-7.710810,60.638913,0.374355,0.029799
91.000000,9.300000,9.200000,-8.743932,60.389861,10.990572,0.364056,1.247420,59.974055,3.100000,10.000000,0.333333,-9.748785,60.067309,1.055353,C,100,10,-8.749649,60.025728,-8.741311,60.375505,0.364178,0.014593
92.000000,9.400000,9.300000,-9.751882,60.081569,11.021583,0.379356,0.247777,59.998977,3.133333,10.000000,0.333333,-10.776564,59.710663,1.089745,C,100,10,-9.776598,59.702404,-9.780405,60.053311,0.379970,0.040151
93.000000,9.500000,9.400000,-10.748998,59.739856,11.008229,0.357741,-0.752142,59.990570,3.166667,10.000000,0.333333,-11.747941,59.356949,1.069815,C,100,10,-10.748256,59.382021,-10.763031,59.732167,0.357836,0.016002
94.000000,9.600000,9.500000,-11.734172,59.365102,11.005803,0.314018,-1.751224,59.948843,3.200000,10.000000,0.333333,-12.719929,58.992907,1.053682,C,100,10,-11.721634,59.051281,-11.746612,59.400720,0.314071,0.037728
95.000000,9.700000,9.600000,-12.706309,58.957723,10.998218,0.338982,-2.748361,59.873843,3.233333,10.000000,0.333333,-13.669274,58.528718,1.054204,C,100,10,-12.673479,58.620330,-12.710900,58.968428,0.338986,0.011648
96.000000,9.800000,9.700000,-13.664329,58.518171,10.993546,0.347243,-3.742445,59.765653,3.266667,10.000000,0.333333,-14.606797,58.049698,1.052479,C,100,10,-13.614608,58.174446,-13.663866,58.520919,0.347303,0.002787
97.000000,9.900000,9.800000,-14.607169,58.046936,11.002244,0.316270,-4.732371,59.624393,3.300000,10.000000,0.333333,-15.546973,57.576526,1.050961,C,100,10,-14.559494,57.734272,-14.619290,58.079344,0.316278,0.034600
98.000000,10.000000,9.900000,-15.533779,57.544541,10.973347,0.363000,-5.717039,59.450220,3.333333,10.000000,0.333333,-16.420112,57.002704,1.038832,C,100,10,-15.438438,57.193272,-15.511067,57.534940,0.363977,0.024658
99.000000,10.100000,10.000000,-16.443131,57.011543,11.007527,0.330723,-6.695355,59.243328,3.366667,10.000000,0.333333,-17.351436,56.464303,1.060419,C,100,10,-16.376658,56.687481,-16.459817,57.027876,0.330809,0.023349
0.000000,0.200000,0.100000,21.954091,1.398988,20.968775,0.686547,1.998519,0.066642,0.066667,10.000000,0.333333,22.874978,2.148547,1.187381,C,100,20,21.877200,2.081930,21.934061,1.401661,0.687257,0.020207
1.000000,0.300000,0.200000,22.895086,2.146543,20.981730,0.720065,2.995002,0.149875,0.100000,10.000000,0.333333,23.800025,2.961021,1.217492,C,100,20,22.805020,2.861187,22.885671,2.182854,0.720297,0.037511
2.000000,0.400000,0.300000,23.810644,2.925044,21.007198,0.661468,3.988159,0.266272,0.133333,10.000000,0.333333,24.720968,3.714536,1.204984,C,100,20,23.729843,3.581598,23.831215,2.905258,0.661507,0.028542
3.000000,0.500000,0.400000,24.699749,3.733626,20.981786,0.673824,4.976884,0.415703,0.166667,10.000000,0.333333,25.556145,4.560987,1.190774,C,100,20,24.570002,4.395091,24.694139,3.723405,0.674070,0.011659
4.000000,0.600000,0.500000,25.561411,4.571389,20.995174,0.683817,5.960080,0.598003,0.200000,10.000000,0.333333,26.400894,5.439286,1.207467,C,100,20,25.420828,5.240617,25.567690,4.573063,0.683834,0.006498
5.000000,0.700000,0.600000,26.394675,5.437404,20.987774,0.701826,6.936654,0.812968,0.233333,10.000000,0.333333,27.193405,6.348606,1.211717,C,100,20,26.220504,6.117384,26.390065,5.455466,0.701932,0.018641
6.000000,0.800000,0.700000,27.198615,6.330708,21.001397,0.676076,7.905522,1.060361,0.266667,10.000000,0.333333,27.986459,7.246774,1.208253,C,100,20,27.021804,6.983257,27.212612,6.326704,0.676078,0.014558
7.000000,0.900000,0.800000,27.972336,7.250309,20.991011,0.701235,8.865606,1.339905,0.300000,10.000000,0.333333,28.711856,8.213088,1.214015,C,100,20,27.756519,7.917568,27.969810,7.268306,0.701292,0.018173
8.000000,1.000000,0.900000,28.714980,8.195186,20.982666,0.678392,9.815841,1.651292,0.333333,10.000000,0.333333,29.421590,9.157760,1.194089,C,100,20,28.476633,8.830565,28.710634,8.188800,0.678614,0.007724
9.000000,1.100000,1.000000,29.425721,9.164287,20.995744,0.705003,10.755170,1.994174,0.366667,10.000000,0.333333,30.102528,10.179407,1.220055,C,100,20,29.169000,9.820901,29.425242,9.187185,0.705016,0.022903
10.000000,1.200000,1.100000,30.103770,10.156537,20.968039,0.666057,11.682550,2.368170,0.400000,10.000000,0.333333,30.736019,11.146988,1.175045,C,100,20,29.814958,10.757570,30.090627,10.133117,0.666823,0.026856
11.000000,1.300000,1.200000,30.748374,11.170833,20.999523,0.681361,12.596951,2.772866,0.433333,10.000000,0.333333,31.369409,12.208915,1.209669,C,100,20,30.461838,11.789016,30.759057,11.173344,0.681361,0.010975
12.000000,1.400000,1.300000,31.358815,12.206049,20.989381,0.681448,13.497356,3.207811,0.466667,10.000000,0.333333,31.935813,13.259766,1.201352,C,100,20,31.042740,12.809854,31.360168,12.204735,0.681531,0.001886
13.000000,1.500000,1.400000,31.934417,13.261034,20.980416,0.677561,14.382766,3.672523,0.500000,10.000000,0.333333,32.469973,14.325686,1.191765,C,100,20,31.592391,13.846261,31.929556,13.252261,0.677844,0.010030
14.000000,1.600000,1.500000,32.474540,14.334616,21.021030,0.717068,15.252197,4.166485,0.533333,10.000000,0.333333,32.989204,15.471194,1.247673,C,100,20,32.128087,14.962787,32.486675,14.379828,0.717376,0.046813
15.000000,1.700000,1.600000,32.978583,15.425602,20.995497,0.725231,16.104682,4.689148,0.566667,10.000000,0.333333,33.429159,16.571881,1.231655,C,100,20,32.585463,16.035059,32.963067,15.465242,0.725245,0.042568
16.000000,1.800000,1.700000,33.445987,16.532781,20.990769,0.655873,16.939274,5.239932,0.600000,10.000000,0.333333,33.893370,17.633527,1.188189,C,100,20,33.068034,17.068884,33.462403,16.510827,0.655938,0.027413
17.000000,1.900000,1.800000,33.876231,17.654922,20.960297,0.703620,17.755047,5.818224,0.633333,10.000000,0.333333,34.233861,18.790418,1.190484,C,100,20,33.427802,18.198583,33.841260,17.655728,0.704739,0.034980
18.000000,2.000000,1.900000,34.268839,18.790778,20.980686,0.705032,18.551094,6.423382,0.666667,10.000000,0.333333,34.603577,19.951281,1.207814,C,100,20,33.817690,19.332911,34.249460,18.803624,0.705297,0.023250
19.000000,2.100000,2.000000,34.623374,19.939088,21.008402,0.675575,19.326531,7.054734,0.700000,10.000000,0.333333,34.959425,21.105426,1.213786,C,100,20,34.194583,20.461209,34.643574,19.945269,0.675627,0.021124
20.000000,2.200000,2.100000,34.939443,21.098576,20.996957,0.660838,20.080495,7.711579,0.733333,10.000000,0.333333,35.237797,22.256857,1.196089,C,100,20,34.494850,21.587507,34.960166,21.086782,0.660845,0.023844
21.000000,2.300000,2.200000,35.216693,22.267953,21.005368,0.659839,20.812150,8.393186,0.766667,10.000000,0.333333,35.483030,23.440649,1.202561,C,100,20,34.762803,22.746911,35.244715,22.261744,0.659861,0.028702
22.000000,2.400000,2.300000,35.454817,23.445921,21.019569,0.707694,21.520683,9.098799,0.800000,10.000000,0.333333,35.657489,24.670369,1.241109,C,100,20,34.960782,23.953013,35.460060,23.484967,0.707964,0.039397
23.000000,2.500000,2.400000,35.653550,24.631170,20.964714,0.663762,22.205306,9.827633,0.833333,10.000000,0.333333,35.810935,25.791550,1.171005,C,100,20,35.138523,25.051373,35.650786,24.600411,0.664699,0.030882
24.000000,2.600000,2.500000,35.812673,25.822384,21.003879,0.686617,22.865258,10.578878,0.866667,10.000000,0.333333,35.939232,27.032011,1.216230,C,100,20,35.291861,26.269836,35.820353,25.835907,0.686628,0.015552
25.000000,2.700000,2.600000,35.932007,27.018239,21.000827,0.685119,23.499807,11.351701,0.900000,10.000000,0.333333,36.017458,28.228091,1.212865,C,100,20,35.395848,27.444764,35.938397,27.028715,0.685120,0.012272
26.000000,2.800000,2.700000,36.011420,28.217407,20.990099,0.693704,24.108248,12.145242,0.933333,10.000000,0.333333,36.043219,29.425923,1.208934,C,100,20,35.448061,28.622314,36.004065,28.225023,0.693775,0.010588
27.000000,2.900000,2.800000,36.050824,29.418556,20.969990,0.719689,24.689904,12.958620,0.966667,10.000000,0.333333,36.009522,30.625671,1.207821,C,100,20,35.441476,29.802674,36.010370,29.425228,0.720314,0.041001
28.000000,3.000000,2.900000,36.050176,30.620351,20.980103,0.694702,25.244130,13.790931,1.000000,10.000000,0.333333,35.995156,31.820428,1.201338,C,100,20,35.454853,30.978957,36.035830,30.619800,0.694987,0.014356
29.000000,3.100000,3.000000,36.009475,31.821456,20.995555,0.663165,25.770309,14.641250,1.033333,10.000000,0.333333,35.949492,33.016160,1.196209,C,100,20,35.437534,32.157150,36.030042,31.816390,0.663180,0.021182
30.000000,3.200000,3.100000,35.928768,33.020538,20.986696,0.695986,26.267857,15.508633,1.066667,10.000000,0.333333,35.795985,34.220677,1.207463,C,100,20,35.312939,33.345082,35.916763,33.025354,0.696113,0.012935
31.000000,3.300000,3.200000,35.808143,34.216264,21.002792,0.663754,26.736221,16.392116,1.100000,10.000000,0.333333,35.671464,35.411036,1.202565,C,100,20,35.217868,34.519828,35.831983,34.219201,0.663760,0.024020
32.000000,3.400000,3.300000,35.647736,35.407305,20.953006,0.676101,27.174881,17.290718,1.133333,10.000000,0.333333,35.439038,36.556991,1.168475,C,100,20,35.015395,35.651162,35.637877,35.372266,0.677732,0.036399
33.000000,3.500000,3.400000,35.447723,36.592339,21.013358,0.710266,27.583349,18.203440,1.166667,10.000000,0.333333,35.193143,37.803356,1.237486,C,100,20,34.799925,36.883911,35.433657,36.626133,0.710392,0.036605
34.000000,3.600000,3.500000,35.208328,37.770049,20.984075,0.659748,27.961173,19.129267,1.200000,10.000000,0.333333,34.950004,38.926311,1.184767,C,100,20,34.587646,37.994271,35.228077,37.756568,0.659941,0.023912
35.000000,3.700000,3.600000,34.929816,38.939126,20.990933,0.664917,28.307931,20.067173,1.233333,10.000000,0.333333,34.630494,40.094319,1.193341,C,100,20,34.299400,39.150721,34.947672,38.934576,0.664979,0.018427
36.000000,3.800000,3.700000,34.612496,40.098272,20.969021,0.669705,28.623238,21.016113,1.266667,10.000000,0.333333,34.263711,41.223375,1.177925,C,100,20,33.964248,40.269267,34.618721,40.075228,0.670421,0.023870
37.000000,3.900000,3.800000,34.256722,41.246199,21.004335,0.677706,28.906746,21.975035,1.300000,10.000000,0.333333,33.872372,42.395220,1.211600,C,100,20,33.604873,41.431661,34.266653,41.259464,0.677719,0.016571
38.000000,4.000000,3.900000,33.862889,42.381631,20.984494,0.634038,29.158137,22.942873,1.333333,10.000000,0.333333,33.478233,43.487647,1.170996,C,100,20,33.242996,42.515709,33.909141,42.364420,0.634227,0.049351
39.000000,4.100000,4.000000,33.431433,43.503307,20.988134,0.669876,29.377134,23.918551,1.366667,10.000000,0.333333,32.975774,44.606719,1.193794,C,100,20,32.773059,43.627481,33.444257,43.499616,0.669981,0.013344
40.000000,4.200000,4.100000,32.962835,44.609980,21.009373,0.645924,29.563492,24.900986,1.400000,10.000000,0.333333,32.497869,45.714453,1.198354,C,100,20,32.327902,44.729003,33.003534,44.622662,0.645992,0.042630
41.000000,4.300000,4.200000,32.457615,45.700422,20.984494,0.656409,29.717005,25.889085,1.433333,10.000000,0.333333,31.942303,46.765577,1.183259,C,100,20,31.805272,45.775010,32.483308,45.691718,0.656593,0.027128
42.000000,4.400000,4.300000,31.916334,46.773421,20.975999,0.664268,29.837502,26.881753,1.466667,10.000000,0.333333,31.357111,47.813178,1.180604,C,100,20,31.253169,46.818594,31.933354,46.758239,0.664701,0.022808
43.000000,4.500000,4.400000,31.339594,47.827784,20.976984,0.677781,29.924850,27.877884,1.500000,10.000000,0.333333,30.732620,48.850265,1.189069,C,100,20,30.661882,47.852770,31.343773,47.815563,0.678172,0.012916
44.000000,4.600000,4.500000,30.728035,48.862340,21.034890,0.678935,29.978950,28.876373,1.533333,10.000000,0.333333,30.088337,49.921933,1.237720,C,100,20,30.050883,48.922635,30.735565,48.908108,0.679831,0.046383
45.000000,4.700000,4.600000,30.082337,49.875940,20.944546,0.680761,29.999744,29.876111,1.566667,10.000000,0.333333,29.405482,50.823289,1.164304,C,100,20,29.401353,49.823298,30.083129,49.831721,0.683016,0.044226
46.000000,4.800000,4.700000,29.403218,50.867458,20.970805,0.713699,29.987208,30.875986,1.600000,10.000000,0.333333,28.661476,51.817009,1.204918,C,100,20,28.690676,50.817435,29.372654,50.849684,0.714295,0.035356
47.000000,4.900000,4.800000,28.691431,51.835792,20.980808,0.699362,29.941356,31.874888,1.633333,10.000000,0.333333,27.932139,52.770974,1.204613,C,100,20,27.994635,51.772929,28.675514,51.827426,0.699626,0.017981
48.000000,5.000000,4.900000,27.947768,52.779866,20.986479,0.697405,29.862239,32.871706,1.666667,10.000000,0.333333,27.159136,53.695056,1.208103,C,100,20,27.254860,52.699648,27.933738,52.776757,0.697536,0.014370
49.000000,5.100000,5.000000,27.173054,53.698631,20.968443,0.693641,29.749944,33.865335,1.700000,10.000000,0.333333,26.360416,54.569630,1.191227,C,100,20,26.489260,53.577966,27.164609,53.677464,0.694359,0.022790
50.000000,5.200000,5.100000,26.368152,54.591067,21.010777,0.656618,29.604597,34.854669,1.733333,10.000000,0.333333,25.556621,55.482267,1.205329,C,100,20,25.718444,54.495447,26.391676,54.616382,0.656707,0.034558
51.000000,5.300000,5.200000,25.533954,55.456182,21.003596,0.705840,29.426360,35.838609,1.766667,10.000000,0.333333,24.646290,56.303217,1.226953,C,100,20,24.840911,55.322339,25.509211,55.467215,0.705849,0.027091
52.000000,5.400000,5.300000,24.671387,56.293015,21.001333,0.710251,29.215429,36.816063,1.800000,10.000000,0.333333,23.752206,57.106791,1.227650,C,100,20,23.979408,56.132944,24.642404,56.300140,0.710252,0.029846
53.000000,5.500000,5.400000,23.781410,57.100637,20.983613,0.704077,28.972040,37.785944,1.833333,10.000000,0.333333,22.846180,57.867816,1.209636,C,100,20,23.105712,56.902081,23.762244,57.090937,0.704268,0.021481
54.000000,5.600000,5.500000,22.865012,57.878149,21.007153,0.673491,28.696462,38.747174,1.866667,10.000000,0.333333,21.927127,58.645168,1.211589,C,100,20,22.218700,57.688620,22.869609,57.898487,0.673529,0.020850
55.000000,5.700000,5.600000,21.923211,58.624689,21.008682,0.691257,28.389003,39.698687,1.900000,10.000000,0.333333,20.942978,59.355729,1.222815,C,100,20,21.266268,58.409428,21.909687,58.641451,0.691312,0.021538
56.000000,5.800000,5.700000,20.957053,59.339426,20.985271,0.694542,28.050003,40.639424,1.933333,10.000000,0.333333,19.958233,60.014337,1.205466,C,100,20,20.312880,59.079337,20.947438,59.332512,0.694698,0.011843
57.000000,5.900000,5.800000,19.967612,60.021567,20.982806,0.624552,27.679839,41.568341,1.966667,10.000000,0.333333,19.012380,60.687530,1.164463,C,100,20,19.397992,59.764868,20.024547,60.036854,0.624789,0.058952
58.000000,6.000000,5.900000,18.955986,60.670354,20.994174,0.677501,27.278923,42.484405,2.000000,10.000000,0.333333,17.926213,61.292413,1.203075,C,100,20,18.342360,60.383116,18.959143,60.677600,0.677527,0.007904
59.000000,6.100000,6.000000,17.923300,61.285065,20.976017,0.696762,26.847699,43.386599,2.033333,10.000000,0.333333,16.864233,61.847616,1.199202,C,100,20,17.310453,60.952693,17.916256,61.267888,0.697175,0.018566
60.000000,6.200000,6.100000,16.870701,61.865019,20.981588,0.679965,26.386648,44.273920,2.066667,10.000000,0.333333,15.805598,62.404854,1.194097,C,100,20,16.281395,61.525300,16.876780,61.860098,0.680214,0.007821
61.000000,6.300000,6.200000,15.799359,62.409570,20.986985,0.684515,25.896281,45.145383,2.100000,10.000000,0.333333,14.710204,62.915971,1.201125,C,100,20,15.215050,62.052761,15.799028,62.407436,0.684639,0.002160
62.000000,6.400000,6.300000,14.710463,62.918115,20.979966,0.645403,25.377143,46.000019,2.133333,10.000000,0.333333,13.641865,63.402857,1.173405,C,100,20,14.175199,62.556953,14.747509,62.929657,0.645714,0.038802
63.000000,6.500000,6.400000,13.605224,63.390086,20.978732,0.663604,24.829811,46.836879,2.166667,10.000000,0.333333,12.506693,63.827711,1.182492,C,100,20,13.067922,63.000050,13.627127,63.392107,0.663944,0.021995
64.000000,6.600000,6.500000,12.484870,63.824962,21.015904,0.667210,24.254892,47.655034,2.200000,10.000000,0.333333,11.347572,64.253662,1.215413,C,100,20,11.936073,63.445166,12.482846,63.856452,0.667400,0.031555
65.000000,6.700000,6.600000,11.350644,64.222257,20.978593,0.707739,23.653026,48.453573,2.233333,10.000000,0.333333,10.190687,64.558469,1.207700,C,100,20,10.805806,63.770035,11.336762,64.199645,0.708063,0.026533
66.000000,6.800000,6.700000,10.203808,64.581531,20.993992,0.660349,23.024882,49.231610,2.266667,10.000000,0.333333,9.059791,64.921097,1.193349,C,100,20,9.700845,64.153601,10.218579,64.599761,0.660376,0.023463
67.000000,6.900000,6.800000,9.045636,64.902385,20.995195,0.689243,22.371156,49.988281,2.300000,10.000000,0.333333,7.868589,65.185281,1.210566,C,100,20,8.534865,64.439576,9.036844,64.903498,0.689260,0.008862
68.000000,7.000000,6.900000,7.877414,65.184462,21.029267,0.671756,21.692576,50.722744,2.333333,10.000000,0.333333,6.680702,65.464689,1.229084,C,100,20,7.371460,64.741603,7.858928,65.222340,0.672393,0.042148
69.000000,7.100000,7.000000,6.700440,65.427449,20.997683,0.691682,20.989896,51.434185,2.366667,10.000000,0.333333,5.503678,65.631302,1.214000,C,100,20,6.218150,64.931639,6.688110,65.428087,0.691686,0.012346
70.000000,7.200000,7.100000,5.516021,65.631075,20.981816,0.688088,20.263895,52.121811,2.400000,10.000000,0.333333,4.327259,65.786864,1.198927,C,100,20,5.064652,65.111401,5.517529,65.622769,0.688328,0.008442
71.000000,7.300000,7.200000,4.325474,65.795115,20.980303,0.691749,19.515382,52.784861,2.433333,10.000000,0.333333,3.130947,65.907434,1.199797,C,100,20,3.890442,65.256922,4.325900,65.783142,0.692030,0.011981
72.000000,7.400000,7.300000,3.130122,65.919387,20.996013,0.678424,18.745186,53.422596,2.466667,10.000000,0.333333,1.928576,66.012053,1.205114,C,100,20,2.709329,65.387213,3.127684,65.927774,0.678436,0.008735
73.000000,7.500000,7.400000,1.931292,66.003751,20.983245,0.689435,17.954164,54.034308,2.500000,10.000000,0.333333,0.730964,66.039860,1.200871,C,100,20,1.532107,65.441388,1.931664,65.995478,0.689639,0.008281
74.000000,7.600000,7.500000,0.730316,66.048116,21.011483,0.673090,17.143195,54.619319,2.533333,10.000000,0.333333,-0.484381,66.073750,1.214968,C,100,20,0.336263,65.502311,0.718123,66.069854,0.673188,0.024925
75.000000,7.700000,7.600000,-0.471471,66.052430,20.977846,0.677280,16.313180,55.176977,2.566667,10.000000,0.333333,-1.660397,66.015761,1.189492,C,100,20,-0.821164,65.471988,-0.459172,66.051090,0.677642,0.012372
76.000000,7.800000,7.700000,-1.672734,66.016690,21.013379,0.648123,15.465041,55.706663,2.600000,10.000000,0.333333,-2.875195,65.983719,1.202913,C,100,20,-2.018307,65.468218,-1.674363,66.059552,0.648261,0.042893
77.000000,7.900000,7.800000,-2.872139,65.940935,20.985999,0.680376,14.599720,56.207788,2.633333,10.000000,0.333333,-4.064610,65.826407,1.197959,C,100,20,-3.191017,65.339750,-2.868360,65.941967,0.680520,0.003917
78.000000,8.000000,7.900000,-4.068353,65.825250,21.004876,0.696091,13.718179,56.679797,2.666667,10.000000,0.333333,-5.280319,65.665699,1.222423,C,100,20,-4.390992,65.208427,-4.088749,65.821865,0.696108,0.020675
79.000000,8.100000,8.000000,-5.260046,65.669762,20.982583,0.723411,12.821396,57.122164,2.700000,10.000000,0.333333,-6.457544,65.435682,1.220162,C,100,20,-5.553472,65.008302,-5.272986,65.631209,0.723621,0.040666
80.000000,8.200000,8.100000,-6.445896,65.474645,20.996013,0.671965,11.910369,57.534399,2.733333,10.000000,0.333333,-7.626828,65.253336,1.201490,C,100,20,-6.709015,64.856324,-6.447698,65.487933,0.671976,0.013410
81.000000,8.300000,8.200000,-7.624585,65.240115,20.979285,0.690879,10.986110,57.916042,2.766667,10.000000,0.333333,-8.788846,64.955846,1.198462,C,100,20,-7.858311,64.589642,-7.618984,65.229335,0.691189,0.012148
82.000000,8.400000,8.300000,-8.794802,64.966433,20.987300,0.674639,10.049645,58.266670,2.800000,10.000000,0.333333,-9.951055,64.661507,1.195784,C,100,20,-9.008833,64.326519,-8.790358,64.973893,0.674759,0.008683
83.000000,8.500000,8.400000,-9.955249,64.653903,20.996130,0.676499,9.102014,58.585894,2.833333,10.000000,0.333333,-11.109674,64.311519,1.204128,C,100,20,-10.156811,64.008118,-9.959997,64.662712,0.676510,0.010007
84.000000,8.600000,8.500000,-11.104635,64.302873,20.969104,0.709950,8.144271,58.873359,2.866667,10.000000,0.333333,-12.230078,63.882673,1.201329,C,100,20,-11.267633,63.611197,-11.094071,64.271445,0.710622,0.033156
85.000000,8.700000,8.600000,-12.241683,63.913732,20.996662,0.696700,7.177480,59.128745,2.900000,10.000000,0.333333,-13.376086,63.475715,1.216029,C,100,20,-12.405128,63.236466,-12.253005,63.902906,0.696708,0.015664
86.000000,8.800000,8.700000,-13.365132,63.486912,20.980544,0.672119,6.202714,59.351769,2.933333,10.000000,0.333333,-14.463454,63.032050,1.188785,C,100,20,-13.485061,62.825293,-13.354555,63.495727,0.672400,0.013769
87.000000,8.900000,8.800000,-14.473731,63.022888,21.012614,0.677961,5.221058,59.542183,2.966667,10.000000,0.333333,-15.588881,62.531504,1.218613,C,100,20,-14.604141,62.357469,-14.496039,63.032966,0.678078,0.024479
88.000000,9.000000,8.900000,-15.566250,62.522175,20.987258,0.724620,4.233600,59.699775,3.000000,10.000000,0.333333,-16.645886,61.944129,1.224644,C,100,20,-15.655894,61.803009,-15.572032,62.481144,0.724732,0.041437
89.000000,9.100000,9.000000,-16.641474,61.985330,20.975067,0.714870,3.241439,59.824370,3.033333,10.000000,0.333333,-17.688073,61.379999,1.209047,C,100,20,-16.693927,61.271951,-16.632441,61.952060,0.715305,0.034474
90.000000,9.200000,9.100000,-17.698210,61.412949,20.987169,0.679038,2.245677,59.915831,3.066667,10.000000,0.333333,-18.733440,60.809711,1.198164,C,100,20,-17.736245,60.734855,-17.696233,61.416929,0.679159,0.004444
91.000000,9.300000,9.200000,-18.735283,60.805668,20.993633,0.694846,1.247420,59.974055,3.100000,10.000000,0.333333,-19.756949,60.152738,1.212484,C,100,20,-18.757814,60.111158,-18.741068,60.794432,0.694875,0.012638
92.000000,9.400000,9.300000,-19.751541,60.164161,20.948302,0.663095,0.247777,59.998977,3.133333,10.000000,0.333333,-20.705287,59.508921,1.157140,C,100,20,-19.705321,59.500661,-19.710337,60.182577,0.665108,0.045132
93.000000,9.500000,9.400000,-20.745855,59.489142,20.977815,0.641788,-0.752142,59.990570,3.166667,10.000000,0.333333,-21.707272,58.823041,1.169621,C,100,20,-20.707586,58.848112,-20.734623,59.530471,0.642171,0.042828
94.000000,9.600000,9.500000,-21.717120,58.781360,21.012430,0.687118,-1.751224,59.948843,3.200000,10.000000,0.333333,-22.687713,58.036315,1.223579,C,100,20,-21.689419,58.094689,-21.740739,58.776858,0.687230,0.024045
95.000000,9.700000,9.600000,-22.664257,58.041602,20.959235,0.674162,-2.748361,59.873843,3.233333,10.000000,0.333333,-23.557697,57.282397,1.172445,C,100,20,-22.561902,57.374009,-22.635365,58.052353,0.675394,0.030827
96.000000,9.800000,9.700000,-23.586214,57.270690,21.012325,0.677225,-3.742445,59.765653,3.266667,10.000000,0.333333,-24.506149,56.472469,1.217964,C,100,20,-23.513960,56.597217,-23.610283,57.274484,0.677337,0.024367
97.000000,9.900000,9.800000,-24.481966,56.469479,20.968413,0.682235,-4.732371,59.624393,3.300000,10.000000,0.333333,-25.330635,55.643024,1.184596,C,100,20,-24.343155,55.800769,-24.461954,56.472977,0.682965,0.020315
98.000000,10.000000,9.900000,-25.350519,55.638861,20.984061,0.692852,-5.717039,59.450220,3.333333,10.000000,0.333333,-26.184511,54.771175,1.203504,C,100,20,-25.202837,54.961743,-25.344412,55.630070,0.693036,0.010704
99.000000,10.100000,10.000000,-26.190907,54.779758,21.022647,0.708907,-6.695355,59.243328,3.366667,10.000000,0.333333,-27.029547,53.860498,1.244329,C,100,20,-26.054770,54.083677,-26.219330,54.748062,0.709269,0.042573
0.000000,0.200000,0.100000,41.909663,2.731334,41.012346,1.356869,1.998519,0.066642,0.066667,10.000000,0.333333,42.829369,4.152629,1.692908,C,100,40,41.831591,4.086011,41.944158,2.739606,1.356925,0.035473
1.000000,0.300000,0.200000,42.795169,4.143212,41.008955,1.327003,2.995002,0.149875,0.100000,10.000000,0.333333,43.666604,5.564313,1.667012,C,100,40,42.671600,5.464480,42.827975,4.122603,1.327034,0.038742
2.000000,0.400000,0.300000,43.633130,5.583817,41.011084,1.324503,3.988159,0.266272,0.133333,10.000000,0.333333,44.459162,7.030976,1.666313,C,100,40,43.468037,6.898037,43.668972,5.562038,1.324549,0.041941
3.000000,0.500000,0.400000,44.422613,7.051548,40.968090,1.385632,4.976884,0.415703,0.166667,10.000000,0.333333,45.147418,8.578582,1.690318,C,100,40,44.161275,8.412686,44.408423,7.085847,1.385999,0.037118
4.000000,0.600000,0.500000,45.162743,8.544776,40.957407,1.321098,5.960080,0.598003,0.200000,10.000000,0.333333,45.838603,10.029747,1.631542,C,100,40,44.858537,9.831078,45.147588,8.513170,1.321785,0.035051
5.000000,0.700000,0.600000,45.852697,10.061840,40.951352,1.313251,6.936654,0.812968,0.233333,10.000000,0.333333,46.474615,11.559477,1.621635,C,100,40,45.501714,11.328255,45.834228,10.020854,1.314152,0.044955
6.000000,0.800000,0.700000,46.491708,11.601056,40.975492,1.344889,7.905522,1.060361,0.266667,10.000000,0.333333,47.078319,13.155469,1.661419,C,100,40,46.113664,12.891952,46.490786,11.595839,1.345112,0.005298
7.000000,0.900000,0.800000,47.079066,13.160714,40.988443,1.341744,8.865606,1.339905,0.300000,10.000000,0.333333,47.626849,14.734635,1.666522,C,100,40,46.671512,14.439115,47.091641,13.155848,1.341794,0.013483
8.000000,1.000000,0.900000,47.614119,14.739079,40.987312,1.365633,9.815841,1.651292,0.333333,10.000000,0.333333,48.100259,16.352587,1.685152,C,100,40,47.155302,16.025392,47.618709,14.757123,1.365692,0.018618
9.000000,1.100000,1.000000,48.096272,16.334400,40.950889,1.347998,10.755170,1.994174,0.366667,10.000000,0.333333,48.500688,17.933692,1.649632,C,100,40,47.567161,17.575187,48.071610,16.324005,1.348892,0.026764
10.000000,1.200000,1.100000,48.524990,17.944904,40.953294,1.368447,11.682550,2.368170,0.400000,10.000000,0.333333,48.870133,19.576557,1.667758,C,100,40,47.949072,19.187139,48.495602,17.953645,1.369244,0.030661
11.000000,1.300000,1.200000,48.899796,19.568801,40.985205,1.373593,12.596951,2.772866,0.433333,10.000000,0.333333,49.217171,21.229120,1.690381,C,100,40,48.309600,20.809222,48.897522,19.593724,1.373673,0.025027
12.000000,1.400000,1.300000,49.220275,21.204287,40.952761,1.349894,13.497356,3.207811,0.466667,10.000000,0.333333,49.463827,22.838499,1.652261,C,100,40,48.570754,22.388587,49.197677,21.193988,1.350720,0.024834
13.000000,1.500000,1.400000,49.486069,22.849545,40.979901,1.361153,14.382766,3.672523,0.500000,10.000000,0.333333,49.693441,24.513859,1.677184,C,100,40,48.815859,24.034433,49.482999,22.860765,1.361302,0.011633
14.000000,1.600000,1.500000,49.696883,24.502747,40.947950,1.318527,15.252197,4.166485,0.533333,10.000000,0.333333,49.842831,26.120097,1.623922,C,100,40,48.981714,25.611691,49.685837,24.461133,1.319554,0.043056
15.000000,1.700000,1.600000,49.852484,26.162057,40.980945,1.365124,16.104682,4.689148,0.566667,10.000000,0.333333,49.947273,27.840399,1.681017,C,100,40,49.103578,27.303576,49.847554,26.176998,1.365257,0.015733
16.000000,1.800000,1.700000,49.952699,27.825630,40.959699,1.381396,16.939274,5.239932,0.600000,10.000000,0.333333,49.964778,29.507633,1.682046,C,100,40,49.139442,28.942990,49.920613,27.842722,1.381984,0.036354
17.000000,1.900000,1.800000,49.997415,29.491620,40.984788,1.349323,17.755047,5.818224,0.633333,10.000000,0.333333,49.992636,31.162086,1.670473,C,100,40,49.186577,30.570251,50.003594,29.495328,1.349409,0.007206
18.000000,2.000000,1.900000,49.986585,31.158174,40.981420,1.360624,18.551094,6.423382,0.666667,10.000000,0.333333,49.916501,32.834352,1.677642,C,100,40,49.130614,32.215982,49.983233,31.169202,1.360751,0.011526
19.000000,2.100000,2.000000,49.920218,32.823442,40.964190,1.331349,19.326531,7.054734,0.700000,10.000000,0.333333,49.799993,34.462862,1.643822,C,100,40,49.035151,33.818644,49.921063,32.800690,1.331830,0.022768
20.000000,2.200000,2.100000,49.798390,34.485573,40.981495,1.367801,20.080495,7.711579,0.733333,10.000000,0.333333,49.612052,36.158740,1.683511,C,100,40,48.869104,35.489390,49.789745,34.501890,1.367926,0.018466
21.000000,2.300000,2.200000,49.621235,36.142720,40.962175,1.298489,20.812150,8.393186,0.766667,10.000000,0.333333,49.413408,37.745424,1.616123,C,100,40,48.693181,37.051686,49.644092,36.094313,1.299040,0.053532
22.000000,2.400000,2.300000,49.388951,37.793042,40.965747,1.372035,21.520683,9.098799,0.800000,10.000000,0.333333,49.077556,39.441732,1.677840,C,100,40,48.380849,38.724376,49.364959,37.800872,1.372462,0.025237
23.000000,2.500000,2.400000,49.101795,39.434707,40.959707,1.363783,22.205306,9.827633,0.833333,10.000000,0.333333,48.737673,41.062084,1.667616,C,100,40,48.065261,40.321908,49.079267,39.431651,1.364378,0.022734
24.000000,2.600000,2.500000,48.760087,41.065889,40.974905,1.352366,22.865258,10.578878,0.866667,10.000000,0.333333,48.360472,42.684420,1.667134,C,100,40,47.713101,41.922245,48.756343,41.065657,1.352599,0.003751
25.000000,2.700000,2.600000,48.364206,42.684777,40.966649,1.349041,23.499807,11.351701,0.900000,10.000000,0.333333,47.908345,44.280557,1.659615,C,100,40,47.286735,43.497230,48.357662,42.675975,1.349453,0.010968
26.000000,2.800000,2.700000,47.914592,44.289573,40.961761,1.300432,24.108248,12.145242,0.933333,10.000000,0.333333,47.441955,45.836415,1.617438,C,100,40,46.846796,45.032807,47.943383,44.246512,1.300994,0.051799
27.000000,2.900000,2.800000,47.411744,45.878492,40.943908,1.363610,24.689904,12.958620,0.966667,10.000000,0.333333,46.825681,47.429918,1.658431,C,100,40,46.257635,46.606921,47.380559,45.859669,1.364763,0.036426
28.000000,3.000000,2.900000,46.856222,47.449770,41.014189,1.385050,25.244130,13.790931,1.000000,10.000000,0.333333,46.238711,49.051527,1.716666,C,100,40,45.698409,48.210056,46.847959,47.499938,1.385122,0.050844
29.000000,3.100000,3.000000,46.248642,49.001662,40.976061,1.343755,25.770309,14.641250,1.033333,10.000000,0.333333,45.594045,50.528055,1.660835,C,100,40,45.082086,49.669045,46.252859,48.997131,1.343969,0.006189
30.000000,3.200000,3.100000,45.589679,50.532442,40.962612,1.351253,26.267857,15.508633,1.066667,10.000000,0.333333,44.871514,52.028018,1.659068,C,100,40,44.388468,51.152422,45.580719,50.520341,1.351770,0.015057
31.000000,3.300000,3.200000,44.880066,52.040411,40.985732,1.345285,26.736221,16.392116,1.100000,10.000000,0.333333,44.128262,53.529119,1.667771,C,100,40,43.674666,52.637911,44.887907,52.045378,1.345361,0.009283
32.000000,3.400000,3.300000,44.120590,53.523892,40.978819,1.364634,27.174881,17.290718,1.133333,10.000000,0.333333,43.299134,54.988652,1.679379,C,100,40,42.875492,54.082823,44.107882,53.531734,1.364798,0.014933
33.000000,3.500000,3.400000,43.312097,54.981239,40.986498,1.324126,27.583349,18.203440,1.166667,10.000000,0.333333,42.482545,56.408940,1.651207,C,100,40,42.089327,55.489495,43.339081,54.978447,1.324194,0.027129
34.000000,3.600000,3.500000,42.455483,56.410831,41.015851,1.352943,27.961173,19.129267,1.200000,10.000000,0.333333,41.562588,57.847893,1.691866,C,100,40,41.200231,56.915854,42.467591,56.447261,1.353036,0.038389
35.000000,3.700000,3.600000,41.551701,57.811080,41.021048,1.330842,28.307931,20.067173,1.233333,10.000000,0.333333,40.633984,59.215172,1.677402,C,100,40,40.302890,58.271575,41.585070,57.844728,1.331008,0.047389
36.000000,3.800000,3.700000,40.601754,59.180431,40.978948,1.343633,28.623238,21.016113,1.266667,10.000000,0.333333,39.612942,60.516822,1.662434,C,100,40,39.313479,59.562714,40.607976,59.179683,1.343797,0.006267
37.000000,3.900000,3.800000,39.606699,60.517363,40.985623,1.379655,28.906746,21.975035,1.300000,10.000000,0.333333,38.540974,61.836124,1.695553,C,100,40,38.273475,60.872565,39.580572,60.533977,1.379730,0.030962
38.000000,4.000000,3.900000,38.567640,61.820389,40.974176,1.372131,29.158137,22.942873,1.333333,10.000000,0.333333,37.463176,63.090004,1.682784,C,100,40,37.227939,62.118066,38.545161,61.823081,1.372374,0.022639
39.000000,4.100000,4.000000,37.485732,63.088062,40.973456,1.338144,29.377134,23.918551,1.366667,10.000000,0.333333,36.372706,64.312569,1.654764,C,100,40,36.169991,63.333331,37.496041,63.081309,1.338407,0.012324
40.000000,4.200000,4.100000,36.362178,64.318975,40.982844,1.325774,29.563492,24.900986,1.400000,10.000000,0.333333,35.222745,65.512856,1.650351,C,100,40,35.052778,64.527406,36.386721,64.319254,1.325885,0.024545
41.000000,4.300000,4.200000,35.198224,65.511759,40.989795,1.332501,29.717005,25.889085,1.433333,10.000000,0.333333,34.013925,66.674810,1.659896,C,100,40,33.876895,65.684244,35.217298,65.520850,1.332540,0.021129
42.000000,4.400000,4.300000,33.995165,66.665089,40.960990,1.347117,29.837502,26.881753,1.466667,10.000000,0.333333,32.755232,67.760895,1.654758,C,100,40,32.651290,66.766311,33.995500,66.648279,1.347682,0.016813
43.000000,4.500000,4.400000,32.754338,67.777683,40.989751,1.352901,29.924850,27.877884,1.500000,10.000000,0.333333,31.474838,68.860656,1.676290,C,100,40,31.404101,67.863161,32.752469,67.790101,1.352939,0.012558
44.000000,4.600000,4.500000,31.477120,68.848307,41.002107,1.367921,29.978950,28.876373,1.533333,10.000000,0.333333,30.147692,69.900945,1.695708,C,100,40,30.110237,68.901646,31.460730,68.874043,1.367923,0.030512
45.000000,4.700000,4.600000,30.164930,69.875769,40.983736,1.379332,29.999744,29.876111,1.566667,10.000000,0.333333,28.789672,70.865194,1.694194,C,100,40,28.785543,69.865202,30.135601,69.883015,1.379428,0.030211
46.000000,4.800000,4.700000,28.819227,70.858930,41.009802,1.356232,29.987208,30.875986,1.600000,10.000000,0.333333,27.434088,71.828700,1.690877,C,100,40,27.463288,70.829126,28.812880,70.891163,1.356267,0.032853
47.000000,4.900000,4.800000,27.441506,71.796696,40.965133,1.375250,29.941356,31.874888,1.633333,10.000000,0.333333,26.008627,72.673994,1.680118,C,100,40,26.071123,71.675949,27.416382,71.783495,1.375692,0.028381
48.000000,5.000000,4.900000,26.033297,72.688025,40.982499,1.362661,29.862239,32.871706,1.666667,10.000000,0.333333,24.582845,73.535574,1.679925,C,100,40,24.678569,72.540166,26.020106,72.692113,1.362773,0.013810
49.000000,5.100000,5.000000,24.596165,73.531927,40.971260,1.332212,29.749944,33.865335,1.700000,10.000000,0.333333,23.149915,74.323443,1.648677,C,100,40,23.278759,73.331778,24.614230,73.527300,1.332522,0.018648
50.000000,5.200000,5.100000,23.131706,74.327465,40.986257,1.359122,29.604597,34.854669,1.733333,10.000000,0.333333,21.630899,75.080787,1.679260,C,100,40,21.792721,74.093967,23.121297,74.334848,1.359192,0.012761
51.000000,5.300000,5.200000,21.641547,75.073755,40.953300,1.362244,29.426360,35.838609,1.766667,10.000000,0.333333,20.119820,75.743707,1.662675,C,100,40,20.314440,74.762828,21.633151,75.047759,1.363044,0.027318
52.000000,5.400000,5.300000,20.127345,75.769968,41.012260,1.341016,29.215429,36.816063,1.800000,10.000000,0.333333,18.591412,76.451073,1.680177,C,100,40,18.818614,75.477226,20.129167,75.805671,1.341072,0.035749
53.000000,5.500000,5.400000,18.590781,76.415330,40.983470,1.317962,28.972040,37.785944,1.833333,10.000000,0.333333,17.062739,77.023049,1.644456,C,100,40,17.322270,76.057314,18.620405,76.428274,1.318065,0.032328
54.000000,5.600000,5.500000,17.033563,77.009124,40.969899,1.344187,28.696462,38.747174,1.866667,10.000000,0.333333,15.464987,77.544951,1.657571,C,100,40,15.756559,76.588403,17.040934,77.003136,1.344524,0.009497
55.000000,5.700000,5.600000,15.457420,77.550691,40.985199,1.337322,28.389003,39.698687,1.900000,10.000000,0.333333,13.873408,78.050643,1.661038,C,100,40,14.196697,77.104343,15.467092,77.561589,1.337403,0.014572
56.000000,5.800000,5.700000,13.864104,78.039428,40.961485,1.343006,28.050003,40.639424,1.933333,10.000000,0.333333,12.267405,78.462123,1.651702,C,100,40,12.622053,77.527123,13.875695,78.026364,1.343558,0.017465
57.000000,5.900000,5.800000,12.255384,78.474793,40.986279,1.367942,27.679839,41.568341,1.966667,10.000000,0.333333,10.612917,78.857300,1.686419,C,100,40,10.998529,77.934639,12.235297,78.476462,1.368010,0.020157
58.000000,6.000000,5.900000,10.633049,78.856302,40.953522,1.383568,27.278923,42.484405,2.000000,10.000000,0.333333,8.978170,79.147570,1.680317,C,100,40,9.394316,78.238272,10.611131,78.821051,1.384348,0.041510
59.000000,6.100000,6.000000,8.998901,79.183532,40.974750,1.346082,26.847699,43.386599,2.033333,10.000000,0.333333,7.359308,79.455209,1.661949,C,100,40,7.805528,78.560286,9.003421,79.182472,1.346319,0.004643
60.000000,6.200000,6.100000,7.354754,79.456118,40.948907,1.340425,26.386648,44.273920,2.066667,10.000000,0.333333,5.724289,79.652963,1.642304,C,100,40,6.200087,78.773408,7.375902,79.434607,1.341398,0.030165
61.000000,6.300000,6.200000,5.702437,79.673758,40.977894,1.348023,25.896281,45.145383,2.100000,10.000000,0.333333,4.045125,79.837341,1.665365,C,100,40,4.549971,78.974131,5.703815,79.674843,1.348204,0.001754
62.000000,6.400000,6.300000,4.043784,79.836210,40.987939,1.342235,25.377143,46.000019,2.133333,10.000000,0.333333,2.381480,79.956053,1.666619,C,100,40,2.914813,79.110148,4.045050,79.848934,1.342289,0.012787
63.000000,6.500000,6.400000,2.380638,79.943293,40.948178,1.332257,24.829811,46.836879,2.166667,10.000000,0.333333,0.745837,79.980361,1.635221,C,100,40,1.307066,79.152700,2.411126,79.927740,1.333264,0.034226
64.000000,6.600000,6.500000,0.714847,79.994890,40.955936,1.338601,24.254892,47.655034,2.200000,10.000000,0.333333,-0.929976,79.979992,1.644891,C,100,40,-0.341475,79.171496,0.736232,79.983221,1.339326,0.024360
65.000000,6.700000,6.600000,-0.951737,79.990941,40.967600,1.374492,23.653026,48.453573,2.233333,10.000000,0.333333,-2.630623,79.908354,1.680916,C,100,40,-2.015504,79.119920,-0.965858,79.968301,1.374874,0.026683
66.000000,6.800000,6.700000,-2.617265,79.931452,41.015420,1.336821,23.024882,49.231610,2.266667,10.000000,0.333333,-4.294209,79.853809,1.678740,C,100,40,-3.653155,79.086313,-2.630337,79.969229,1.336910,0.039975
67.000000,6.900000,6.800000,-4.279884,79.816489,40.954154,1.351829,22.371156,49.988281,2.300000,10.000000,0.333333,-5.923681,79.627315,1.654646,C,100,40,-5.257405,78.881610,-4.266453,79.797166,1.352607,0.023533
68.000000,7.000000,6.900000,-5.937749,79.646179,40.948835,1.348690,21.692576,50.722744,2.333333,10.000000,0.333333,-7.568383,79.400650,1.649015,C,100,40,-6.877625,78.677564,-5.917795,79.625440,1.349660,0.028780
69.000000,7.100000,7.000000,-7.589017,79.420712,40.996115,1.383576,20.989896,51.434185,2.366667,10.000000,0.333333,-9.268751,79.129130,1.704854,C,100,40,-8.554278,78.429466,-7.626268,79.410739,1.383582,0.038563
70.000000,7.200000,7.100000,-9.231853,79.140339,41.011383,1.343472,20.263895,52.121811,2.400000,10.000000,0.333333,-10.885106,78.832823,1.681610,C,100,40,-10.147712,78.157360,-9.251600,79.168466,1.343520,0.034367
71.000000,7.300000,7.200000,-10.864433,78.805370,41.030062,1.369452,19.515382,52.784861,2.433333,10.000000,0.333333,-12.537606,78.435345,1.713601,C,100,40,-11.778111,77.784833,-10.916429,78.826282,1.369782,0.056044
72.000000,7.400000,7.300000,-12.484942,78.416177,40.947816,1.366746,18.745186,53.422596,2.466667,10.000000,0.333333,-14.078949,77.941319,1.663234,C,100,40,-13.298196,77.316480,-12.473380,78.383899,1.367741,0.034286
73.000000,7.500000,7.400000,-14.091580,77.973194,40.955948,1.347434,17.954164,54.034308,2.500000,10.000000,0.333333,-15.663834,77.465814,1.652094,C,100,40,-14.862690,76.867342,-14.073231,77.961477,1.348154,0.021771
74.000000,7.600000,7.500000,-15.682563,77.476913,40.984330,1.363643,17.143195,54.619319,2.533333,10.000000,0.333333,-17.269587,76.920332,1.681793,C,100,40,-16.448943,76.348893,-15.696272,77.469814,1.363733,0.015438
75.000000,7.700000,7.600000,-17.256122,76.927884,40.997285,1.368036,16.313180,55.176977,2.566667,10.000000,0.333333,-18.836977,76.322080,1.692956,C,100,40,-17.997744,75.778307,-17.282729,76.924131,1.368039,0.026871
76.000000,7.800000,7.700000,-18.810509,76.326717,41.015172,1.340046,15.465041,55.706663,2.600000,10.000000,0.333333,-20.371194,75.701770,1.681160,C,100,40,-19.514305,75.186268,-18.836768,76.355296,1.340132,0.038811
77.000000,7.900000,7.800000,-20.343998,75.674082,40.986495,1.340012,14.599720,56.207788,2.633333,10.000000,0.333333,-21.857919,74.983542,1.663972,C,100,40,-20.984327,74.496885,-20.346604,75.687016,1.340080,0.013194
78.000000,8.000000,7.900000,-21.854884,74.970702,40.994803,1.370796,13.718179,56.679797,2.666667,10.000000,0.333333,-23.366416,74.206513,1.693728,C,100,40,-22.477090,73.749241,-21.880158,74.960693,1.370805,0.027184
79.000000,8.100000,8.000000,-23.341489,74.217359,40.967890,1.334802,12.821396,57.122164,2.700000,10.000000,0.333333,-24.786999,73.424259,1.648790,C,100,40,-23.882927,72.996879,-23.326022,74.226217,1.335188,0.017823
80.000000,8.200000,8.100000,-24.802162,73.414891,41.002287,1.347417,11.910369,57.534399,2.733333,10.000000,0.333333,-26.257016,72.576134,1.679319,C,100,40,-25.339202,72.179122,-24.823488,73.427555,1.347419,0.024803
81.000000,8.300000,8.200000,-26.235279,72.564188,40.952280,1.326183,10.986110,57.916042,2.766667,10.000000,0.333333,-27.607062,71.678857,1.632666,C,100,40,-26.676527,71.312653,-26.202688,72.575769,1.327042,0.034587
82.000000,8.400000,8.300000,-27.639249,71.666196,40.973935,1.358320,10.049645,58.266670,2.800000,10.000000,0.333333,-29.011934,70.712613,1.671402,C,100,40,-28.069712,70.377625,-27.638982,71.656883,1.358570,0.009317
83.000000,8.500000,8.400000,-29.012511,70.721913,41.005497,1.313634,9.102014,58.585894,2.833333,10.000000,0.333333,-30.369170,69.775267,1.654285,C,100,40,-29.416306,69.471867,-29.026703,70.765290,1.313646,0.045640
84.000000,8.600000,8.500000,-30.353541,69.732387,40.999346,1.339333,8.144271,58.873359,2.866667,10.000000,0.333333,-31.678953,68.714650,1.671079,C,100,40,-30.716507,68.443174,-30.371106,69.748913,1.339333,0.024117
85.000000,8.700000,8.600000,-31.660847,68.698718,40.958927,1.364675,7.177480,59.128745,2.900000,10.000000,0.333333,-32.918423,67.603098,1.667897,C,100,40,-31.947464,67.363849,-31.646932,68.679287,1.365293,0.023900
86.000000,8.800000,8.700000,-32.932977,67.622055,40.975995,1.345967,6.202714,59.351769,2.933333,10.000000,0.333333,-34.166172,66.506965,1.662587,C,100,40,-33.187780,66.300208,-32.930519,67.625347,1.346181,0.004109
87.000000,8.900000,8.800000,-34.168519,66.503593,40.968883,1.367607,5.221058,59.542183,2.966667,10.000000,0.333333,-35.360629,65.325476,1.676033,C,100,40,-34.375889,65.151440,-34.163688,66.484322,1.367961,0.019868
88.000000,9.000000,8.900000,-35.366100,65.344575,41.005249,1.323406,4.233600,59.699775,3.000000,10.000000,0.333333,-36.548047,64.176274,1.661905,C,100,40,-35.558055,64.035154,-35.388747,65.375331,1.323417,0.038195
89.000000,9.100000,9.000000,-36.524388,64.146289,40.951465,1.363265,3.241439,59.824370,3.033333,10.000000,0.333333,-37.617580,62.893809,1.662461,C,100,40,-36.623435,62.785761,-36.500426,64.129224,1.364129,0.029418
90.000000,9.200000,9.100000,-37.642097,62.910067,40.985321,1.376317,2.245677,59.915831,3.066667,10.000000,0.333333,-38.727679,61.611368,1.692663,C,100,40,-37.730485,61.536512,-37.652649,62.884492,1.376396,0.027666
91.000000,9.300000,9.200000,-38.717986,61.637281,40.965874,1.341307,1.247420,59.974055,3.100000,10.000000,0.333333,-39.738797,60.337296,1.652881,C,100,40,-38.739662,60.295715,-38.705666,61.644824,1.341741,0.014446
92.000000,9.400000,9.300000,-39.750859,60.329346,40.970919,1.346015,0.247777,59.998977,3.133333,10.000000,0.333333,-40.732862,58.991396,1.659650,C,100,40,-39.732896,58.983137,-39.744034,60.332802,1.346329,0.007650
93.000000,9.500000,9.400000,-40.739568,58.987714,40.984762,1.353154,-0.752142,59.990570,3.166667,10.000000,0.333333,-41.690095,57.610296,1.673554,C,100,40,-40.690409,57.635368,-40.746763,58.984371,1.353240,0.007934
94.000000,9.600000,9.500000,-41.683015,57.613878,41.013272,1.335420,-1.751224,59.948843,3.200000,10.000000,0.333333,-42.616605,56.221586,1.676325,C,100,40,-41.618310,56.279960,-41.719040,57.627310,1.335486,0.038448
95.000000,9.700000,9.600000,-42.580152,56.209361,40.969826,1.336009,-2.748361,59.873843,3.233333,10.000000,0.333333,-43.423506,54.790123,1.650904,C,100,40,-42.427711,54.881735,-42.573199,56.223534,1.336350,0.015786
96.000000,9.800000,9.700000,-43.429983,54.775726,40.966182,1.354768,-3.742445,59.765653,3.266667,10.000000,0.333333,-44.219612,53.311012,1.664003,C,100,40,-43.227424,53.435760,-43.418158,54.771776,1.355190,0.012466
97.000000,9.900000,9.800000,-44.231562,53.314565,41.004921,1.381836,-4.732371,59.624393,3.300000,10.000000,0.333333,-45.005922,51.791508,1.708607,C,100,40,-44.018442,51.949254,-44.254672,53.279322,1.381845,0.042145
98.000000,10.000000,9.900000,-44.983999,51.827502,40.960366,1.343730,-5.717039,59.450220,3.333333,10.000000,0.333333,-45.670694,50.325382,1.651640,C,100,40,-44.689020,50.515950,-44.967936,51.836165,1.344314,0.018250
99.000000,10.100000,10.000000,-45.686459,50.316187,40.961951,1.336232,-6.695355,59.243328,3.366667,10.000000,0.333333,-46.325929,48.798972,1.646471,C,100,40,-45.351152,49.022150,-45.673679,50.332440,1.336773,0.020676
0.000000,0.200000,0.050000,11.976305,0.732815,11.503720,0.545193,1.998519,0.066642,0.066667,10.000000,0.333333,13.440365,1.376970,1.599502,C,150,10,11.943697,1.277044,11.993013,0.741003,0.545205,0.018606
1.000000,0.300000,0.150000,12.945044,1.148209,11.491493,0.545282,2.995002,0.149875,0.100000,10.000000,0.333333,14.374648,1.839668,1.588044,C,150,10,12.882142,1.689918,12.949254,1.156428,0.545348,0.009234
2.000000,0.400000,0.250000,13.899401,1.595658,11.507861,0.539226,3.988159,0.266272,0.133333,10.000000,0.333333,15.322195,2.330551,1.601377,C,150,10,13.835508,2.131143,13.920150,1.599340,0.539283,0.021073
3.000000,0.500000,0.350000,14.838316,2.074664,11.493466,0.551287,4.976884,0.415703,0.166667,10.000000,0.333333,16.219631,2.866073,1.591967,C,150,10,14.740416,2.617229,14.843230,2.089340,0.551326,0.015476
4.000000,0.600000,0.450000,15.760746,2.584696,11.491023,0.539672,5.960080,0.598003,0.200000,10.000000,0.333333,17.114831,3.409831,1.585684,C,150,10,15.644731,3.111827,15.764487,2.587676,0.539746,0.004783
5.000000,0.700000,0.550000,16.665665,3.125186,11.477429,0.524114,6.936654,0.812968,0.233333,10.000000,0.333333,17.981870,3.976711,1.567639,C,150,10,16.522519,3.629878,16.658775,3.110515,0.524600,0.016209
6.000000,0.800000,0.650000,17.552068,3.695535,11.520495,0.518731,7.905522,1.060361,0.266667,10.000000,0.333333,18.882126,4.596608,1.606545,C,150,10,17.435144,4.201332,17.588888,3.684643,0.519136,0.038397
7.000000,0.900000,0.750000,18.418971,4.295107,11.471959,0.486928,8.865606,1.339905,0.300000,10.000000,0.333333,19.681290,5.195281,1.550407,C,150,10,18.248285,4.752001,18.416974,4.242626,0.487735,0.052519
8.000000,1.000000,0.850000,19.265410,4.923239,11.459015,0.507743,9.815841,1.651292,0.333333,10.000000,0.333333,20.477985,5.880416,1.544839,C,150,10,19.060550,5.389624,19.246916,4.887086,0.509395,0.040608
9.000000,1.100000,0.950000,20.090446,5.579230,11.490384,0.509633,10.755170,1.994174,0.366667,10.000000,0.333333,21.299054,6.589297,1.575110,C,150,10,19.898763,6.051539,20.102389,5.554046,0.509723,0.027873
10.000000,1.200000,1.050000,20.893160,6.262354,11.489064,0.568737,11.682550,2.368170,0.400000,10.000000,0.333333,22.043202,7.366064,1.593980,C,150,10,20.661611,6.781936,20.884429,6.292650,0.568842,0.031529
11.000000,1.300000,1.150000,21.672662,6.971850,11.482665,0.524024,12.596951,2.772866,0.433333,10.000000,0.333333,22.798249,8.070007,1.572544,C,150,10,21.436892,7.440160,21.673714,6.957977,0.524311,0.013913
12.000000,1.400000,1.250000,22.428086,7.706930,11.453543,0.556125,13.497356,3.207811,0.466667,10.000000,0.333333,23.475999,8.857557,1.556298,C,150,10,22.136389,8.182689,22.389978,7.710668,0.558062,0.038291
13.000000,1.500000,1.350000,23.158592,8.466779,11.510153,0.551065,14.382766,3.672523,0.500000,10.000000,0.333333,24.219681,9.674389,1.607555,C,150,10,22.903307,8.955251,23.173556,8.489311,0.551158,0.027049
14.000000,1.600000,1.450000,23.863368,9.250550,11.480854,0.545928,15.252197,4.166485,0.533333,10.000000,0.333333,24.861004,10.473535,1.578280,C,150,10,23.569328,9.710925,23.854017,9.255406,0.546264,0.010536
15.000000,1.700000,1.550000,24.541632,10.057375,11.478053,0.555985,16.104682,4.689148,0.566667,10.000000,0.333333,25.490193,11.319909,1.579164,C,150,10,24.224650,10.514675,24.524722,10.069276,0.556418,0.020678
16.000000,1.800000,1.650000,25.192630,10.886356,11.478087,0.528183,16.939274,5.239932,0.600000,10.000000,0.333333,26.114314,12.156876,1.569624,C,150,10,24.876310,11.309912,25.189893,10.874003,0.528638,0.012653
17.000000,1.900000,1.750000,25.815639,11.736573,11.482502,0.534073,17.755047,5.818224,0.633333,10.000000,0.333333,26.694541,13.044464,1.575769,C,150,10,25.485452,12.156712,25.813756,11.731483,0.534360,0.005427
18.000000,2.000000,1.850000,26.409967,12.607080,11.454064,0.553361,18.551094,6.423382,0.666667,10.000000,0.333333,27.210516,13.941109,1.555799,C,150,10,26.031685,13.013554,26.373899,12.601220,0.555264,0.036540
19.000000,2.100000,1.950000,26.974952,13.496911,11.482971,0.534694,19.326531,7.054734,0.700000,10.000000,0.333333,27.764732,14.861223,1.576420,C,150,10,26.617469,13.894897,26.973410,13.492485,0.534965,0.004688
20.000000,2.200000,2.050000,27.509969,14.405077,11.471920,0.546944,20.080495,7.711579,0.733333,10.000000,0.333333,28.237431,15.796658,1.570254,C,150,10,27.123010,14.792633,27.492271,14.403125,0.547664,0.017806
21.000000,2.300000,2.150000,28.014421,15.330570,11.481383,0.551241,20.812150,8.393186,0.766667,10.000000,0.333333,28.698937,16.755281,1.580621,C,150,10,27.618596,15.714673,28.001110,15.337484,0.551556,0.015000
22.000000,2.400000,2.250000,28.487750,16.272360,11.512128,0.542638,21.520683,9.098799,0.800000,10.000000,0.333333,29.151995,17.735154,1.606545,C,150,10,28.106935,16.659119,28.502576,16.293489,0.542774,0.025812
23.000000,2.500000,2.350000,28.929428,17.229401,11.531201,0.507946,22.205306,9.827633,0.833333,10.000000,0.333333,29.583056,18.704310,1.613253,C,150,10,28.574438,17.594045,28.981536,17.239890,0.508904,0.053153
24.000000,2.600000,2.450000,29.338965,18.200631,11.502591,0.540789,22.865258,10.578878,0.866667,10.000000,0.333333,29.899523,19.695960,1.596945,C,150,10,28.928467,18.552697,29.347169,18.214484,0.540795,0.016100
25.000000,2.700000,2.550000,29.715907,19.184970,11.461710,0.532414,23.499807,11.351701,0.900000,10.000000,0.333333,30.207466,20.660921,1.555654,C,150,10,29.275051,19.485930,29.702955,19.162848,0.533789,0.025635
26.000000,2.800000,2.650000,30.059834,20.181325,11.468016,0.517250,24.108248,12.145242,0.933333,10.000000,0.333333,30.517870,21.668881,1.556477,C,150,10,29.625132,20.463468,30.063348,20.154034,0.518238,0.027516
27.000000,2.900000,2.750000,30.370364,21.188588,11.498272,0.530716,24.689904,12.958620,0.966667,10.000000,0.333333,30.784674,22.723132,1.589490,C,150,10,29.932605,21.488637,30.382509,21.193634,0.530719,0.013152
28.000000,3.000000,2.850000,30.647153,22.205641,11.499793,0.494350,25.244130,13.790931,1.000000,10.000000,0.333333,31.041513,23.734771,1.579164,C,150,10,30.231060,22.472565,30.689588,22.191172,0.494350,0.044835
29.000000,3.100000,2.950000,30.889892,23.231353,11.465123,0.518258,25.770309,14.641250,1.033333,10.000000,0.333333,31.194785,24.755235,1.554083,C,150,10,30.426847,23.466719,30.893671,23.202700,0.519430,0.028901
30.000000,3.200000,3.050000,31.098312,24.264585,11.522249,0.546931,26.267857,15.508633,1.066667,10.000000,0.333333,31.354738,25.861652,1.617521,C,150,10,30.630169,24.548259,31.108721,24.299740,0.547383,0.036663
31.000000,3.300000,3.150000,31.272182,25.304190,11.486601,0.548840,26.736221,16.392116,1.100000,10.000000,0.333333,31.457368,26.878012,1.584679,C,150,10,30.776974,25.541200,31.262020,25.309700,0.549004,0.011560
32.000000,3.400000,3.250000,31.411308,26.349012,11.492761,0.539478,27.174881,17.290718,1.133333,10.000000,0.333333,31.555030,27.929744,1.587253,C,150,10,30.919566,26.571000,31.412125,26.355237,0.539527,0.006279
33.000000,3.500000,3.350000,31.515536,27.397889,11.523889,0.533399,27.583349,18.203440,1.166667,10.000000,0.333333,31.624327,29.008764,1.614544,C,150,10,31.034499,27.629597,31.535264,27.429445,0.533933,0.037215
34.000000,3.600000,3.450000,31.584750,28.449658,11.480353,0.551060,27.961173,19.129267,1.200000,10.000000,0.333333,31.607558,30.029086,1.579593,C,150,10,31.064022,28.631028,31.569511,28.449330,0.551410,0.015243
35.000000,3.700000,3.550000,31.618873,29.503149,11.512021,0.542174,28.307931,20.067173,1.233333,10.000000,0.333333,31.607901,31.109400,1.606288,C,150,10,31.111259,29.694003,31.623846,29.528277,0.542307,0.025615
36.000000,3.800000,3.650000,31.617867,30.557193,11.464967,0.540277,28.623238,21.016113,1.266667,10.000000,0.333333,31.541088,32.116723,1.561419,C,150,10,31.091894,30.685561,31.607462,30.537680,0.541411,0.022114
37.000000,3.900000,3.750000,31.581734,31.610617,11.490614,0.543146,28.906746,21.975035,1.300000,10.000000,0.333333,31.457119,33.192201,1.586486,C,150,10,31.055870,31.746864,31.577349,31.616011,0.543227,0.006951
38.000000,4.000000,3.850000,31.510513,32.662252,11.494056,0.515152,29.158137,22.942873,1.333333,10.000000,0.333333,31.361275,34.235565,1.580375,C,150,10,31.008419,32.777658,31.533772,32.662861,0.515186,0.023267
39.000000,4.100000,3.950000,31.404283,33.710929,11.517095,0.550534,29.377134,23.918551,1.366667,10.000000,0.333333,31.172717,35.308128,1.613898,C,150,10,30.868645,33.839271,31.399055,33.743507,0.550800,0.032995
40.000000,4.200000,4.050000,31.263163,34.755483,11.446409,0.561548,29.563492,24.900986,1.400000,10.000000,0.333333,30.955628,36.276291,1.551591,C,150,10,30.700677,34.798117,31.230625,34.721311,0.564099,0.047185
41.000000,4.300000,4.150000,31.087310,35.794754,11.495468,0.540788,29.717005,25.889085,1.433333,10.000000,0.333333,30.756547,37.350220,1.590244,C,150,10,30.551002,35.864369,31.085468,35.803847,0.540807,0.009278
42.000000,4.400000,4.250000,30.876918,36.827587,11.456449,0.524675,29.837502,26.881753,1.466667,10.000000,0.333333,30.506470,38.330682,1.548072,C,150,10,30.350558,36.838807,30.884706,36.795583,0.526479,0.032938
43.000000,4.500000,4.350000,30.632222,37.852834,11.488893,0.548373,29.924850,27.877884,1.500000,10.000000,0.333333,30.190542,39.376787,1.586668,C,150,10,30.084437,37.880545,30.621456,37.856170,0.548486,0.011271
44.000000,4.600000,4.450000,30.353493,38.869357,11.490355,0.548842,29.978950,28.876373,1.533333,10.000000,0.333333,29.860856,40.379223,1.588202,C,150,10,29.804674,38.880275,30.342282,38.873831,0.548927,0.012070
45.000000,4.700000,4.550000,30.041041,39.876025,11.506285,0.546500,29.999744,29.876111,1.566667,10.000000,0.333333,29.500766,41.384554,1.602360,C,150,10,29.494571,39.884567,30.032888,39.895903,0.546536,0.021485
46.000000,4.800000,4.650000,29.695213,40.871722,11.499499,0.511700,29.987208,30.875986,1.600000,10.000000,0.333333,29.139946,42.355640,1.584403,C,150,10,29.183745,40.856280,29.721053,40.883808,0.511700,0.028528
47.000000,4.900000,4.750000,29.316393,41.855340,11.475063,0.531364,29.941356,31.874888,1.633333,10.000000,0.333333,28.693882,43.294311,1.567852,C,150,10,28.787627,41.797243,29.322461,41.843600,0.531949,0.013215
48.000000,5.000000,4.850000,28.905003,42.825786,11.502472,0.553839,29.862239,32.871706,1.666667,10.000000,0.333333,28.209886,44.268343,1.601299,C,150,10,28.353471,42.775231,28.887751,42.840605,0.553844,0.022743
49.000000,5.100000,4.950000,28.461499,43.781983,11.474253,0.540784,29.749944,33.865335,1.700000,10.000000,0.333333,27.735274,45.174271,1.570309,C,150,10,27.928540,43.686774,28.459009,43.769121,0.541397,0.013101
50.000000,5.200000,5.050000,27.986375,44.722868,11.461031,0.534309,29.604597,34.854669,1.733333,10.000000,0.333333,27.222680,46.078179,1.555666,C,150,10,27.465413,44.597949,27.992233,44.697519,0.535729,0.026017
51.000000,5.300000,5.150000,27.480157,45.647396,11.495716,0.541570,29.426360,35.838609,1.766667,10.000000,0.333333,26.657845,47.009111,1.590743,C,150,10,26.949776,45.537793,27.474631,45.655517,0.541587,0.009823
52.000000,5.400000,5.250000,26.943408,46.554539,11.487145,0.533850,29.215429,36.816063,1.800000,10.000000,0.333333,26.085637,47.881500,1.580062,C,150,10,26.426440,46.420728,26.946739,46.555414,0.534005,0.003444
53.000000,5.500000,5.350000,26.376725,47.443290,11.481952,0.523161,28.972040,37.785944,1.833333,10.000000,0.333333,25.486877,48.738686,1.571585,C,150,10,25.876174,47.290084,26.391569,47.441454,0.523472,0.014957
54.000000,5.600000,5.450000,25.780737,48.312662,11.461690,0.535447,28.696462,38.747174,1.866667,10.000000,0.333333,24.842368,49.554718,1.556676,C,150,10,25.279727,48.119895,25.788650,48.288679,0.536815,0.025255
55.000000,5.700000,5.550000,25.156107,49.161688,11.463568,0.526760,28.389003,39.698687,1.900000,10.000000,0.333333,24.184478,50.376366,1.555476,C,150,10,24.669412,48.956916,25.172647,49.142181,0.528018,0.025576
56.000000,5.800000,5.650000,24.503528,49.989425,11.466389,0.552788,28.050003,40.639424,1.933333,10.000000,0.333333,23.466620,51.164454,1.567122,C,150,10,23.998592,49.761954,24.495075,49.965162,0.553809,0.025694
57.000000,5.900000,5.750000,23.823725,50.794954,11.543114,0.510075,27.679839,41.568341,1.966667,10.000000,0.333333,22.758057,52.022035,1.625232,C,150,10,23.336474,50.638043,23.830258,50.857085,0.511893,0.062473
58.000000,6.000000,5.850000,23.117454,51.577379,11.483009,0.557069,27.278923,42.484405,2.000000,10.000000,0.333333,21.993763,52.694053,1.584185,C,150,10,22.617983,51.330107,23.100507,51.566461,0.557328,0.020160
59.000000,6.100000,5.950000,22.385500,52.335832,11.520441,0.522757,26.847699,43.386599,2.033333,10.000000,0.333333,21.239221,53.463245,1.607798,C,150,10,21.908551,52.120860,22.385351,52.372404,0.523157,0.036572
60.000000,6.200000,6.050000,21.628675,53.069470,11.478234,0.568056,26.386648,44.273920,2.066667,10.000000,0.333333,20.425698,54.099378,1.583623,C,150,10,21.139394,52.780045,21.604638,53.048400,0.568473,0.031964
61.000000,6.300000,6.150000,20.847820,53.777477,11.511433,0.541691,25.896281,45.145383,2.100000,10.000000,0.333333,19.617187,54.808689,1.605571,C,150,10,20.374456,53.513875,20.832588,53.797234,0.541811,0.024947
62.000000,6.400000,6.250000,20.043803,54.459067,11.481353,0.573210,25.377143,46.000019,2.133333,10.000000,0.333333,18.768866,55.406438,1.588388,C,150,10,19.568867,54.137581,20.015202,54.436634,0.573514,0.036349
63.000000,6.500000,6.350000,19.217517,55.113483,11.467270,0.532655,24.829811,46.836879,2.166667,10.000000,0.333333,17.953185,56.028942,1.560962,C,150,10,18.795029,54.787452,19.231654,55.099127,0.533660,0.020147
64.000000,6.600000,6.450000,18.369881,55.739998,11.476067,0.548364,24.254892,47.655034,2.200000,10.000000,0.333333,17.057863,56.610680,1.574636,C,150,10,17.940615,55.397935,18.366525,55.724885,0.548886,0.015480
65.000000,6.700000,6.550000,17.501835,56.337915,11.454787,0.518842,23.653026,48.453573,2.233333,10.000000,0.333333,16.197896,57.165769,1.544539,C,150,10,17.120574,55.983118,17.535375,56.322262,0.520808,0.037013
66.000000,6.800000,6.650000,16.614345,56.906571,11.464813,0.530986,23.024882,49.231610,2.266667,10.000000,0.333333,15.267791,57.690418,1.558083,C,150,10,16.229372,56.539174,16.632655,56.892741,0.532151,0.022946
67.000000,6.900000,6.750000,15.708396,57.445333,11.504690,0.547134,22.371156,49.988281,2.300000,10.000000,0.333333,14.297857,58.202846,1.601077,C,150,10,15.297271,57.084288,15.689543,57.453005,0.547154,0.020354
68.000000,7.000000,6.850000,14.784995,57.953603,11.444865,0.501493,21.692576,50.722744,2.333333,10.000000,0.333333,13.424320,58.651954,1.529421,C,150,10,14.460457,57.567325,14.839544,57.945210,0.504515,0.055191
69.000000,7.100000,6.950000,13.845168,58.430817,11.494635,0.502814,20.989896,51.434185,2.366667,10.000000,0.333333,12.425492,59.117311,1.576945,C,150,10,13.497201,58.067816,13.865222,58.459906,0.502842,0.035332
70.000000,7.200000,7.050000,12.889958,58.876443,11.510724,0.500247,20.263895,52.121811,2.400000,10.000000,0.333333,11.438062,59.528003,1.591394,C,150,10,12.544152,58.514808,12.899552,58.919436,0.500362,0.044050
71.000000,7.300000,7.150000,11.920428,59.289988,11.463928,0.540993,19.515382,52.784861,2.433333,10.000000,0.333333,10.456659,59.831410,1.560692,C,150,10,11.595902,58.855641,11.934540,59.271513,0.542194,0.023248
72.000000,7.400000,7.250000,10.937654,59.670991,11.498376,0.540132,18.745186,53.422596,2.466667,10.000000,0.333333,9.430297,60.185526,1.592756,C,150,10,10.601427,59.248267,10.927159,59.676484,0.540134,0.011845
73.000000,7.500000,7.350000,9.942728,60.019030,11.494153,0.582460,17.954164,54.034308,2.500000,10.000000,0.333333,8.397111,60.446605,1.603669,C,150,10,9.598827,59.548897,9.908313,59.988874,0.582489,0.045758
74.000000,7.600000,7.450000,8.936756,60.333717,11.459451,0.556085,17.143195,54.619319,2.533333,10.000000,0.333333,7.421297,60.711358,1.561803,C,150,10,8.652263,59.854198,8.946950,60.302066,0.557561,0.033252
75.000000,7.700000,7.550000,7.920855,60.614703,11.492119,0.559012,16.313180,55.176977,2.566667,10.000000,0.333333,6.364644,60.956936,1.593397,C,150,10,7.623493,60.141277,7.903892,60.600148,0.559068,0.022352
76.000000,7.800000,7.650000,6.896154,60.861676,11.487250,0.554980,15.465041,55.706663,2.600000,10.000000,0.333333,5.335653,61.152799,1.587424,C,150,10,6.620986,60.379547,6.885976,60.847195,0.555127,0.017700
77.000000,7.900000,7.750000,5.863791,61.074362,11.506562,0.544794,14.599720,56.207788,2.633333,10.000000,0.333333,4.282541,61.331613,1.602039,C,150,10,5.592930,60.601627,5.843116,61.078419,0.544834,0.021069
78.000000,8.000000,7.850000,4.824913,61.252523,11.465387,0.545216,13.718179,56.679797,2.666667,10.000000,0.333333,3.272393,61.437729,1.563528,C,150,10,4.606383,60.751820,4.839535,61.234889,0.546314,0.022908
79.000000,8.100000,7.950000,3.780675,61.395963,11.479665,0.535322,12.821396,57.122164,2.700000,10.000000,0.333333,2.214165,61.544372,1.573525,C,150,10,3.570273,60.903303,3.787959,61.394288,0.535708,0.007474
80.000000,8.200000,8.050000,2.732236,61.504522,11.516293,0.548594,11.910369,57.534399,2.733333,10.000000,0.333333,1.122764,61.603002,1.612482,C,150,10,2.499484,61.007483,2.700853,61.507391,0.548836,0.031514
81.000000,8.300000,8.150000,1.680762,61.578078,11.483220,0.542696,10.986110,57.916042,2.766667,10.000000,0.333333,0.101837,61.616241,1.579386,C,150,10,1.497640,61.066936,1.681864,61.571640,0.542956,0.006532
82.000000,8.400000,8.250000,0.627421,61.616552,11.477116,0.559807,10.049645,58.266670,2.800000,10.000000,0.333333,-0.951880,61.583906,1.579638,C,150,10,0.461454,61.081424,0.627847,61.592008,0.560274,0.024547
83.000000,8.500000,8.350000,-0.426617,61.619899,11.483061,0.577798,9.102014,58.585894,2.833333,10.000000,0.333333,-2.015076,61.519298,1.591641,C,150,10,-0.585781,61.064197,-0.437249,61.580619,0.578046,0.040694
84.000000,8.600000,8.450000,-1.480182,61.588116,11.489904,0.553281,8.144271,58.873359,2.866667,10.000000,0.333333,-3.064335,61.460086,1.589318,C,150,10,-1.620667,61.052872,-1.488156,61.573922,0.553373,0.016281
85.000000,8.700000,8.550000,-2.532102,61.521238,11.484976,0.521619,7.177480,59.128745,2.900000,10.000000,0.333333,-4.098748,61.370047,1.573925,C,150,10,-2.642311,61.011173,-2.525777,61.535695,0.521836,0.015780
86.000000,8.800000,8.650000,-3.581209,61.419340,11.464414,0.570018,6.202714,59.351769,2.933333,10.000000,0.333333,-5.131835,61.164418,1.571442,C,150,10,-3.664247,60.854282,-3.567850,61.381955,0.571127,0.039700
87.000000,8.900000,8.750000,-4.626337,61.282535,11.487039,0.542882,5.221058,59.542183,2.966667,10.000000,0.333333,-6.185163,61.006735,1.583037,C,150,10,-4.708054,60.745682,-4.627743,61.277114,0.543037,0.005601
88.000000,9.000000,8.850000,-5.666325,61.110975,11.496320,0.538667,4.233600,59.699775,3.000000,10.000000,0.333333,-7.223687,60.788860,1.590325,C,150,10,-5.738698,60.577180,-5.675857,61.111416,0.538679,0.009543
89.000000,9.100000,8.950000,-6.700018,60.904850,11.472488,0.555619,3.241439,59.824370,3.033333,10.000000,0.333333,-8.223919,60.511583,1.573828,C,150,10,-6.732700,60.349511,-6.688698,60.884476,0.556300,0.023308
90.000000,9.200000,9.050000,-7.726267,60.664390,11.467561,0.526157,2.245677,59.915831,3.066667,10.000000,0.333333,-9.229096,60.249564,1.559031,C,150,10,-7.733305,60.137281,-7.705714,60.673023,0.527156,0.022292
91.000000,9.300000,9.150000,-8.743932,60.389861,11.470395,0.531734,1.247420,59.974055,3.100000,10.000000,0.333333,-10.235165,59.919727,1.563586,C,150,10,-8.736462,59.857356,-8.727010,60.393881,0.532557,0.017392
92.000000,9.400000,9.250000,-9.751882,60.081569,11.483441,0.515444,0.247777,59.998977,3.133333,10.000000,0.333333,-11.239529,59.578395,1.570439,C,150,10,-9.739581,59.566006,-9.747179,60.103172,0.515710,0.022109
93.000000,9.500000,9.350000,-10.748998,59.739856,11.469531,0.549750,-0.752142,59.990570,3.166667,10.000000,0.333333,-12.204285,59.153435,1.568996,C,150,10,-10.704756,59.191042,-10.731968,59.726961,0.550594,0.021361
94.000000,9.600000,9.450000,-11.734172,59.365102,11.483248,0.546179,-1.751224,59.948843,3.200000,10.000000,0.333333,-13.183008,58.733271,1.580612,C,150,10,-11.685565,58.820832,-11.730467,59.356237,0.546436,0.009607
95.000000,9.700000,9.550000,-12.706309,58.957723,11.483666,0.566604,-2.748361,59.873843,3.233333,10.000000,0.333333,-14.131828,58.257579,1.588177,C,150,10,-12.638136,58.394998,-12.701877,58.928562,0.566840,0.029496
96.000000,9.800000,9.650000,-13.664329,58.518171,11.490680,0.523729,-3.742445,59.765653,3.266667,10.000000,0.333333,-15.078030,57.812574,1.580006,C,150,10,-13.589748,57.999696,-13.669138,58.531403,0.523812,0.014078
97.000000,9.900000,9.750000,-14.607169,58.046936,11.502810,0.522837,-4.732371,59.624393,3.300000,10.000000,0.333333,-16.008688,57.293583,1.591162,C,150,10,-14.527468,57.530202,-14.624570,58.059574,0.522845,0.021507
98.000000,10.000000,9.850000,-15.533779,57.544541,11.479366,0.518011,-5.717039,59.450220,3.333333,10.000000,0.333333,-16.887318,56.754103,1.567438,C,150,10,-15.414807,57.039954,-15.529066,57.564681,0.518422,0.020685
99.000000,10.100000,9.950000,-16.443131,57.011543,11.476412,0.564324,-6.695355,59.243328,3.366667,10.000000,0.333333,-17.756359,56.131949,1.580586,C,150,10,-16.294193,56.466716,-16.428115,56.986739,0.564817,0.028995
0.000000,0.200000,0.050000,21.954091,1.398988,21.503465,1.046965,1.998519,0.066642,0.066667,10.000000,0.333333,23.384471,2.543784,1.832087,C,150,20,21.887803,2.443858,21.983007,1.409361,1.046971,0.030720
1.000000,0.300000,0.150000,22.895086,2.146543,21.499743,1.012258,2.995002,0.149875,0.100000,10.000000,0.333333,24.286279,3.303468,1.809391,C,150,20,22.793773,3.153718,22.921657,2.123024,1.012258,0.035485
2.000000,0.400000,0.250000,23.810644,2.925044,21.464036,1.048946,3.988159,0.266272,0.133333,10.000000,0.333333,25.122240,4.159307,1.801025,C,150,20,23.635554,3.959899,23.799348,2.936013,1.049563,0.015746
3.000000,0.500000,0.350000,24.699749,3.733626,21.492975,1.025570,4.976884,0.415703,0.166667,10.000000,0.333333,26.001898,4.992663,1.811289,C,150,20,24.522683,4.743819,24.719556,3.724363,1.025594,0.021867
4.000000,0.600000,0.450000,25.561411,4.571389,21.508815,1.032815,5.960080,0.598003,0.200000,10.000000,0.333333,26.834962,5.883372,1.828450,C,150,20,25.364863,5.585368,25.596097,4.572322,1.032852,0.034698
5.000000,0.700000,0.550000,26.394675,5.437404,21.485688,1.065948,6.936654,0.812968,0.233333,10.000000,0.333333,27.593633,6.817990,1.828528,C,150,20,26.134281,6.471158,26.400530,5.467855,1.066045,0.031008
6.000000,0.800000,0.650000,27.198615,6.330708,21.475425,1.020048,7.905522,1.060361,0.266667,10.000000,0.333333,28.353090,7.703502,1.793705,C,150,20,26.906108,7.308226,27.203296,6.314303,1.020344,0.017060
7.000000,0.900000,0.750000,27.972336,7.250309,21.518559,1.079017,8.865606,1.339905,0.300000,10.000000,0.333333,29.104200,8.729899,1.862874,C,150,20,27.671195,8.286618,28.004765,7.301877,1.079176,0.060917
8.000000,1.000000,0.850000,28.714980,8.195186,21.485371,1.044552,9.815841,1.651292,0.333333,10.000000,0.333333,29.776819,9.668248,1.815879,C,150,20,28.359384,9.177456,28.723442,8.205437,1.044655,0.013293
9.000000,1.100000,0.950000,29.425721,9.164287,21.500238,1.016797,10.755170,1.994174,0.366667,10.000000,0.333333,30.461707,10.651339,1.812344,C,150,20,29.061416,10.113581,29.456608,9.153069,1.016797,0.032861
10.000000,1.200000,1.050000,30.103770,10.156537,21.484046,0.995635,11.682550,2.368170,0.400000,10.000000,0.333333,31.082949,11.651492,1.787088,C,150,20,29.701357,11.067365,30.127060,10.120923,0.995762,0.042553
11.000000,1.300000,1.150000,30.748374,11.170833,21.474161,1.035953,12.596951,2.772866,0.433333,10.000000,0.333333,31.651285,12.730032,1.801763,C,150,20,30.289928,12.100185,30.748590,11.169710,1.036275,0.001144
12.000000,1.400000,1.250000,31.358815,12.206049,21.453407,1.027212,13.497356,3.207811,0.466667,10.000000,0.333333,32.194659,13.777330,1.779763,C,150,20,30.855049,13.102462,31.343628,12.188541,1.028269,0.023177
13.000000,1.500000,1.350000,31.934417,13.261034,21.488141,1.013076,14.382766,3.672523,0.500000,10.000000,0.333333,32.754689,14.863544,1.800246,C,150,20,31.438315,14.144406,31.957247,13.245409,1.013146,0.027664
14.000000,1.600000,1.450000,32.474540,14.334616,21.457941,1.050240,15.252197,4.166485,0.533333,10.000000,0.333333,33.196049,15.980223,1.796829,C,150,20,31.904373,15.217613,32.453865,14.338633,1.051082,0.021061
15.000000,1.700000,1.550000,32.978583,15.425602,21.473147,1.027690,16.104682,4.689148,0.566667,10.000000,0.333333,33.669782,17.083478,1.796193,C,150,20,32.404240,16.278244,32.982147,15.416833,1.028041,0.009466
16.000000,1.800000,1.650000,33.445987,16.532781,21.499029,1.023539,16.939274,5.239932,0.600000,10.000000,0.333333,34.105255,18.223960,1.815137,C,150,20,32.867251,17.376996,33.474075,16.534125,1.023540,0.028121
17.000000,1.900000,1.750000,33.876231,17.654922,21.476918,1.059530,17.755047,5.818224,0.633333,10.000000,0.333333,34.439647,19.383057,1.817661,C,150,20,33.230559,18.495305,33.865981,17.675061,1.059782,0.022597
18.000000,2.000000,1.850000,34.268839,18.790778,21.464604,1.064342,18.551094,6.423382,0.666667,10.000000,0.333333,34.761696,20.532898,1.810494,C,150,20,33.582865,19.605344,34.245095,18.807369,1.064931,0.028967
19.000000,2.100000,1.950000,34.623374,19.939088,21.469680,1.025996,19.326531,7.054734,0.700000,10.000000,0.333333,35.086483,21.670607,1.792380,C,150,20,33.939220,20.704280,34.626338,19.927423,1.026444,0.012036
20.000000,2.200000,2.050000,34.939443,21.098576,21.468628,1.056210,20.080495,7.711579,0.733333,10.000000,0.333333,35.323582,22.866310,1.808991,C,150,20,34.209161,21.862285,34.922901,21.109782,1.056676,0.019980
21.000000,2.300000,2.150000,35.216693,22.267953,21.477174,1.044402,20.812150,8.393186,0.766667,10.000000,0.333333,35.556052,24.044932,1.809093,C,150,20,34.475711,23.004324,35.213987,22.275312,1.044651,0.007841
22.000000,2.400000,2.250000,35.454817,23.445921,21.445108,1.016854,21.520683,9.098799,0.800000,10.000000,0.333333,35.732187,25.191026,1.767011,C,150,20,34.687127,24.114992,35.447183,23.411171,1.018334,0.035578
23.000000,2.500000,2.350000,35.653550,24.631170,21.478657,1.016123,22.205306,9.827633,0.833333,10.000000,0.333333,35.895707,26.408891,1.794139,C,150,20,34.887089,25.298626,35.671366,24.619341,1.016347,0.021385
24.000000,2.600000,2.450000,35.812673,25.822384,21.499368,1.035344,22.865258,10.578878,0.866667,10.000000,0.333333,35.994206,27.635416,1.822098,C,150,20,35.023150,26.492154,35.831043,25.839411,1.035344,0.025048
25.000000,2.700000,2.550000,35.932007,27.018239,21.520237,1.057522,23.499807,11.351701,0.900000,10.000000,0.333333,36.048616,28.866448,1.851884,C,150,20,35.116201,27.691458,35.946911,27.066185,1.057715,0.050209
26.000000,2.800000,2.650000,36.011420,28.217407,21.458879,1.019999,24.108248,12.145242,0.933333,10.000000,0.333333,36.060005,29.996836,1.780092,C,150,20,35.167267,28.791423,36.014781,28.194591,1.020827,0.023063
27.000000,2.900000,2.750000,36.050824,29.418556,21.466385,1.018364,24.689904,12.958620,0.966667,10.000000,0.333333,36.045688,31.203864,1.785316,C,150,20,35.193619,29.969369,36.060808,29.400826,1.018919,0.020348
28.000000,3.000000,2.850000,36.050176,30.620351,21.487611,1.028781,25.244130,13.790931,1.000000,10.000000,0.333333,35.988246,32.427985,1.808695,C,150,20,35.177792,31.165779,36.064618,30.626288,1.028856,0.015616
29.000000,3.100000,2.950000,36.009475,31.821456,21.523310,1.019462,25.770309,14.641250,1.033333,10.000000,0.333333,35.913618,33.651916,1.832969,C,150,20,35.145681,32.363401,36.051255,31.852420,1.019728,0.052003
30.000000,3.200000,3.050000,35.928768,33.020538,21.491078,1.014967,26.267857,15.508633,1.066667,10.000000,0.333333,35.760326,34.816394,1.803739,C,150,20,35.035758,33.503001,35.956354,33.023104,1.015007,0.027706
31.000000,3.300000,3.150000,35.808143,34.216264,21.468956,0.987820,26.736221,16.392116,1.100000,10.000000,0.333333,35.594103,35.973480,1.770204,C,150,20,34.913709,34.636669,35.848169,34.187051,0.988308,0.049553
32.000000,3.400000,3.250000,35.647736,35.407305,21.460661,1.043050,27.174881,17.290718,1.133333,10.000000,0.333333,35.321709,37.172295,1.794849,C,150,20,34.686245,35.813551,35.636031,35.397982,1.043791,0.014964
33.000000,3.500000,3.350000,35.447723,36.592339,21.479329,1.021912,27.583349,18.203440,1.166667,10.000000,0.333333,35.089830,38.354336,1.797976,C,150,20,34.500002,36.975168,35.463520,36.590134,1.022121,0.015950
34.000000,3.600000,3.450000,35.208328,37.770049,21.431516,1.058539,27.961173,19.129267,1.200000,10.000000,0.333333,34.740448,39.487848,1.780377,C,150,20,34.196912,38.089789,35.171227,37.739691,1.060752,0.047938
35.000000,3.700000,3.550000,34.929816,38.939126,21.480614,1.065225,28.307931,20.067173,1.233333,10.000000,0.333333,34.414895,40.688920,1.823985,C,150,20,33.918253,39.273524,34.906108,38.955534,1.065401,0.028831
36.000000,3.800000,3.650000,34.612496,40.098272,21.484220,1.037929,28.623238,21.016113,1.266667,10.000000,0.333333,34.066669,41.825199,1.811133,C,150,20,33.617475,40.394037,34.615108,40.107797,1.038049,0.009876
37.000000,3.900000,3.750000,34.256722,41.246199,21.449648,1.016884,28.906746,21.975035,1.300000,10.000000,0.333333,33.664674,42.915034,1.770743,C,150,20,33.263426,41.469697,34.268085,41.216361,1.018130,0.031928
38.000000,4.000000,3.850000,33.862889,42.381631,21.472477,1.046056,29.158137,22.942873,1.333333,10.000000,0.333333,33.192569,44.058858,1.806217,C,150,20,32.839713,42.600952,33.853737,42.382351,1.046418,0.009180
39.000000,4.100000,3.950000,33.431433,43.503307,21.477588,1.045204,29.377134,23.918551,1.366667,10.000000,0.333333,32.707459,45.162095,1.809895,C,150,20,32.403386,43.693239,33.424372,43.508455,1.045444,0.008739
40.000000,4.200000,4.050000,32.962835,44.609980,21.447447,1.052347,29.563492,24.900986,1.400000,10.000000,0.333333,32.171818,46.215231,1.789563,C,150,20,31.916868,44.737056,32.942036,44.587045,1.053658,0.030962
41.000000,4.300000,4.150000,32.457615,45.700422,21.450983,1.034431,29.717005,25.889085,1.433333,10.000000,0.333333,31.631771,47.279466,1.781965,C,150,20,31.426225,45.793616,32.455853,45.676942,1.035592,0.023546
42.000000,4.400000,4.250000,31.916334,46.773421,21.498859,1.022349,29.837502,26.881753,1.466667,10.000000,0.333333,31.055316,48.370425,1.814325,C,150,20,30.899404,46.878550,31.934644,46.795348,1.022349,0.028567
43.000000,4.500000,4.350000,31.339594,47.827784,21.488318,1.031701,29.924850,27.877884,1.500000,10.000000,0.333333,30.415757,49.385353,1.810938,C,150,20,30.309651,47.889111,31.346609,47.840972,1.031767,0.014939
44.000000,4.600000,4.450000,30.728035,48.862340,21.475334,1.044287,29.978950,28.876373,1.533333,10.000000,0.333333,29.739738,50.375752,1.807525,C,150,20,29.683557,48.876805,30.720934,48.863920,1.044579,0.007275
45.000000,4.700000,4.550000,30.082337,49.875940,21.483171,1.026172,29.999744,29.876111,1.566667,10.000000,0.333333,29.062299,51.363336,1.803560,C,150,20,29.056104,49.863349,30.093700,49.884128,1.026310,0.014006
46.000000,4.800000,4.650000,29.403218,50.867458,21.463170,0.981061,29.987208,30.875986,1.600000,10.000000,0.333333,28.379851,52.301357,1.761632,C,150,20,28.423650,50.801996,29.458987,50.855085,0.981752,0.057125
47.000000,4.900000,4.750000,28.691431,51.835792,21.452675,1.074796,29.941356,31.874888,1.633333,10.000000,0.333333,27.527949,53.218457,1.807057,C,150,20,27.621693,51.721389,28.653985,51.813615,1.075838,0.043520
48.000000,5.000000,4.850000,27.947768,52.779866,21.486085,1.016590,29.862239,32.871706,1.666667,10.000000,0.333333,26.793593,54.161815,1.800529,C,150,20,26.937178,52.668703,27.967695,52.792497,1.016685,0.023594
49.000000,5.100000,4.950000,27.173054,53.698631,21.474775,1.062736,29.749944,33.865335,1.700000,10.000000,0.333333,25.929160,55.024186,1.817792,C,150,20,26.122427,53.536688,27.147444,53.696994,1.063035,0.025663
50.000000,5.200000,5.050000,26.368152,54.591067,21.466941,1.056773,29.604597,34.854669,1.733333,10.000000,0.333333,25.087923,55.867664,1.807950,C,150,20,25.330657,54.387434,26.349414,54.581462,1.057290,0.021056
51.000000,5.300000,5.150000,25.533954,55.456182,21.436415,1.015487,29.426360,35.838609,1.766667,10.000000,0.333333,24.258329,56.667497,1.759120,C,150,20,24.550259,55.196179,25.560832,55.421759,1.017475,0.043674
52.000000,5.400000,5.250000,24.671387,56.293015,21.491463,1.047466,29.215429,36.816063,1.800000,10.000000,0.333333,23.312452,57.507487,1.822539,C,150,20,23.653255,56.046716,24.658118,56.307973,1.047500,0.019994
53.000000,5.500000,5.350000,23.781410,57.100637,21.496272,1.046149,28.972040,37.785944,1.833333,10.000000,0.333333,22.382779,58.274130,1.825721,C,150,20,22.772076,56.825528,23.767924,57.120122,1.046155,0.023698
54.000000,5.600000,5.450000,22.865012,57.878149,21.426695,1.035217,28.696462,38.747174,1.866667,10.000000,0.333333,21.458792,58.941012,1.762706,C,150,20,21.896151,57.506189,22.878422,57.832351,1.037809,0.047722
55.000000,5.700000,5.550000,21.923211,58.624689,21.465206,0.999733,28.389003,39.698687,1.900000,10.000000,0.333333,20.503478,59.688010,1.773780,C,150,20,20.988412,58.268560,21.961636,58.626161,1.000339,0.038453
56.000000,5.800000,5.650000,20.957053,59.339426,21.480383,1.036416,28.050003,40.639424,1.933333,10.000000,0.333333,19.462990,60.356022,1.807123,C,150,20,19.994961,58.953522,20.955835,59.345341,1.036602,0.006039
57.000000,5.900000,5.750000,19.967612,60.021567,21.485472,1.035643,27.679839,41.568341,1.966667,10.000000,0.333333,18.439249,60.992799,1.810851,C,150,20,19.017666,59.608807,19.965199,60.032487,1.035745,0.011184
58.000000,6.000000,5.850000,18.955986,60.670354,21.432915,1.036626,27.278923,42.484405,2.000000,10.000000,0.333333,17.417081,61.541911,1.768570,C,150,20,18.041302,60.177965,18.971753,60.632000,1.038795,0.041468
59.000000,6.100000,5.950000,17.923300,61.285065,21.450755,1.028548,26.847699,43.386599,2.033333,10.000000,0.333333,16.355473,62.124421,1.778370,C,150,20,17.024803,60.782036,17.940585,61.266841,1.029726,0.025117
60.000000,6.200000,6.050000,16.870701,61.865019,21.456374,1.013171,26.386648,44.273920,2.066667,10.000000,0.333333,15.286623,62.663916,1.774131,C,150,20,16.000319,61.344584,16.900034,61.859082,1.014110,0.029927
61.000000,6.300000,6.150000,15.799359,62.409570,21.524212,1.059107,25.896281,45.145383,2.100000,10.000000,0.333333,14.115635,63.190599,1.856052,C,150,20,14.872904,61.895784,15.756833,62.443631,1.059384,0.054485
62.000000,6.400000,6.250000,14.710463,62.918115,21.471615,1.015317,25.377143,46.000019,2.133333,10.000000,0.333333,13.066739,63.621458,1.787882,C,150,20,13.866740,62.352600,14.730782,62.926375,1.015714,0.021933
63.000000,6.500000,6.350000,13.605224,63.390086,21.477927,1.064682,24.829811,46.836879,2.166667,10.000000,0.333333,11.894573,64.015777,1.821487,C,150,20,12.736417,62.774286,13.579788,63.378785,1.064911,0.027833
64.000000,6.600000,6.450000,12.484870,63.824962,21.493973,1.015093,24.254892,47.655034,2.200000,10.000000,0.333333,10.784966,64.435450,1.806203,C,150,20,11.667718,63.222705,12.492543,63.853391,1.015111,0.029446
65.000000,6.700000,6.550000,11.350644,64.222257,21.469811,1.020701,23.653026,48.453573,2.233333,10.000000,0.333333,9.641780,64.753253,1.789462,C,150,20,10.564459,63.570602,11.366669,64.227932,1.021148,0.017000
66.000000,6.800000,6.650000,10.203808,64.581531,21.449231,1.005431,23.024882,49.231610,2.266667,10.000000,0.333333,8.503109,65.049275,1.763849,C,150,20,9.464689,63.898031,10.244216,64.580494,1.006712,0.040421
67.000000,6.900000,6.750000,9.045636,64.902385,21.528873,1.076255,22.371156,49.988281,2.300000,10.000000,0.333333,7.224416,65.325391,1.869699,C,150,20,8.223830,64.206833,8.980921,64.920173,1.076642,0.067115
68.000000,7.000000,6.850000,7.877414,65.184462,21.460409,1.035559,21.692576,50.722744,2.333333,10.000000,0.333333,6.119826,65.525143,1.790301,C,150,20,7.155963,64.440514,7.887695,65.174882,1.036315,0.014053
69.000000,7.100000,6.950000,6.700440,65.427449,21.443695,1.033123,20.989896,51.434185,2.366667,10.000000,0.333333,4.946120,65.699411,1.775274,C,150,20,6.017830,64.649916,6.724166,65.407593,1.034656,0.030939
70.000000,7.200000,7.050000,5.516021,65.631075,21.467415,1.032300,20.263895,52.121811,2.400000,10.000000,0.333333,3.736678,65.861048,1.794143,C,150,20,4.842768,64.847853,5.524313,65.629475,1.032814,0.008445
71.000000,7.300000,7.150000,4.325474,65.795115,21.474862,1.030799,19.515382,52.784861,2.433333,10.000000,0.333333,2.534775,65.971645,1.799380,C,150,20,3.674018,64.995875,4.329440,65.800003,1.031106,0.006295
72.000000,7.400000,7.250000,3.130122,65.919387,21.473514,1.079456,18.745186,53.422596,2.466667,10.000000,0.333333,1.305185,65.997308,1.826600,C,150,20,2.476315,65.060048,3.102669,65.887088,1.079780,0.042389
73.000000,7.500000,7.350000,1.931292,66.003751,21.499389,1.044626,17.954164,54.034308,2.500000,10.000000,0.333333,0.104887,66.064199,1.827405,C,150,20,1.306602,65.166490,1.907214,66.013886,1.044626,0.026123
74.000000,7.600000,7.450000,0.730316,66.048116,21.478001,1.025578,17.143195,54.619319,2.533333,10.000000,0.333333,-1.068652,66.051070,1.798971,C,150,20,0.162313,65.193910,0.734486,66.059426,1.025814,0.012054
75.000000,7.700000,7.550000,-0.471471,66.052430,21.462231,1.018904,16.313180,55.176977,2.566667,10.000000,0.333333,-2.252675,65.992454,1.782213,C,150,20,-0.993826,65.176795,-0.450986,66.060059,1.019604,0.021859
76.000000,7.800000,7.650000,-1.672734,66.016690,21.509969,1.078537,15.465041,55.706663,2.600000,10.000000,0.333333,-3.522597,65.870895,1.855600,C,150,20,-2.237264,65.097643,-1.725397,66.002122,1.078583,0.054641
77.000000,7.900000,7.750000,-2.872139,65.940935,21.491728,1.045345,14.599720,56.207788,2.633333,10.000000,0.333333,-4.684027,65.753690,1.821538,C,150,20,-3.373637,65.023704,-2.891233,65.943111,1.045378,0.019218
78.000000,8.000000,7.850000,-4.068353,65.825250,21.476149,1.032470,13.718179,56.679797,2.666667,10.000000,0.333333,-5.853251,65.582049,1.801391,C,150,20,-4.519261,64.896140,-4.067575,65.830121,1.032746,0.004933
79.000000,8.100000,7.950000,-5.260046,65.669762,21.487408,0.986892,12.821396,57.122164,2.700000,10.000000,0.333333,-7.026549,65.413228,1.785032,C,150,20,-5.670440,64.772158,-5.247843,65.720152,0.986973,0.051847
80.000000,8.200000,8.050000,-6.445896,65.474645,21.506855,1.071571,11.910369,57.534399,2.733333,10.000000,0.333333,-8.254335,65.089383,1.849021,C,150,20,-6.877615,64.493864,-6.490281,65.458075,1.071593,0.047377
81.000000,8.300000,8.150000,-7.624585,65.240115,21.471807,1.047702,10.986110,57.916042,2.766667,10.000000,0.333333,-9.377825,64.804173,1.806626,C,150,20,-7.982023,64.254867,-7.626621,65.229373,1.048081,0.010934
82.000000,8.400000,8.250000,-8.794802,64.966433,21.508916,1.055220,10.049645,58.266670,2.800000,10.000000,0.333333,-10.570023,64.477651,1.841281,C,150,20,-9.156690,63.975169,-8.833649,64.962844,1.055257,0.039012
83.000000,8.500000,8.350000,-9.955249,64.653903,21.485127,1.039547,9.102014,58.585894,2.833333,10.000000,0.333333,-11.685770,64.113946,1.812804,C,150,20,-10.256476,63.658845,-9.966180,64.655357,1.039653,0.011027
84.000000,8.600000,8.450000,-11.104635,64.302873,21.518948,1.010538,8.144271,58.873359,2.866667,10.000000,0.333333,-12.840876,63.742643,1.824388,C,150,20,-11.397208,63.335429,-11.138399,64.342249,1.010716,0.051870
85.000000,8.700000,8.550000,-12.241683,63.913732,21.508557,1.051407,7.177480,59.128745,2.900000,10.000000,0.333333,-13.957978,63.253781,1.838804,C,150,20,-12.501540,62.894907,-12.278537,63.909830,1.051442,0.037060
86.000000,8.800000,8.650000,-13.365132,63.486912,21.473760,1.040440,6.202714,59.351769,2.933333,10.000000,0.333333,-15.022165,62.773664,1.804018,C,150,20,-13.554577,62.463528,-13.365391,63.483501,1.040771,0.003421
87.000000,8.900000,8.750000,-14.473731,63.022888,21.478544,1.033130,5.221058,59.542183,2.966667,10.000000,0.333333,-16.109512,62.262843,1.803732,C,150,20,-14.632403,62.001790,-14.476909,63.027663,1.033352,0.005736
88.000000,9.000000,8.850000,-15.566250,62.522175,21.500115,1.046964,4.233600,59.699775,3.000000,10.000000,0.333333,-17.199100,61.697384,1.829339,C,150,20,-15.714111,61.485704,-15.593397,62.517368,1.046964,0.027569
89.000000,9.100000,8.950000,-16.641474,61.985330,21.455874,1.044576,3.241439,59.824370,3.033333,10.000000,0.333333,-18.201690,61.104173,1.791845,C,150,20,-16.710471,60.942101,-16.624382,61.975006,1.045508,0.019968
90.000000,9.200000,9.050000,-17.698210,61.412949,21.489581,1.063015,2.245677,59.915831,3.066667,10.000000,0.333333,-19.263185,60.464420,1.829987,C,150,20,-17.767393,60.352136,-17.716524,61.389105,1.063066,0.030065
91.000000,9.300000,9.150000,-18.735283,60.805668,21.478158,1.048404,1.247420,59.974055,3.100000,10.000000,0.333333,-20.255756,59.819633,1.812209,C,150,20,-18.757053,59.757262,-18.740081,60.794733,1.048631,0.011941
92.000000,9.400000,9.250000,-19.751541,60.164161,21.468306,1.021479,0.247777,59.998977,3.133333,10.000000,0.333333,-21.228234,59.154845,1.788670,C,150,20,-19.728285,59.142456,-19.744569,60.179378,1.021970,0.016738
93.000000,9.500000,9.350000,-20.745855,59.489142,21.464061,1.057808,-0.752142,59.990570,3.166667,10.000000,0.333333,-22.182935,58.394961,1.806220,C,150,20,-20.683407,58.432568,-20.736056,59.468159,1.058418,0.023158
94.000000,9.600000,9.450000,-21.717120,58.781360,21.497933,1.016721,-1.751224,59.948843,3.200000,10.000000,0.333333,-23.153149,57.678933,1.810394,C,150,20,-21.655706,57.766494,-21.740843,58.801517,1.016723,0.031130
95.000000,9.700000,9.550000,-22.664257,58.041602,21.489218,1.052870,-2.748361,59.873843,3.233333,10.000000,0.333333,-24.050756,56.856730,1.823816,C,150,20,-22.557064,56.994148,-22.678422,58.025203,1.052925,0.021670
96.000000,9.800000,9.650000,-23.586214,57.270690,21.489267,1.030682,-3.742445,59.765653,3.266667,10.000000,0.333333,-24.935272,56.062276,1.811138,C,150,20,-23.446989,56.249398,-23.601538,57.275949,1.030738,0.016202
97.000000,9.900000,9.750000,-24.481966,56.469479,21.488185,1.023555,-4.732371,59.624393,3.300000,10.000000,0.333333,-25.790058,55.223984,1.806201,C,150,20,-24.308838,55.460603,-24.497153,56.481426,1.023624,0.019323
98.000000,10.000000,9.850000,-25.350519,55.638861,21.443074,1.062080,-5.717039,59.450220,3.333333,10.000000,0.333333,-26.564748,54.321241,1.791780,C,150,20,-25.092237,54.607093,-25.315994,55.618530,1.063605,0.040067
99.000000,10.100000,9.950000,-26.190907,54.779758,21.462703,1.071535,-6.695355,59.243328,3.366667,10.000000,0.333333,-27.377574,53.408806,1.813198,C,150,20,-25.915408,53.743573,-26.173407,54.747859,1.072184,0.036384
0.000000,0.200000,0.050000,41.909663,2.731334,41.456696,2.028934,1.998519,0.066642,0.066667,10.000000,0.333333,43.227961,4.852802,2.497706,C,150,40,41.731293,4.752876,41.917101,2.723732,2.029396,0.010635
1.000000,0.300000,0.150000,42.795169,4.143212,41.475869,2.030818,2.995002,0.149875,0.100000,10.000000,0.333333,44.060921,6.311225,2.510460,C,150,40,42.568415,6.161475,42.821911,4.138701,2.030961,0.027120
2.000000,0.400000,0.250000,43.633130,5.583817,41.469041,2.049834,3.988159,0.266272,0.133333,10.000000,0.333333,44.816630,7.810749,2.521885,C,150,40,43.329943,7.611342,43.651620,5.598582,2.050068,0.023663
3.000000,0.500000,0.350000,44.422613,7.051548,41.438511,2.016882,4.976884,0.415703,0.166667,10.000000,0.333333,45.506598,9.279126,2.477323,C,150,40,44.027384,9.030282,44.414115,7.030640,2.017819,0.022569
4.000000,0.600000,0.450000,45.162743,8.544776,41.457950,2.065965,5.960080,0.598003,0.200000,10.000000,0.333333,46.181187,10.859209,2.528602,C,150,40,44.711087,10.561205,45.166832,8.575033,2.066393,0.030532
5.000000,0.700000,0.550000,45.852697,10.061840,41.441175,2.052031,6.936654,0.812968,0.233333,10.000000,0.333333,46.780343,12.391495,2.507552,C,150,40,45.320991,12.044662,45.841821,10.075458,2.052874,0.017428
6.000000,0.800000,0.650000,46.491708,11.601056,41.441044,2.039108,7.905522,1.060361,0.266667,10.000000,0.333333,47.344477,13.947831,2.496912,C,150,40,45.897495,13.552555,46.483034,11.601655,2.039960,0.008694
7.000000,0.900000,0.750000,47.079066,13.160714,41.447095,2.032816,8.865606,1.339905,0.300000,10.000000,0.333333,47.860790,15.530383,2.495280,C,150,40,46.427785,15.087102,47.077797,13.156423,2.033504,0.004474
8.000000,1.000000,0.850000,47.614119,14.739079,41.434612,2.051283,9.815841,1.651292,0.333333,10.000000,0.333333,48.298596,17.146851,2.503173,C,150,40,46.881161,16.656059,47.595846,14.748990,2.052325,0.020788
9.000000,1.100000,0.950000,48.096272,16.334400,41.439246,2.026927,10.755170,1.994174,0.366667,10.000000,0.333333,48.713183,18.742571,2.485933,C,150,40,47.312892,18.204812,48.089668,16.321995,2.027838,0.014054
10.000000,1.200000,1.050000,48.524990,17.944904,41.440251,2.035222,11.682550,2.368170,0.400000,10.000000,0.333333,49.058996,20.380328,2.493281,C,150,40,47.677404,19.796200,48.516902,17.940422,2.036099,0.009247
11.000000,1.300000,1.150000,48.899796,19.568801,41.452713,2.025557,12.596951,2.772866,0.433333,10.000000,0.333333,49.367708,22.017129,2.492640,C,150,40,48.006352,21.387281,48.907034,19.559748,2.026108,0.011590
12.000000,1.400000,1.250000,49.220275,21.204287,41.448531,2.067682,13.497356,3.207811,0.466667,10.000000,0.333333,49.583644,23.702589,2.524589,C,150,40,48.244035,23.027721,49.206938,21.232310,2.068322,0.031035
13.000000,1.500000,1.350000,49.486069,22.849545,41.447186,2.047739,14.382766,3.672523,0.500000,10.000000,0.333333,49.774355,25.340422,2.507505,C,150,40,48.457982,24.621284,49.479269,22.858565,2.048420,0.011296
14.000000,1.600000,1.450000,49.696883,24.502747,41.427025,2.093443,15.252197,4.166485,0.533333,10.000000,0.333333,49.861399,27.030955,2.533555,C,150,40,48.569723,26.268345,49.650695,24.542634,2.094714,0.061028
15.000000,1.700000,1.550000,49.852484,26.162057,41.473360,2.024873,16.104682,4.689148,0.566667,10.000000,0.333333,50.008553,28.661366,2.504177,C,150,40,48.743010,27.856132,49.879151,26.163653,2.025049,0.026715
16.000000,1.800000,1.650000,49.952699,27.825630,41.439278,2.017413,16.939274,5.239932,0.600000,10.000000,0.333333,50.001469,30.303351,2.478200,C,150,40,48.763465,29.456387,49.954141,27.803940,2.018327,0.021739
17.000000,1.900000,1.750000,49.997415,29.491620,41.437133,2.049390,17.755047,5.818224,0.633333,10.000000,0.333333,49.942929,31.994095,2.503068,C,150,40,48.733840,31.106343,49.980176,29.495497,2.050354,0.017670
18.000000,2.000000,1.850000,49.986585,31.158174,41.441130,2.014909,18.551094,6.423382,0.666667,10.000000,0.333333,49.873191,33.632816,2.477239,C,150,40,48.694360,32.705262,49.992428,31.135656,2.015769,0.023264
19.000000,2.100000,1.950000,49.920218,32.823442,41.443237,2.033172,19.326531,7.054734,0.700000,10.000000,0.333333,49.714261,35.308256,2.493335,C,150,40,48.566998,34.341929,49.917433,32.816945,2.033964,0.007069
20.000000,2.200000,2.050000,49.798390,34.485573,41.470684,2.008761,20.080495,7.711579,0.733333,10.000000,0.333333,49.546466,36.962378,2.489585,C,150,40,48.432045,35.958354,49.832520,34.477386,2.008975,0.035098
21.000000,2.300000,2.150000,49.621235,36.142720,41.451128,2.055398,20.812150,8.393186,0.766667,10.000000,0.333333,49.240469,38.629777,2.516036,C,150,40,48.160128,37.589169,49.610240,36.157994,2.055979,0.018820
22.000000,2.400000,2.250000,49.388951,37.793042,41.470378,2.038185,21.520683,9.098799,0.800000,10.000000,0.333333,48.951269,40.267844,2.513207,C,150,40,47.906209,39.191810,49.403271,37.808469,2.038400,0.021048
23.000000,2.500000,2.350000,49.101795,39.434707,41.435982,2.036279,22.205306,9.827633,0.833333,10.000000,0.333333,48.560161,41.866806,2.491681,C,150,40,47.551542,40.756541,49.092566,39.424979,2.037285,0.013409
24.000000,2.600000,2.450000,48.760087,41.065889,41.489612,2.046167,22.865258,10.578878,0.866667,10.000000,0.333333,48.164881,43.525863,2.530957,C,150,40,47.193825,42.382600,48.780698,41.101718,2.046193,0.041335
25.000000,2.700000,2.550000,48.364206,42.684777,41.449355,2.041013,23.499807,11.351701,0.900000,10.000000,0.333333,47.666359,45.088810,2.503271,C,150,40,46.733944,43.913820,48.360915,42.687628,2.041641,0.004354
26.000000,2.800000,2.650000,47.914592,44.289573,41.439996,2.010405,24.108248,12.145242,0.933333,10.000000,0.333333,47.156040,46.643275,2.472916,C,150,40,46.263302,45.437862,47.928924,44.265655,2.011300,0.027883
27.000000,2.900000,2.750000,47.411744,45.878492,41.470152,2.029102,24.689904,12.958620,0.966667,10.000000,0.333333,46.576914,48.241046,2.505714,C,150,40,45.724845,47.006550,47.430377,45.890373,2.029322,0.022099
28.000000,3.000000,2.850000,46.856222,47.449770,41.424138,2.042330,25.244130,13.790931,1.000000,10.000000,0.333333,45.907125,49.751616,2.489835,C,150,40,45.096672,48.489410,46.836923,47.432532,2.043738,0.025877
29.000000,3.100000,2.950000,46.248642,49.001662,41.453086,2.025034,25.770309,14.641250,1.033333,10.000000,0.333333,45.253036,51.286611,2.492433,C,150,40,44.485099,49.998095,46.260369,48.998299,2.025577,0.012200
30.000000,3.200000,3.050000,45.589679,50.532442,41.475990,2.108431,26.267857,15.508633,1.066667,10.000000,0.333333,44.456517,52.843280,2.573718,C,150,40,43.731949,51.529887,45.542647,50.592832,2.108567,0.076544
31.000000,3.300000,3.150000,44.880066,52.040411,41.465329,2.012735,26.736221,16.392116,1.100000,10.000000,0.333333,43.750968,54.259292,2.489637,C,150,40,43.070574,52.922480,44.908750,52.042337,2.013034,0.028749
32.000000,3.400000,3.250000,44.120590,53.523892,41.456497,2.015382,27.174881,17.290718,1.133333,10.000000,0.333333,42.912032,55.697032,2.486594,C,150,40,42.276568,54.338288,44.142720,53.520210,2.015852,0.022434
33.000000,3.500000,3.350000,43.312097,54.981239,41.436409,2.077229,27.583349,18.203440,1.166667,10.000000,0.333333,41.967022,57.118743,2.525500,C,150,40,41.377194,55.739575,43.269946,54.987374,2.078202,0.042595
34.000000,3.600000,3.450000,42.455483,56.410831,41.470851,2.048947,27.961173,19.129267,1.200000,10.000000,0.333333,41.078758,58.524174,2.522219,C,150,40,40.535221,57.126115,42.453035,56.435444,2.049155,0.024734
35.000000,3.700000,3.550000,41.551701,57.811080,41.418423,2.029509,28.307931,20.067173,1.233333,10.000000,0.333333,40.106292,59.821460,2.476052,C,150,40,39.609651,58.406064,41.546622,57.779712,2.031148,0.031777
36.000000,3.800000,3.650000,40.601754,59.180431,41.432122,2.056706,28.623238,21.016113,1.266667,10.000000,0.333333,39.068302,61.162738,2.506195,C,150,40,38.619108,59.731576,40.576965,59.171191,2.057826,0.026456
37.000000,3.900000,3.750000,39.606699,60.517363,41.471562,2.000863,28.906746,21.975035,1.300000,10.000000,0.333333,38.072392,62.470526,2.483736,C,150,40,37.671144,61.025189,39.647662,60.527120,2.001065,0.042109
38.000000,4.000000,3.850000,38.567640,61.820389,41.440282,2.039191,29.158137,22.942873,1.333333,10.000000,0.333333,36.924481,63.699948,2.496541,C,150,40,36.571625,62.242041,38.562630,61.812377,2.040066,0.009449
39.000000,4.100000,3.950000,37.485732,63.088062,41.435112,2.025863,29.377134,23.918551,1.366667,10.000000,0.333333,35.792850,64.904051,2.482673,C,150,40,35.488777,63.435195,37.492593,63.071533,2.026902,0.017896
40.000000,4.200000,4.050000,36.362178,64.318975,41.467977,2.013772,29.563492,24.900986,1.400000,10.000000,0.333333,34.627214,66.107868,2.492035,C,150,40,34.372263,64.629693,36.388580,64.332103,2.014027,0.029486
41.000000,4.300000,4.150000,35.198224,65.511759,41.472884,2.021596,29.717005,25.889085,1.433333,10.000000,0.333333,33.397528,67.247770,2.501248,C,150,40,33.191982,65.761919,35.217403,65.532039,2.021778,0.027912
42.000000,4.400000,4.250000,33.995165,66.665089,41.437714,2.061159,29.837502,26.881753,1.466667,10.000000,0.333333,32.094609,68.309255,2.513046,C,150,40,31.938697,66.817380,33.969164,66.657317,2.062100,0.027138
43.000000,4.500000,4.350000,32.754338,67.777683,41.455928,2.033912,29.924850,27.877884,1.500000,10.000000,0.333333,30.828509,69.373838,2.501305,C,150,40,30.722403,67.877595,32.757853,67.783847,2.034389,0.007096
44.000000,4.600000,4.450000,31.477120,68.848307,41.433414,2.044706,29.978950,28.876373,1.533333,10.000000,0.333333,29.487536,70.357298,2.497098,C,150,40,29.431354,68.858351,31.467708,68.833100,2.045790,0.017884
45.000000,4.700000,4.550000,30.164930,69.875769,41.471114,2.043728,29.999744,29.876111,1.566667,10.000000,0.333333,28.127295,71.355311,2.518134,C,150,40,28.121100,69.855323,30.159047,69.897849,2.043932,0.022849
46.000000,4.800000,4.650000,28.819227,70.858930,41.410735,2.066660,29.987208,30.875986,1.600000,10.000000,0.333333,26.712256,72.208717,2.502250,C,150,40,26.756055,70.709357,28.788429,70.820911,2.068586,0.048928
47.000000,4.900000,4.750000,27.441506,71.796696,41.443893,2.032382,29.941356,31.874888,1.633333,10.000000,0.333333,25.322859,73.110750,2.493071,C,150,40,25.416603,71.613682,27.445851,71.791257,2.033156,0.006961
48.000000,5.000000,4.850000,26.033297,72.688025,41.407034,2.017308,29.862239,32.871706,1.666667,10.000000,0.333333,23.890566,73.895494,2.459528,C,150,40,24.034151,72.402382,26.054569,72.646606,2.019449,0.046562
49.000000,5.100000,4.950000,24.596165,73.531927,41.425450,2.059871,29.749944,33.865335,1.700000,10.000000,0.333333,22.369802,74.680093,2.504990,C,150,40,22.563069,73.192596,24.574919,73.506230,2.061219,0.033342
50.000000,5.200000,5.050000,23.131706,74.327465,41.463594,2.041637,29.604597,34.854669,1.733333,10.000000,0.333333,20.880136,75.441387,2.512049,C,150,40,21.122869,73.961157,23.125164,74.341025,2.041961,0.015055
51.000000,5.300000,5.150000,21.641547,75.073755,41.432860,2.045443,29.426360,35.838609,1.766667,10.000000,0.333333,19.356353,76.081132,2.497383,C,150,40,19.648283,74.609814,21.635259,75.056129,2.046544,0.018715
52.000000,5.400000,5.250000,20.127345,75.769968,41.451934,2.023738,29.215429,36.816063,1.800000,10.000000,0.333333,17.826651,76.724133,2.490708,C,150,40,18.167454,75.263361,20.139605,75.774779,2.024308,0.013170
53.000000,5.500000,5.350000,18.590781,76.415330,41.429783,2.026028,28.972040,37.785944,1.833333,10.000000,0.333333,16.263102,77.270303,2.479731,C,150,40,16.652400,75.821701,18.605308,76.398411,2.027244,0.022300
54.000000,5.600000,5.450000,17.033563,77.009124,41.452225,2.029970,28.696462,38.747174,1.866667,10.000000,0.333333,14.668369,77.806365,2.495944,C,150,40,15.105728,76.371541,17.039360,77.013506,2.030532,0.007267
55.000000,5.700000,5.550000,15.457420,77.550691,41.470634,2.010927,28.389003,39.698687,1.900000,10.000000,0.333333,13.079039,78.292240,2.491303,C,150,40,13.563973,76.872790,15.476300,77.578208,2.011141,0.033371
56.000000,5.800000,5.650000,13.864104,78.039428,41.439715,2.059639,28.050003,40.639424,1.933333,10.000000,0.333333,11.427750,78.655116,2.512945,C,150,40,11.959721,77.252616,13.845210,78.023160,2.060521,0.024932
57.000000,5.900000,5.750000,12.255384,78.474793,41.417384,2.052879,27.679839,41.568341,1.966667,10.000000,0.333333,9.814714,78.990945,2.494652,C,150,40,10.393131,77.606953,12.250974,78.439188,2.054540,0.035877
58.000000,6.000000,5.850000,10.633049,78.856302,41.446307,2.000180,27.278923,42.484405,2.000000,10.000000,0.333333,8.212414,79.339057,2.468304,C,150,40,8.836635,77.975111,10.668076,78.866946,2.000901,0.036608
59.000000,6.100000,5.950000,8.998901,79.183532,41.420176,2.046530,26.847699,43.386599,2.033333,10.000000,0.333333,6.533703,79.541278,2.491021,C,150,40,7.203033,78.198893,9.001569,79.152815,2.048086,0.030832
60.000000,6.200000,6.050000,7.354754,79.456118,41.481450,2.038378,26.386648,44.273920,2.066667,10.000000,0.333333,4.857019,79.789279,2.519857,C,150,40,5.570715,78.469947,7.339376,79.484306,2.038463,0.032110
61.000000,6.300000,6.150000,5.702437,79.673758,41.453986,2.052234,25.896281,45.145383,2.100000,10.000000,0.333333,3.196890,79.892789,2.515102,C,150,40,3.954160,78.597975,5.686495,79.670659,2.052750,0.016240
62.000000,6.400000,6.250000,4.043784,79.836210,41.449728,2.041210,25.377143,46.000019,2.133333,10.000000,0.333333,1.543925,79.973895,2.503647,C,150,40,2.343926,78.705038,4.039650,79.834277,2.041829,0.004564
63.000000,6.500000,6.350000,2.380638,79.943293,41.480075,2.018951,24.829811,46.836879,2.166667,10.000000,0.333333,-0.121029,80.035198,2.503354,C,150,40,0.720815,78.793708,2.379840,79.978716,2.019049,0.035432
64.000000,6.600000,6.450000,0.714847,79.994890,41.426965,2.032250,24.254892,47.655034,2.200000,10.000000,0.333333,-1.767990,79.952604,2.483197,C,150,40,-0.885238,78.739860,0.730810,79.978539,2.033562,0.022850
65.000000,6.700000,6.550000,-0.951737,79.990941,41.441098,2.026570,23.653026,48.453573,2.233333,10.000000,0.333333,-3.436002,79.880570,2.486715,C,150,40,-2.513323,78.697919,-0.938718,79.989961,2.027426,0.013056
66.000000,6.800000,6.650000,-2.617265,79.931452,41.429664,2.057854,23.024882,49.231610,2.266667,10.000000,0.333333,-5.113151,79.709519,2.505734,C,150,40,-4.151571,78.558275,-2.622321,79.902946,2.059056,0.028951
67.000000,6.900000,6.750000,-4.279884,79.816489,41.431293,2.071349,22.371156,49.988281,2.300000,10.000000,0.333333,-6.778136,79.503722,2.517754,C,150,40,-5.778722,78.385164,-4.295511,79.780621,2.072488,0.039124
68.000000,7.000000,6.850000,-5.937749,79.646179,41.445506,2.075747,21.692576,50.722744,2.333333,10.000000,0.333333,-8.437188,79.257565,2.529469,C,150,40,-7.401050,78.172936,-5.964791,79.617690,2.076462,0.039280
69.000000,7.100000,6.950000,-7.589017,79.420712,41.422871,1.979006,20.989896,51.434185,2.366667,10.000000,0.333333,-9.990257,79.002297,2.437422,C,150,40,-8.918547,77.952802,-7.528677,79.440362,1.980508,0.063458
70.000000,7.200000,7.050000,-9.231853,79.140339,41.430188,2.044369,20.263895,52.121811,2.400000,10.000000,0.333333,-11.667361,78.598873,2.494972,C,150,40,-10.561270,77.585678,-9.223849,79.121262,2.045561,0.020688
71.000000,7.300000,7.150000,-10.864433,78.805370,41.456244,2.056464,19.515382,52.784861,2.433333,10.000000,0.333333,-13.308200,78.190800,2.519860,C,150,40,-12.168957,77.215030,-10.883032,78.795706,2.056930,0.020959
72.000000,7.400000,7.250000,-12.484942,78.416177,41.470831,2.022552,18.745186,53.422596,2.466667,10.000000,0.333333,-14.897069,77.756097,2.500812,C,150,40,-13.725939,76.818838,-12.491641,78.440957,2.022762,0.025670
73.000000,7.500000,7.350000,-14.091580,77.973194,41.406354,2.053136,17.954164,54.034308,2.500000,10.000000,0.333333,-16.447016,77.170001,2.488614,C,150,40,-15.245301,76.272293,-14.068944,77.933059,2.055271,0.046079
74.000000,7.600000,7.450000,-15.682563,77.476913,41.471844,2.025481,17.143195,54.619319,2.533333,10.000000,0.333333,-18.047864,76.655784,2.503777,C,150,40,-16.816898,75.798624,-15.693491,77.499494,2.025677,0.025087
75.000000,7.700000,7.550000,-17.256122,76.927884,41.447000,2.013898,16.313180,55.176977,2.566667,10.000000,0.333333,-19.565593,76.024594,2.479837,C,150,40,-18.306745,75.208935,-17.240871,76.944947,2.014595,0.022886
76.000000,7.800000,7.650000,-18.810509,76.326717,41.467730,2.016316,15.465041,55.706663,2.600000,10.000000,0.333333,-21.107604,75.355576,2.493945,C,150,40,-19.822271,74.582324,-18.814391,76.353834,2.016574,0.027393
77.000000,7.900000,7.750000,-20.343998,75.674082,41.439637,2.027716,14.599720,56.207788,2.633333,10.000000,0.333333,-22.588457,74.603293,2.486803,C,150,40,-21.278068,73.873307,-20.330992,75.676503,2.028615,0.013229
78.000000,8.000000,7.850000,-21.854884,74.970702,41.459089,2.055038,13.718179,56.679797,2.666667,10.000000,0.333333,-24.092203,73.810303,2.520342,C,150,40,-22.758213,73.124394,-21.872492,74.959660,2.055446,0.020784
79.000000,8.100000,7.950000,-23.341489,74.217359,41.464714,2.008020,12.821396,57.122164,2.700000,10.000000,0.333333,-25.523884,73.027954,2.485464,C,150,40,-24.167776,72.386884,-23.341484,74.249842,2.008330,0.032483
80.000000,8.200000,8.050000,-24.802162,73.414891,41.461316,2.019199,11.910369,57.534399,2.733333,10.000000,0.333333,-26.945024,72.141804,2.492511,C,150,40,-25.568304,71.546285,-24.805138,73.435828,2.019569,0.021147
81.000000,8.300000,8.150000,-26.235279,72.564188,41.446811,2.050764,10.986110,57.916042,2.766667,10.000000,0.333333,-28.332585,71.185708,2.509760,C,150,40,-26.936783,70.636403,-26.238749,72.550276,2.051454,0.014338
82.000000,8.400000,8.250000,-27.639249,71.666196,41.440807,1.996067,10.049645,58.266670,2.800000,10.000000,0.333333,-29.665469,70.268110,2.461749,C,150,40,-28.252135,69.765628,-27.615828,71.700441,1.996945,0.041488
83.000000,8.500000,8.350000,-29.012511,70.721913,41.451809,2.018827,9.102014,58.585894,2.833333,10.000000,0.333333,-31.008400,69.238727,2.486646,C,150,40,-29.579105,68.783626,-29.008528,70.739463,2.019402,0.017996
84.000000,8.600000,8.450000,-30.353541,69.732387,41.453244,1.988507,8.144271,58.873359,2.866667,10.000000,0.333333,-32.292040,68.213078,2.462941,C,150,40,-30.848372,67.805864,-30.341825,69.779251,1.989057,0.048306
85.000000,8.700000,8.550000,-31.660847,68.698718,41.380115,2.020824,7.177480,59.128745,2.900000,10.000000,0.333333,-33.484362,67.066774,2.447131,C,150,40,-32.027924,66.707900,-31.589948,68.693970,2.024377,0.071057
86.000000,8.800000,8.650000,-32.932977,67.622055,41.455938,2.041606,6.202714,59.351769,2.933333,10.000000,0.333333,-34.779573,65.925589,2.507571,C,150,40,-33.311984,65.615453,-32.940576,67.618945,2.042082,0.008211
87.000000,8.900000,8.750000,-34.168519,66.503593,41.453536,2.024515,5.221058,59.542183,2.966667,10.000000,0.333333,-35.952210,64.762940,2.492273,C,150,40,-34.475101,64.501887,-34.169856,66.516357,2.025048,0.012834
88.000000,9.000000,8.850000,-35.366100,65.344575,41.417463,2.044086,4.233600,59.699775,3.000000,10.000000,0.333333,-37.057839,63.520978,2.487466,C,150,40,-35.572850,63.309298,-35.336175,65.331205,2.045752,0.032775
89.000000,9.100000,8.950000,-36.524388,64.146289,41.482520,2.061908,3.241439,59.824370,3.033333,10.000000,0.333333,-38.221014,62.256635,2.539553,C,150,40,-36.729795,62.094564,-36.561088,64.126578,2.061982,0.041658
90.000000,9.200000,9.050000,-37.642097,62.910067,41.469255,2.058208,2.245677,59.915831,3.066667,10.000000,0.333333,-39.261299,60.967615,2.528820,C,150,40,-37.765507,60.855332,-37.664497,62.891161,2.058438,0.029311
91.000000,9.300000,9.150000,-38.717986,61.637281,41.457862,2.024243,1.247420,59.974055,3.100000,10.000000,0.333333,-40.258757,59.675408,2.494578,C,150,40,-38.760054,59.613037,-38.725292,61.650421,2.024681,0.015034
92.000000,9.400000,9.250000,-39.750859,60.329346,41.435061,2.063052,0.247777,59.998977,3.133333,10.000000,0.333333,-41.202910,58.278217,2.513082,C,150,40,-39.702961,58.265828,-39.738096,60.302164,2.064074,0.030029
93.000000,9.500000,9.350000,-40.739568,58.987714,41.454506,2.039742,-0.752142,59.990570,3.166667,10.000000,0.333333,-42.142478,56.912147,2.505222,C,150,40,-40.642949,56.949754,-40.744764,58.984760,2.040250,0.005977
94.000000,9.600000,9.450000,-41.683015,57.613878,41.467118,2.019862,-1.751224,59.948843,3.200000,10.000000,0.333333,-43.029724,55.511818,2.496453,C,150,40,-41.532281,55.599379,-41.700888,57.630525,2.020130,0.024425
95.000000,9.700000,9.550000,-42.580152,56.209361,41.396798,2.019941,-2.748361,59.873843,3.233333,10.000000,0.333333,-43.786025,54.069951,2.455851,C,150,40,-42.292333,54.207369,-42.528308,56.228259,2.022576,0.055181
96.000000,9.800000,9.650000,-43.429983,54.775726,41.473162,2.043951,-3.742445,59.765653,3.266667,10.000000,0.333333,-44.636658,52.563968,2.519512,C,150,40,-43.148375,52.751090,-43.453145,54.766672,2.044127,0.024870
97.000000,9.900000,9.750000,-44.231562,53.314565,41.428018,2.033937,-4.732371,59.624393,3.300000,10.000000,0.333333,-45.320855,51.080830,2.485183,C,150,40,-43.839636,51.317449,-44.210614,53.319584,2.035210,0.021541
98.000000,10.000000,9.850000,-44.983999,51.827502,41.445761,2.006836,-5.717039,59.450220,3.333333,10.000000,0.333333,-46.020826,49.581928,2.473381,C,150,40,-44.548315,49.867779,-44.984624,51.857538,2.007569,0.030043
99.000000,10.100000,9.950000,-45.686459,50.316187,41.442438,2.073741,-6.695355,59.243328,3.366667,10.000000,0.333333,-46.629701,47.972830,2.526070,C,150,40,-45.167534,48.307597,-45.673159,50.280882,2.074540,0.037727
0.000000,0.200000,0.000000,11.976305,0.732815,11.944854,0.716404,1.998519,0.066642,0.066667,10.000000,0.333333,13.869113,1.577188,2.072605,C,200,10,11.873556,1.443953,11.944854,0.716404,0.718523,0.035476
1.000000,0.300000,0.100000,12.945044,1.148209,11.974235,0.714035,2.995002,0.149875,0.100000,10.000000,0.333333,14.838132,2.055772,2.099393,C,200,10,12.848124,1.856105,12.943602,1.129371,0.714500,0.018894
2.000000,0.400000,0.200000,13.899401,1.595658,11.964805,0.740552,3.988159,0.266272,0.133333,10.000000,0.333333,15.748319,2.590835,2.099732,C,200,10,13.766071,2.324958,13.887411,1.602612,0.741388,0.013860
3.000000,0.500000,0.300000,14.838316,2.074664,11.963948,0.750517,4.976884,0.415703,0.166667,10.000000,0.333333,16.650542,3.140593,2.102467,C,200,10,14.678256,2.808801,14.824254,2.091045,0.751383,0.021589
4.000000,0.600000,0.400000,15.760746,2.584696,12.009425,0.715314,5.960080,0.598003,0.200000,10.000000,0.333333,17.588005,3.684962,2.132947,C,200,10,15.627872,3.287624,15.795899,2.571753,0.715376,0.037460
5.000000,0.700000,0.500000,16.665665,3.125186,12.001699,0.715651,6.936654,0.812968,0.233333,10.000000,0.333333,18.447646,4.284280,2.125783,C,200,10,16.501843,3.821836,16.693554,3.112473,0.715653,0.030651
6.000000,0.800000,0.600000,17.552068,3.695535,11.985928,0.686347,7.905522,1.060361,0.266667,10.000000,0.333333,19.286938,4.880949,2.101186,C,200,10,17.357629,4.353914,17.570731,3.651905,0.686491,0.047454
7.000000,0.900000,0.700000,18.418971,4.295107,11.947533,0.729397,8.865606,1.339905,0.300000,10.000000,0.333333,20.063969,5.567462,2.079641,C,200,10,18.153296,4.976422,18.391770,4.285129,0.731281,0.028974
8.000000,1.000000,0.800000,19.265410,4.923239,11.960458,0.749883,9.815841,1.651292,0.333333,10.000000,0.333333,20.872601,6.273297,2.098980,C,200,10,18.982687,5.618908,19.245625,4.935528,0.750925,0.023291
9.000000,1.100000,0.900000,20.090446,5.579230,11.984514,0.735373,10.755170,1.994174,0.366667,10.000000,0.333333,21.679408,6.977181,2.116381,C,200,10,19.812353,6.260169,20.097532,5.584100,0.735536,0.008598
10.000000,1.200000,1.000000,20.893160,6.262354,11.976988,0.703288,11.682550,2.368170,0.400000,10.000000,0.333333,22.440214,7.680000,2.098356,C,200,10,20.598092,6.901163,20.903467,6.234675,0.703664,0.029535
11.000000,1.300000,1.100000,21.672662,6.971850,11.953891,0.749551,12.596951,2.772866,0.433333,10.000000,0.333333,23.131223,8.472556,2.092730,C,200,10,21.316080,7.632759,21.645739,6.979438,0.750968,0.027972
12.000000,1.400000,1.200000,22.428086,7.706930,11.959884,0.730662,13.497356,3.207811,0.466667,10.000000,0.333333,23.849672,9.241240,2.091653,C,200,10,22.063526,8.341416,22.413800,7.698553,0.731762,0.016562
13.000000,1.500000,1.300000,23.158592,8.466779,11.990897,0.717231,14.382766,3.672523,0.500000,10.000000,0.333333,24.561909,10.050695,2.116150,C,200,10,22.806744,9.091844,23.178379,8.458762,0.717289,0.021349
14.000000,1.600000,1.400000,23.863368,9.250550,11.986763,0.744085,15.252197,4.166485,0.533333,10.000000,0.333333,25.195907,10.901378,2.121530,C,200,10,23.473672,9.884565,23.867638,9.265321,0.744203,0.015375
15.000000,1.700000,1.500000,24.541632,10.057375,11.971138,0.704084,16.104682,4.689148,0.566667,10.000000,0.333333,25.826703,11.709559,2.093112,C,200,10,24.139313,10.635913,24.550872,10.029684,0.704675,0.029192
16.000000,1.800000,1.600000,25.192630,10.886356,11.986113,0.732495,16.939274,5.239932,0.600000,10.000000,0.333333,26.418242,12.612354,2.116883,C,200,10,24.767571,11.483070,25.201239,10.891068,0.732627,0.009813
17.000000,1.900000,1.700000,25.815639,11.736573,11.958934,0.736046,17.755047,5.818224,0.633333,10.000000,0.333333,26.959039,13.489235,2.092651,C,200,10,25.346920,12.305565,25.799250,11.729974,0.737190,0.017668
18.000000,2.000000,1.800000,26.409967,12.607080,11.957954,0.754036,18.551094,6.423382,0.666667,10.000000,0.333333,27.482424,14.410407,2.098131,C,200,10,25.910650,13.173668,26.382838,12.614233,0.755208,0.028055
19.000000,2.100000,1.900000,26.974952,13.496911,11.962736,0.744920,19.326531,7.054734,0.700000,10.000000,0.333333,27.996245,15.331087,2.099342,C,200,10,26.466561,14.042651,26.956851,13.498638,0.745851,0.018183
20.000000,2.200000,2.000000,27.509969,14.405077,11.921516,0.753666,20.080495,7.711579,0.733333,10.000000,0.333333,28.433088,16.251178,2.064034,C,200,10,26.947193,14.912479,27.454017,14.387584,0.757742,0.058623
21.000000,2.300000,2.100000,28.014421,15.330570,11.954640,0.716975,20.812150,8.393186,0.766667,10.000000,0.333333,28.924814,17.202963,2.081988,C,200,10,27.484359,15.815487,28.008056,15.304498,0.718408,0.026838
22.000000,2.400000,2.200000,28.487750,16.272360,11.928032,0.716909,21.520683,9.098799,0.800000,10.000000,0.333333,29.316743,18.154920,2.057004,C,200,10,27.923330,16.720208,28.462532,16.228231,0.720512,0.050826
23.000000,2.500000,2.300000,28.929428,17.229401,11.985665,0.734692,22.205306,9.827633,0.833333,10.000000,0.333333,29.720811,19.193160,2.117224,C,200,10,28.375987,17.712807,28.934867,17.237247,0.734832,0.009546
24.000000,2.600000,2.400000,29.338965,18.200631,11.947442,0.732826,22.865258,10.578878,0.866667,10.000000,0.333333,30.041140,20.159334,2.080761,C,200,10,28.746399,18.634983,29.318848,18.179934,0.734709,0.028863
25.000000,2.700000,2.500000,29.715907,19.184970,11.971868,0.755347,23.499807,11.351701,0.900000,10.000000,0.333333,30.349956,21.199119,2.111590,C,200,10,29.106736,19.632465,29.696246,19.196837,0.755871,0.022965
26.000000,2.800000,2.600000,30.059834,20.181325,11.987442,0.744707,24.108248,12.145242,0.933333,10.000000,0.333333,30.644225,22.221668,2.122384,C,200,10,29.453907,20.614451,30.057980,20.197511,0.744813,0.016293
27.000000,2.900000,2.700000,30.370364,21.188588,11.990868,0.747053,24.689904,12.958620,0.966667,10.000000,0.333333,30.886446,23.251426,2.126416,C,200,10,29.750354,21.605433,30.368263,21.208846,0.747109,0.020367
28.000000,3.000000,2.800000,30.647153,22.205641,12.006487,0.738825,25.244130,13.790931,1.000000,10.000000,0.333333,31.109563,24.293230,2.138189,C,200,10,30.028958,22.610288,30.660286,22.233472,0.738853,0.030775
29.000000,3.100000,2.900000,30.889892,23.231353,11.970902,0.734758,25.770309,14.641250,1.033333,10.000000,0.333333,31.267747,25.300544,2.103408,C,200,10,30.243830,23.582523,30.885224,23.228010,0.735334,0.005742
30.000000,3.200000,3.000000,31.098312,24.264585,11.947821,0.749040,26.267857,15.508633,1.066667,10.000000,0.333333,31.383342,26.331909,2.086880,C,200,10,30.417251,24.580718,31.069269,24.249384,0.750856,0.032781
31.000000,3.300000,3.100000,31.272182,25.304190,11.977685,0.712541,26.736221,16.392116,1.100000,10.000000,0.333333,31.534231,27.389923,2.102131,C,200,10,30.627038,25.607509,31.290304,25.294996,0.712890,0.020321
32.000000,3.400000,3.200000,31.411308,26.349012,11.932585,0.742018,27.174881,17.290718,1.133333,10.000000,0.333333,31.557892,28.413954,2.070139,C,200,10,30.710606,26.602296,31.382131,26.315176,0.745075,0.044678
33.000000,3.500000,3.300000,31.515536,27.397889,11.948790,0.691715,27.583349,18.203440,1.166667,10.000000,0.333333,31.645843,29.461689,2.067910,C,200,10,30.859405,27.622800,31.539684,27.354725,0.693608,0.049460
34.000000,3.600000,3.400000,31.584750,28.449658,11.992272,0.683830,27.961173,19.129267,1.200000,10.000000,0.333333,31.669308,30.554325,2.106364,C,200,10,30.944593,28.690246,31.635886,28.443370,0.683874,0.051521
35.000000,3.700000,3.500000,31.618873,29.503149,12.010115,0.745559,28.307931,20.067173,1.233333,10.000000,0.333333,31.580902,31.646740,2.143926,C,200,10,30.918714,29.759544,31.620450,29.539247,0.745628,0.036132
36.000000,3.800000,3.600000,31.617867,30.557193,11.970811,0.768221,28.623238,21.016113,1.266667,10.000000,0.333333,31.475087,32.667613,2.115245,C,200,10,30.876161,30.759397,31.582877,30.564902,0.768775,0.035830
37.000000,3.900000,3.700000,31.581734,31.610617,11.965220,0.747891,28.906746,21.975035,1.300000,10.000000,0.333333,31.386791,33.704281,2.102720,C,200,10,30.851793,31.777165,31.563838,31.605149,0.748700,0.018713
38.000000,4.000000,3.800000,31.510513,32.662252,11.981255,0.705868,29.158137,22.942873,1.333333,10.000000,0.333333,31.290519,34.753956,2.103241,C,200,10,30.820043,32.810080,31.537706,32.658906,0.706117,0.027398
39.000000,4.100000,3.900000,31.404283,33.710929,11.995937,0.780989,29.377134,23.918551,1.366667,10.000000,0.333333,31.044116,35.823743,2.143293,C,200,10,30.638686,33.865268,31.363116,33.742732,0.780999,0.052020
40.000000,4.200000,4.000000,31.263163,34.755483,11.993883,0.745523,29.563492,24.900986,1.400000,10.000000,0.333333,30.867382,36.847069,2.128702,C,200,10,30.527448,34.876169,31.254947,34.775557,0.745548,0.021691
41.000000,4.300000,4.100000,31.087310,35.794754,11.971440,0.722238,29.717005,25.889085,1.433333,10.000000,0.333333,30.642032,37.846566,2.099572,C,200,10,30.367971,35.865432,31.096681,35.787846,0.722803,0.011642
42.000000,4.400000,4.200000,30.876918,36.827587,11.980007,0.696690,29.837502,26.881753,1.466667,10.000000,0.333333,30.389807,38.869284,2.099001,C,200,10,30.181923,36.880117,30.913146,36.825095,0.696977,0.036314
43.000000,4.500000,4.300000,30.632222,37.852834,11.986589,0.771040,29.924850,27.877884,1.500000,10.000000,0.333333,30.003639,39.888987,2.130971,C,200,10,29.862164,37.893997,30.595766,37.868259,0.771157,0.039585
44.000000,4.600000,4.400000,30.353493,38.869357,11.963891,0.729427,29.978950,28.876373,1.533333,10.000000,0.333333,29.698134,40.859189,2.094977,C,200,10,29.623225,38.860593,30.355572,38.856658,0.730320,0.012868
45.000000,4.700000,4.500000,30.041041,39.876025,11.944483,0.752375,29.999744,29.876111,1.566667,10.000000,0.333333,29.296702,41.823598,2.084966,C,200,10,29.288443,39.823616,30.019279,39.845666,0.754421,0.037353
46.000000,4.800000,4.600000,29.695213,40.871722,11.994525,0.734369,29.987208,30.875986,1.600000,10.000000,0.333333,28.902918,42.843953,2.125424,C,200,10,28.961317,40.844805,29.694342,40.889987,0.734390,0.018286
47.000000,4.900000,4.700000,29.316393,41.855340,11.947474,0.741427,29.941356,31.874888,1.633333,10.000000,0.333333,28.454706,43.752670,2.083835,C,200,10,28.579699,41.756580,29.307662,41.826544,0.743285,0.030090
48.000000,5.000000,4.800000,28.905003,42.825786,11.996723,0.755289,29.862239,32.871706,1.666667,10.000000,0.333333,27.962049,44.741041,2.134798,C,200,10,28.153497,42.750225,28.881943,42.845539,0.755296,0.030364
49.000000,5.100000,4.900000,28.461499,43.781983,11.963142,0.747643,29.749944,33.865335,1.700000,10.000000,0.333333,27.467148,45.632433,2.100690,C,200,10,27.724837,43.649103,28.447523,43.767920,0.748551,0.019827
50.000000,5.200000,5.000000,27.986375,44.722868,11.914313,0.753625,29.604597,34.854669,1.733333,10.000000,0.333333,26.932903,46.489997,2.057315,C,200,10,27.256548,44.516357,27.971594,44.659169,0.758481,0.065391
51.000000,5.300000,5.100000,27.480157,45.647396,11.983575,0.710553,29.426360,35.838609,1.766667,10.000000,0.333333,26.397146,47.454754,2.107001,C,200,10,26.786387,45.492997,27.501296,45.657473,0.710743,0.023419
52.000000,5.400000,5.200000,26.943408,46.554539,11.994330,0.729806,29.215429,36.816063,1.800000,10.000000,0.333333,25.779573,48.330899,2.123668,C,200,10,26.233977,46.383204,26.943461,46.572814,0.729828,0.018274
53.000000,5.500000,5.300000,26.376725,47.443290,11.977566,0.740142,28.972040,37.785944,1.833333,10.000000,0.333333,25.148704,49.161004,2.111534,C,200,10,25.667767,47.229535,26.369293,47.443101,0.740482,0.007435
54.000000,5.600000,5.400000,25.780737,48.312662,11.939621,0.765595,28.696462,38.747174,1.866667,10.000000,0.333333,24.482868,49.944777,2.085250,C,200,10,25.066013,48.031680,25.757149,48.269490,0.767972,0.049196
55.000000,5.700000,5.500000,25.156107,49.161688,11.987198,0.703737,28.389003,39.698687,1.900000,10.000000,0.333333,23.847720,50.814662,2.108127,C,200,10,24.494299,48.922062,25.181361,49.179754,0.703854,0.031051
56.000000,5.800000,5.600000,24.503528,49.989425,11.964885,0.739195,28.050003,40.639424,1.933333,10.000000,0.333333,23.115539,51.564439,2.099329,C,200,10,23.824834,49.694439,24.500755,49.976641,0.740029,0.013081
57.000000,5.900000,5.700000,23.823725,50.794954,11.974665,0.717543,27.679839,41.568341,1.966667,10.000000,0.333333,22.400223,52.340208,2.100992,C,200,10,23.171446,50.494885,23.838708,50.798339,0.717990,0.015360
58.000000,6.000000,5.800000,23.117454,51.577379,11.967608,0.747243,27.278923,42.484405,2.000000,10.000000,0.333333,21.619174,53.055557,2.104722,C,200,10,22.451468,51.236963,23.107048,51.564131,0.747945,0.016847
59.000000,6.100000,5.900000,22.385500,52.335832,11.997156,0.719789,26.847699,43.386599,2.033333,10.000000,0.333333,20.850173,53.801949,2.122905,C,200,10,21.742613,52.012103,22.389478,52.360094,0.719794,0.024585
60.000000,6.200000,6.000000,21.628675,53.069470,11.981689,0.713834,26.386648,44.273920,2.066667,10.000000,0.333333,20.057936,54.472833,2.106336,C,200,10,21.009531,52.713724,21.643693,53.082264,0.714069,0.019730
61.000000,6.300000,6.100000,20.847820,53.777477,11.976743,0.714484,25.896281,45.145383,2.100000,10.000000,0.333333,19.233120,55.123116,2.101904,C,200,10,20.242812,53.396697,20.864029,53.786049,0.714862,0.018336
62.000000,6.400000,6.200000,20.043803,54.459067,11.972045,0.733243,25.377143,46.000019,2.133333,10.000000,0.333333,18.371790,55.736166,2.103951,C,200,10,19.438458,54.044356,20.045453,54.455117,0.733776,0.004281
63.000000,6.500000,6.300000,19.217517,55.113483,11.990093,0.718271,24.829811,46.836879,2.166667,10.000000,0.333333,17.506134,56.357490,2.115747,C,200,10,18.628593,54.702169,19.223111,55.132728,0.718339,0.020041
64.000000,6.600000,6.400000,18.369881,55.739998,11.965782,0.752141,24.254892,47.655034,2.200000,10.000000,0.333333,16.604913,56.886689,2.104760,C,200,10,17.781915,55.269696,18.359146,55.720789,0.752919,0.022005
65.000000,6.700000,6.500000,17.501835,56.337915,11.974020,0.747624,23.653026,48.453573,2.233333,10.000000,0.333333,15.698126,57.434422,2.110852,C,200,10,16.928364,55.857554,17.490861,56.327713,0.748075,0.014984
66.000000,6.800000,6.600000,16.614345,56.906571,11.961559,0.722159,23.024882,49.231610,2.266667,10.000000,0.333333,14.802626,57.949117,2.090270,C,200,10,16.084734,56.414125,16.631638,56.900920,0.723181,0.018193
67.000000,6.900000,6.700000,15.708396,57.445333,11.962020,0.747906,22.371156,49.988281,2.300000,10.000000,0.333333,13.843432,58.410109,2.099734,C,200,10,15.175984,56.918699,15.705285,57.424787,0.748870,0.020780
68.000000,7.000000,6.800000,14.784995,57.953603,11.967737,0.710960,21.692576,50.722744,2.333333,10.000000,0.333333,12.911680,58.885344,2.092236,C,200,10,14.293196,57.439172,14.807261,57.961037,0.711692,0.023474
69.000000,7.100000,6.900000,13.845168,58.430817,11.968703,0.745160,20.989896,51.434185,2.366667,10.000000,0.333333,11.917222,59.275849,2.105007,C,200,10,13.346167,57.876522,13.841027,58.416922,0.745817,0.014498
70.000000,7.200000,7.000000,12.889958,58.876443,11.998555,0.725256,20.263895,52.121811,2.400000,10.000000,0.333333,10.926353,59.691595,2.126081,C,200,10,12.401140,58.340668,12.880055,58.897754,0.725257,0.023499
71.000000,7.300000,7.100000,11.920428,59.289988,11.975366,0.726589,19.515382,52.784861,2.433333,10.000000,0.333333,9.947491,60.023148,2.104757,C,200,10,11.466482,58.722123,11.925455,59.293780,0.727006,0.006297
72.000000,7.400000,7.200000,10.937654,59.670991,11.977776,0.741499,18.745186,53.422596,2.466667,10.000000,0.333333,8.930181,60.327856,2.112207,C,200,10,10.491687,59.078177,10.930703,59.665582,0.741832,0.008808
73.000000,7.500000,7.300000,9.942728,60.019030,11.935879,0.748606,17.954164,54.034308,2.500000,10.000000,0.333333,7.943791,60.577859,2.075581,C,200,10,9.546079,59.380914,9.963159,59.980739,0.751347,0.043401
74.000000,7.600000,7.400000,8.936756,60.333717,11.976316,0.706111,17.143195,54.619319,2.533333,10.000000,0.333333,6.911404,60.883597,2.098671,C,200,10,8.552692,59.740717,8.953433,60.354573,0.706508,0.026704
75.000000,7.700000,7.500000,7.920855,60.614703,11.981415,0.717204,16.313180,55.176977,2.566667,10.000000,0.333333,5.867991,61.090241,2.107222,C,200,10,7.546456,60.002696,7.926104,60.630268,0.717445,0.016426
76.000000,7.800000,7.600000,6.896154,60.861676,11.963872,0.744451,15.465041,55.706663,2.600000,10.000000,0.333333,4.829568,61.236144,2.100238,C,200,10,6.543346,60.205141,6.899707,60.845023,0.745327,0.017028
77.000000,7.900000,7.700000,5.863791,61.074362,11.967250,0.733778,14.599720,56.207788,2.633333,10.000000,0.333333,3.788116,61.390715,2.099644,C,200,10,5.535302,60.417400,5.870866,61.068630,0.734509,0.009106
78.000000,8.000000,7.800000,4.824913,61.252523,11.961553,0.709897,13.718179,56.679797,2.666667,10.000000,0.333333,2.755836,61.518158,2.086059,C,200,10,4.534489,60.603613,4.849368,61.264557,0.710937,0.027256
79.000000,8.100000,7.900000,3.780675,61.395963,11.984698,0.733595,12.821396,57.122164,2.700000,10.000000,0.333333,1.672841,61.580961,2.115937,C,200,10,3.480985,60.726201,3.772963,61.399367,0.733754,0.008429
80.000000,8.200000,8.000000,2.732236,61.504522,11.987935,0.727914,11.910369,57.534399,2.733333,10.000000,0.333333,0.618693,61.625667,2.117013,C,200,10,2.454319,60.831642,2.724135,61.514198,0.728014,0.012620
81.000000,8.300000,8.100000,1.680762,61.578078,11.991602,0.729610,10.986110,57.916042,2.766667,10.000000,0.333333,-0.439678,61.628483,2.121039,C,200,10,1.421391,60.896075,1.668303,61.587513,0.729658,0.015629
82.000000,8.400000,8.200000,0.627421,61.616552,11.982060,0.732815,10.049645,58.266670,2.800000,10.000000,0.333333,-1.485604,61.590044,2.113192,C,200,10,0.398840,60.920068,0.622139,61.618837,0.733034,0.005755
83.000000,8.500000,8.300000,-0.426617,61.619899,11.948240,0.724897,9.102014,58.585894,2.833333,10.000000,0.333333,-2.502957,61.520269,2.078729,C,200,10,-0.597231,60.913468,-0.397602,61.616990,0.726742,0.029160
84.000000,8.600000,8.400000,-1.480182,61.588116,11.961418,0.726370,8.144271,58.873359,2.866667,10.000000,0.333333,-3.565131,61.421501,2.091596,C,200,10,-1.640240,60.878550,-1.463996,61.589201,0.727394,0.016222
85.000000,8.700000,8.500000,-2.532102,61.521238,11.968017,0.694769,7.177480,59.128745,2.900000,10.000000,0.333333,-4.609187,61.317493,2.087054,C,200,10,-2.667271,60.838995,-2.512662,61.554976,0.695505,0.038938
86.000000,8.800000,8.600000,-3.581209,61.419340,11.934855,0.712021,6.202714,59.351769,2.933333,10.000000,0.333333,-5.621471,61.122749,2.061707,C,200,10,-3.664686,60.709235,-3.535670,61.428100,0.714995,0.046373
87.000000,8.900000,8.700000,-4.626337,61.282535,11.973492,0.757217,5.221058,59.542183,2.966667,10.000000,0.333333,-6.701494,60.880331,2.113776,C,200,10,-4.732016,60.532260,-4.629444,61.258169,0.757681,0.024564
88.000000,9.000000,8.800000,-5.666325,61.110975,11.990147,0.746238,4.233600,59.699775,3.000000,10.000000,0.333333,-7.741864,60.653054,2.125454,C,200,10,-5.761879,60.370814,-5.682643,61.100704,0.746303,0.019282
89.000000,9.100000,8.900000,-6.700018,60.904850,11.988789,0.731348,3.241439,59.824370,3.033333,10.000000,0.333333,-8.756184,60.392669,2.118998,C,200,10,-6.767893,60.176573,-6.712056,60.908468,0.731434,0.012570
90.000000,9.200000,9.000000,-7.726267,60.664390,11.968692,0.725945,2.245677,59.915831,3.066667,10.000000,0.333333,-9.743777,60.087849,2.098272,C,200,10,-7.749388,59.938138,-7.717761,60.670116,0.726620,0.010254
91.000000,9.300000,9.100000,-8.743932,60.389861,11.992853,0.745867,1.247420,59.974055,3.100000,10.000000,0.333333,-10.766075,59.727504,2.127858,C,200,10,-8.767804,59.644342,-8.761793,60.378674,0.745901,0.021076
92.000000,9.400000,9.200000,-9.751882,60.081569,11.973334,0.754128,0.247777,59.998977,3.133333,10.000000,0.333333,-11.731378,59.343765,2.112524,C,200,10,-9.731446,59.327247,-9.750515,60.060094,0.754599,0.021519
93.000000,9.500000,9.300000,-10.748998,59.739856,12.013925,0.746772,-0.752142,59.990570,3.166667,10.000000,0.333333,-12.743568,58.942827,2.147921,C,200,10,-10.744197,58.992970,-10.787167,59.727476,0.746901,0.040126
94.000000,9.600000,9.400000,-11.734172,59.365102,11.977946,0.737316,-1.751224,59.948843,3.200000,10.000000,0.333333,-13.665705,58.513582,2.110902,C,200,10,-11.669116,58.630331,-11.735851,59.360615,0.737646,0.004791
95.000000,9.700000,9.500000,-12.706309,58.957723,11.969323,0.729597,-2.748361,59.873843,3.233333,10.000000,0.333333,-14.600511,58.050780,2.100130,C,200,10,-12.608921,58.234004,-12.699410,58.961115,0.730242,0.007688
96.000000,9.800000,9.600000,-13.664329,58.518171,11.971903,0.725194,-3.742445,59.765653,3.266667,10.000000,0.333333,-15.530363,57.552651,2.101026,C,200,10,-13.545986,57.802148,-13.660380,58.526037,0.725738,0.008801
97.000000,9.900000,9.700000,-14.607169,58.046936,12.003540,0.753258,-4.732371,59.624393,3.300000,10.000000,0.333333,-16.466801,56.987059,2.140461,C,200,10,-14.491841,57.302551,-14.632417,58.024084,0.753266,0.034054
98.000000,10.000000,9.800000,-15.533779,57.544541,11.963477,0.717600,-5.717039,59.450220,3.333333,10.000000,0.333333,-17.324522,56.465915,2.090500,C,200,10,-15.361174,56.847051,-15.522949,57.561237,0.718529,0.019901
99.000000,10.100000,9.900000,-16.443131,57.011543,11.969590,0.751286,-6.695355,59.243328,3.366667,10.000000,0.333333,-18.195373,55.839636,2.108012,C,200,10,-16.245817,56.285993,-16.433587,56.994362,0.751901,0.019654
0.000000,0.200000,0.000000,21.954091,1.398988,21.952221,1.391613,1.998519,0.066642,0.066667,10.000000,0.333333,23.809270,2.917561,2.397447,C,200,20,21.813712,2.784327,21.952221,1.391613,1.392433,0.007608
1.000000,0.300000,0.100000,22.895086,2.146543,21.957921,1.400323,2.995002,0.149875,0.100000,10.000000,0.333333,24.703426,3.735336,2.407147,C,200,20,22.713418,3.535669,22.898869,2.148005,1.400955,0.004056
2.000000,0.400000,0.200000,23.810644,2.925044,21.972284,1.394354,3.988159,0.266272,0.133333,10.000000,0.333333,25.580059,4.569215,2.415394,C,200,20,23.597811,4.303338,23.829106,2.921632,1.394629,0.018774
3.000000,0.500000,0.300000,24.699749,3.733626,21.936219,1.383250,4.976884,0.415703,0.166667,10.000000,0.333333,26.379663,5.418920,2.379564,C,200,20,24.407376,5.087127,24.683538,3.716182,1.384720,0.023813
4.000000,0.600000,0.400000,25.561411,4.571389,21.938089,1.410487,5.960080,0.598003,0.200000,10.000000,0.333333,27.180647,6.338800,2.397011,C,200,20,25.220514,5.941461,25.544023,4.580659,1.411845,0.019705
5.000000,0.700000,0.500000,26.394675,5.437404,21.944399,1.396051,6.936654,0.812968,0.233333,10.000000,0.333333,27.963586,7.245211,2.393668,C,200,20,26.017783,6.782768,26.385605,5.432900,1.397158,0.010127
6.000000,0.800000,0.600000,27.198615,6.330708,21.962137,1.409784,7.905522,1.060361,0.266667,10.000000,0.333333,28.719896,8.207721,2.416086,C,200,20,26.790587,7.680686,27.204355,6.342888,1.410293,0.013465
7.000000,0.900000,0.700000,27.972336,7.250309,21.939754,1.411943,8.865606,1.339905,0.300000,10.000000,0.333333,29.408196,9.172427,2.399214,C,200,20,27.497523,8.581386,27.955392,7.259599,1.413228,0.019324
8.000000,1.000000,0.800000,28.714980,8.195186,21.928022,1.446185,9.815841,1.651292,0.333333,10.000000,0.333333,30.063694,10.192607,2.410129,C,200,20,28.173780,9.538218,28.677395,8.233845,1.447975,0.053918
9.000000,1.100000,0.900000,29.425721,9.164287,21.984461,1.433577,10.755170,1.994174,0.366667,10.000000,0.333333,30.764325,11.214011,2.448107,C,200,20,28.897270,10.497000,29.444513,9.206306,1.433661,0.046030
10.000000,1.200000,1.000000,30.103770,10.156537,21.927757,1.387929,11.682550,2.368170,0.400000,10.000000,0.333333,31.338867,12.185608,2.375415,C,200,20,29.496745,11.406772,30.082505,10.137471,1.389808,0.028561
11.000000,1.300000,1.100000,30.748374,11.170833,21.931032,1.371824,12.596951,2.772866,0.433333,10.000000,0.333333,31.924896,13.226698,2.368710,C,200,20,30.109754,12.386901,30.736586,11.137208,1.373556,0.035631
12.000000,1.400000,1.200000,31.358815,12.206049,21.967738,1.428697,13.497356,3.207811,0.466667,10.000000,0.333333,32.473362,14.367288,2.431701,C,200,20,30.687216,13.467465,31.359816,12.238727,1.429061,0.032694
13.000000,1.500000,1.300000,31.934417,13.261034,21.971055,1.426234,14.382766,3.672523,0.500000,10.000000,0.333333,32.980408,15.457646,2.432941,C,200,20,31.225243,14.498795,31.938373,13.292885,1.426528,0.032096
14.000000,1.600000,1.400000,32.474540,14.334616,21.944029,1.388108,15.252197,4.166485,0.533333,10.000000,0.333333,33.442854,16.518297,2.388743,C,200,20,31.720619,15.501484,32.470449,14.320373,1.389236,0.014819
15.000000,1.700000,1.500000,32.978583,15.425602,21.948101,1.433252,16.104682,4.689148,0.566667,10.000000,0.333333,33.852783,17.680615,2.418534,C,200,20,32.165393,16.606970,32.956899,15.452800,1.434192,0.034784
16.000000,1.800000,1.600000,33.445987,16.532781,21.943994,1.370391,16.939274,5.239932,0.600000,10.000000,0.333333,34.276653,18.761475,2.378462,C,200,20,32.625981,17.632190,33.451830,16.503022,1.371535,0.030327
17.000000,1.900000,1.700000,33.876231,17.654922,21.943704,1.436068,17.755047,5.818224,0.633333,10.000000,0.333333,34.593057,19.962830,2.416667,C,200,20,32.980939,18.779160,33.847563,17.680630,1.437171,0.038507
18.000000,2.000000,1.800000,34.268839,18.790778,21.953595,1.428340,18.551094,6.423382,0.666667,10.000000,0.333333,34.920902,21.121336,2.420059,C,200,20,33.349128,19.884597,34.251857,18.814723,1.429093,0.029356
19.000000,2.100000,1.900000,34.623374,19.939088,21.950092,1.413287,19.326531,7.054734,0.700000,10.000000,0.333333,35.204423,22.276314,2.408369,C,200,20,33.674738,20.987878,34.611689,19.948248,1.414168,0.014848
20.000000,2.200000,2.000000,34.939443,21.098576,21.960789,1.407551,20.080495,7.711579,0.733333,10.000000,0.333333,35.454062,23.456766,2.413689,C,200,20,33.968167,22.118067,34.939411,21.109448,1.408097,0.010872
21.000000,2.300000,2.100000,35.216693,22.267953,21.985365,1.374869,20.812150,8.393186,0.766667,10.000000,0.333333,35.692807,24.635495,2.414941,C,200,20,34.252353,23.248018,35.256150,22.269654,1.374947,0.039494
22.000000,2.400000,2.200000,35.454817,23.445921,21.936330,1.399366,21.520683,9.098799,0.800000,10.000000,0.333333,35.800027,25.809906,2.389058,C,200,20,34.406614,24.375194,35.441368,23.434313,1.400814,0.017765
23.000000,2.500000,2.300000,35.653550,24.631170,21.962065,1.403655,22.205306,9.827633,0.833333,10.000000,0.333333,35.933914,27.027279,2.412456,C,200,20,34.589090,25.546926,35.656056,24.640063,1.404167,0.009239
24.000000,2.600000,2.400000,35.812673,25.822384,21.951444,1.386178,22.865258,10.578878,0.866667,10.000000,0.333333,36.019470,28.207097,2.393663,C,200,20,34.724729,26.682746,35.820018,25.811560,1.387028,0.013081
25.000000,2.700000,2.500000,35.932007,27.018239,21.931603,1.399341,23.499807,11.351701,0.900000,10.000000,0.333333,36.036569,29.401160,2.385214,C,200,20,34.793349,27.834507,35.916624,27.001832,1.401012,0.022491
26.000000,2.800000,2.600000,36.011420,28.217407,21.961959,1.397280,24.108248,12.145242,0.933333,10.000000,0.333333,36.056231,30.625657,2.408667,C,200,20,34.865914,29.018441,36.017816,28.222299,1.397798,0.008052
27.000000,2.900000,2.700000,36.050824,29.418556,21.976535,1.417265,24.689904,12.958620,0.966667,10.000000,0.333333,36.007183,31.850309,2.432145,C,200,20,34.871091,30.204316,36.050459,29.447498,1.417459,0.028944
28.000000,3.000000,2.800000,36.050176,30.620351,21.955843,1.424589,25.244130,13.790931,1.000000,10.000000,0.333333,35.908171,33.035844,2.419664,C,200,20,34.827567,31.352902,36.030645,30.636995,1.425274,0.025661
29.000000,3.100000,2.900000,36.009475,31.821456,21.948087,1.394639,25.770309,14.641250,1.033333,10.000000,0.333333,35.808806,34.208880,2.395842,C,200,20,34.784889,32.490859,36.009644,31.814044,1.395605,0.007413
30.000000,3.200000,3.000000,35.928768,33.020538,21.929408,1.423726,26.267857,15.508633,1.066667,10.000000,0.333333,35.614152,35.397642,2.397834,C,200,20,34.648061,33.646452,35.894615,33.013133,1.425475,0.034946
31.000000,3.300000,3.100000,35.808143,34.216264,21.928528,1.381817,26.736221,16.392116,1.100000,10.000000,0.333333,35.451430,36.561768,2.372475,C,200,20,34.544238,34.779354,35.809806,34.185514,1.383664,0.030795
32.000000,3.400000,3.200000,35.647736,35.407305,21.966033,1.412574,27.174881,17.290718,1.133333,10.000000,0.333333,35.201080,37.786622,2.420878,C,200,20,34.353795,35.974963,35.641608,35.424324,1.412982,0.018088
33.000000,3.500000,3.300000,35.447723,36.592339,21.935136,1.379370,27.583349,18.203440,1.166667,10.000000,0.333333,34.940400,38.913984,2.376429,C,200,20,34.153963,37.075094,35.456609,36.566548,1.380894,0.027279
34.000000,3.600000,3.400000,35.208328,37.770049,21.939583,1.406995,27.961173,19.129267,1.200000,10.000000,0.333333,34.599776,40.087652,2.396167,C,200,20,33.875061,38.223574,35.194928,37.760300,1.408292,0.016571
35.000000,3.700000,3.500000,34.929816,38.939126,21.959325,1.404440,28.307931,20.067173,1.233333,10.000000,0.333333,34.253310,41.252943,2.410686,C,200,20,33.591122,39.365748,34.926861,38.946083,1.405029,0.007558
36.000000,3.800000,3.600000,34.612496,40.098272,21.958293,1.378886,28.623238,21.016113,1.266667,10.000000,0.333333,33.883326,42.379620,2.395044,C,200,20,33.284401,40.471404,34.632755,40.094905,1.379516,0.020537
37.000000,3.900000,3.700000,34.256722,41.246199,21.976401,1.426594,28.906746,21.975035,1.300000,10.000000,0.333333,33.410801,43.532189,2.437485,C,200,20,32.875803,41.605072,34.238060,41.276391,1.426789,0.035495
38.000000,4.000000,3.800000,33.862889,42.381631,21.962579,1.405613,29.158137,22.942873,1.333333,10.000000,0.333333,32.958392,44.619789,2.414014,C,200,20,32.487917,42.675913,33.859109,42.391713,1.406111,0.010767
39.000000,4.100000,3.900000,33.431433,43.503307,21.942244,1.384667,29.377134,23.918551,1.366667,10.000000,0.333333,32.469237,45.685918,2.385291,C,200,20,32.063807,43.727443,33.442063,43.488061,1.385871,0.018586
40.000000,4.200000,4.000000,32.962835,44.609980,21.986795,1.386467,29.563492,24.900986,1.400000,10.000000,0.333333,31.934231,46.803521,2.422735,C,200,20,31.594296,44.832621,32.982697,44.638821,1.386530,0.035019
41.000000,4.300000,4.100000,32.457615,45.700422,21.944588,1.372757,29.717005,25.889085,1.433333,10.000000,0.333333,31.364275,47.814776,2.380312,C,200,20,31.090214,45.833643,32.481375,45.685799,1.373875,0.027899
42.000000,4.400000,4.200000,31.916334,46.773421,21.965906,1.393586,29.837502,26.881753,1.466667,10.000000,0.333333,30.734636,48.873529,2.409744,C,200,20,30.526753,46.884362,31.923665,46.784145,1.394003,0.012991
43.000000,4.500000,4.300000,31.339594,47.827784,21.924208,1.412503,29.924850,27.877884,1.500000,10.000000,0.333333,30.066742,49.847088,2.386994,C,200,20,29.925268,47.852098,31.322111,47.800034,1.414535,0.032797
44.000000,4.600000,4.400000,30.728035,48.862340,21.961821,1.424313,29.978950,28.876373,1.533333,10.000000,0.333333,29.378200,50.876131,2.424337,C,200,20,29.303291,48.877534,30.703650,48.872661,1.424825,0.026479
45.000000,4.700000,4.500000,30.082337,49.875940,21.942851,1.368238,29.999744,29.876111,1.566667,10.000000,0.333333,28.722134,51.824425,2.376288,C,200,20,28.713875,49.824442,30.112215,49.862553,1.369431,0.032740
46.000000,4.800000,4.600000,29.403218,50.867458,21.983893,1.444227,29.987208,30.875986,1.600000,10.000000,0.333333,27.901678,52.808334,2.453899,C,200,20,27.960077,50.809187,29.359127,50.898933,1.444317,0.054173
47.000000,4.900000,4.700000,28.691431,51.835792,21.978871,1.429790,29.941356,31.874888,1.633333,10.000000,0.333333,27.140763,53.721438,2.441359,C,200,20,27.265756,51.725348,28.660731,51.860699,1.429947,0.039533
48.000000,5.000000,4.800000,27.947768,52.779866,21.958489,1.431178,29.862239,32.871706,1.666667,10.000000,0.333333,26.335688,54.592364,2.425685,C,200,20,26.527135,52.601548,27.915463,52.783322,1.431780,0.032489
49.000000,5.100000,4.900000,27.173054,53.698631,21.950435,1.413060,29.749944,33.865335,1.700000,10.000000,0.333333,25.520470,55.450744,2.408513,C,200,20,25.778159,53.467415,27.159239,53.694103,1.413929,0.014539
50.000000,5.200000,5.000000,26.368152,54.591067,21.938499,1.399670,29.604597,34.854669,1.733333,10.000000,0.333333,24.673237,56.277518,2.390995,C,200,20,24.996881,54.303879,26.368965,54.575481,1.401021,0.015607
51.000000,5.300000,5.100000,25.533954,55.456182,21.940431,1.398056,29.426360,35.838609,1.766667,10.000000,0.333333,23.784983,57.087420,2.391617,C,200,20,24.174224,55.125663,25.536638,55.442757,1.399324,0.013691
52.000000,5.400000,5.200000,24.671387,56.293015,21.946804,1.417290,29.215429,36.816063,1.800000,10.000000,0.333333,22.848844,57.866894,2.408061,C,200,20,23.303248,55.919199,24.654505,56.282863,1.418288,0.019700
53.000000,5.500000,5.300000,23.781410,57.100637,21.931104,1.369083,28.972040,37.785944,1.833333,10.000000,0.333333,21.958058,58.610251,2.367182,C,200,20,22.477120,56.678781,23.815217,57.083910,1.370815,0.037719
54.000000,5.600000,5.400000,22.865012,57.878149,21.948162,1.404221,28.696462,38.747174,1.866667,10.000000,0.333333,20.953776,59.332229,2.401494,C,200,20,21.536921,57.419132,22.861263,57.871187,1.405178,0.007908
55.000000,5.700000,5.500000,21.923211,58.624689,21.920155,1.383895,28.389003,39.698687,1.900000,10.000000,0.333333,19.992866,59.994332,2.366888,C,200,20,20.639445,58.101732,21.946595,58.595832,1.386196,0.037141
56.000000,5.800000,5.600000,20.957053,59.339426,21.938007,1.394275,28.050003,40.639424,1.933333,10.000000,0.333333,18.966096,60.656987,2.387441,C,200,20,19.675391,58.786986,20.966251,59.325415,1.395653,0.016760
57.000000,5.900000,5.700000,19.967612,60.021567,21.975720,1.394221,27.679839,41.568341,1.966667,10.000000,0.333333,17.919358,61.306860,2.418123,C,200,20,18.690581,59.461537,19.965130,60.043575,1.394432,0.022148
58.000000,6.000000,5.800000,18.955986,60.670354,21.961952,1.379446,27.278923,42.484405,2.000000,10.000000,0.333333,16.885199,61.880299,2.398359,C,200,20,17.717493,60.061704,18.971469,60.684634,1.379971,0.021063
59.000000,6.100000,5.900000,17.923300,61.285065,21.966798,1.401118,26.847699,43.386599,2.033333,10.000000,0.333333,15.791782,62.419992,2.414835,C,200,20,16.684222,60.630145,17.916434,61.295968,1.401512,0.012885
60.000000,6.200000,6.000000,16.870701,61.865019,21.958420,1.397121,26.386648,44.273920,2.066667,10.000000,0.333333,14.710046,62.922811,2.405692,C,200,20,15.661641,61.163701,16.870598,61.869732,1.397739,0.004714
61.000000,6.300000,6.100000,15.799359,62.409570,21.938026,1.405934,25.896281,45.145383,2.100000,10.000000,0.333333,13.607339,63.372712,2.394283,C,200,20,14.617031,61.646294,15.800312,62.392094,1.407299,0.017502
62.000000,6.400000,6.200000,14.710463,62.918115,21.962502,1.416047,25.377143,46.000019,2.133333,10.000000,0.333333,12.465954,63.822978,2.420042,C,200,20,13.532622,62.131169,14.691457,62.917396,1.416543,0.019020
63.000000,6.500000,6.300000,13.605224,63.390086,21.945202,1.398579,24.829811,46.836879,2.166667,10.000000,0.333333,11.355972,64.215129,2.395795,C,200,20,12.478431,62.559809,13.610065,63.382620,1.399652,0.008899
64.000000,6.600000,6.400000,12.484870,63.824962,21.930831,1.404048,24.254892,47.655034,2.200000,10.000000,0.333333,10.213406,64.559748,2.387354,C,200,20,11.390408,62.942755,12.492995,63.802588,1.405750,0.023804
65.000000,6.700000,6.500000,11.350644,64.222257,21.997804,1.376976,23.653026,48.453573,2.233333,10.000000,0.333333,9.036102,64.950390,2.426373,C,200,20,10.266340,63.373521,11.344330,64.270790,1.376978,0.048942
66.000000,6.800000,6.600000,10.203808,64.581531,22.010650,1.403351,23.024882,49.231610,2.266667,10.000000,0.333333,7.837808,65.225074,2.451960,C,200,20,9.119915,63.690081,10.166996,64.624691,1.403391,0.056727
67.000000,6.900000,6.700000,9.045636,64.902385,21.923954,1.376647,22.371156,49.988281,2.300000,10.000000,0.333333,6.737178,65.419860,2.365747,C,200,20,8.069730,63.928450,9.081788,64.892366,1.378746,0.037514
68.000000,7.000000,6.800000,7.877414,65.184462,21.920626,1.401644,21.692576,50.722744,2.333333,10.000000,0.333333,5.537216,65.605042,2.377690,C,200,20,6.918733,64.158871,7.896828,65.157075,1.403890,0.033570
69.000000,7.100000,6.900000,6.700440,65.427449,21.959897,1.432005,20.989896,51.434185,2.366667,10.000000,0.333333,4.298226,65.775587,2.427310,C,200,20,5.727171,64.376261,6.671950,65.409779,1.432566,0.033524
70.000000,7.200000,7.000000,5.516021,65.631075,21.945256,1.402498,20.263895,52.121811,2.400000,10.000000,0.333333,3.134265,65.910831,2.398129,C,200,20,4.609053,64.559904,5.519585,65.622262,1.403566,0.009507
71.000000,7.300000,7.100000,4.325474,65.795115,21.974004,1.434501,19.515382,52.784861,2.433333,10.000000,0.333333,1.893066,65.989733,2.440181,C,200,20,3.412057,64.688708,4.286400,65.783675,1.434736,0.040715
72.000000,7.400000,7.200000,3.130122,65.919387,21.943891,1.403769,18.745186,53.422596,2.466667,10.000000,0.333333,0.735292,66.038010,2.397766,C,200,20,2.296799,64.788331,3.134414,65.908972,1.404889,0.011264
73.000000,7.500000,7.300000,1.931292,66.003751,21.954068,1.412866,17.954164,54.034308,2.500000,10.000000,0.333333,-0.479758,66.041298,2.411342,C,200,20,1.122529,64.844354,1.922281,65.993196,1.413612,0.013878
74.000000,7.600000,7.400000,0.730316,66.048116,21.953265,1.391775,17.143195,54.619319,2.533333,10.000000,0.333333,-1.667935,66.022138,2.398392,C,200,20,-0.026647,64.879258,0.735468,66.053231,1.392559,0.007260
75.000000,7.700000,7.500000,-0.471471,66.052430,21.956402,1.398652,16.313180,55.176977,2.566667,10.000000,0.333333,-2.873896,65.942474,2.404940,C,200,20,-1.195431,64.854929,-0.473121,66.054083,1.399331,0.002336
76.000000,7.800000,7.600000,-1.672734,66.016690,21.906815,1.426314,15.465041,55.706663,2.600000,10.000000,0.333333,-4.041929,65.777464,2.381242,C,200,20,-2.328151,64.746461,-1.649552,65.967250,1.429355,0.054605
77.000000,7.900000,7.700000,-2.872139,65.940935,21.938264,1.452975,14.599720,56.207788,2.633333,10.000000,0.333333,-5.272494,65.614897,2.422397,C,200,20,-3.525308,64.641582,-2.888213,65.887021,1.454286,0.056260
78.000000,8.000000,7.800000,-4.068353,65.825250,21.961519,1.369044,13.718179,56.679797,2.666667,10.000000,0.333333,-6.438810,65.504671,2.392037,C,200,20,-4.660157,64.590126,-4.059282,65.854737,1.369585,0.030851
79.000000,8.100000,7.900000,-5.260046,65.669762,21.945156,1.419260,12.821396,57.122164,2.700000,10.000000,0.333333,-7.625171,65.217969,2.407889,C,200,20,-5.817026,64.363209,-5.262106,65.647704,1.420319,0.022154
80.000000,8.200000,8.000000,-6.445896,65.474645,21.981547,1.395586,11.910369,57.534399,2.733333,10.000000,0.333333,-8.818651,64.980456,2.423672,C,200,20,-6.983024,64.186431,-6.468758,65.490225,1.395708,0.027666
81.000000,8.300000,8.100000,-7.624585,65.240115,21.964013,1.409024,10.986110,57.916042,2.766667,10.000000,0.333333,-9.968157,64.648198,2.417167,C,200,20,-8.107088,63.915790,-7.637845,65.235282,1.409484,0.014113
82.000000,8.400000,8.200000,-8.794802,64.966433,21.962327,1.362980,10.049645,58.266670,2.800000,10.000000,0.333333,-11.100333,64.339560,2.389234,C,200,20,-9.215888,63.669583,-8.788066,65.002752,1.363500,0.036938
83.000000,8.500000,8.300000,-9.955249,64.653903,21.966328,1.407346,9.102014,58.585894,2.833333,10.000000,0.333333,-12.255879,63.909480,2.418071,C,200,20,-10.350153,63.302679,-9.969696,64.650607,1.407749,0.014819
84.000000,8.600000,8.400000,-11.104635,64.302873,21.942464,1.381009,8.144271,58.873359,2.866667,10.000000,0.333333,-13.349061,63.501059,2.383349,C,200,20,-11.424170,62.958108,-11.087657,64.315918,1.382207,0.021411
85.000000,8.700000,8.500000,-12.241683,63.913732,22.005687,1.388513,7.177480,59.128745,2.900000,10.000000,0.333333,-14.521322,63.045403,2.439415,C,200,20,-12.579406,62.566904,-12.287669,63.939367,1.388525,0.052648
86.000000,8.800000,8.600000,-13.365132,63.486912,21.972620,1.398848,6.202714,59.351769,2.933333,10.000000,0.333333,-15.584350,62.526143,2.418265,C,200,20,-13.627565,62.112629,-13.382927,63.492077,1.399115,0.018530
87.000000,8.900000,8.700000,-14.473731,63.022888,21.931980,1.415189,5.221058,59.542183,2.966667,10.000000,0.333333,-16.622521,61.965528,2.394851,C,200,20,-14.653042,61.617457,-14.456139,63.001867,1.416823,0.027411
88.000000,9.000000,8.800000,-15.566250,62.522175,21.953552,1.413004,4.233600,59.699775,3.000000,10.000000,0.333333,-17.699654,61.398997,2.411005,C,200,20,-15.719669,61.116757,-15.568620,62.508351,1.413767,0.014026
89.000000,9.100000,8.900000,-16.641474,61.985330,21.949936,1.391724,3.241439,59.824370,3.033333,10.000000,0.333333,-18.730367,60.812440,2.395651,C,200,20,-16.742076,60.596344,-16.636118,61.991759,1.392625,0.008368
90.000000,9.200000,9.000000,-17.698210,61.412949,21.944694,1.381873,2.245677,59.915831,3.066667,10.000000,0.333333,-19.740889,60.180525,2.385667,C,200,20,-17.746500,60.030813,-17.686492,61.428567,1.382979,0.019525
91.000000,9.300000,9.100000,-18.735283,60.805668,21.967315,1.413353,1.247420,59.974055,3.100000,10.000000,0.333333,-20.759665,59.475339,2.422374,C,200,20,-18.761394,59.392178,-18.749982,60.792815,1.413731,0.019525
92.000000,9.400000,9.200000,-19.751541,60.164161,21.979914,1.375259,0.247777,59.998977,3.133333,10.000000,0.333333,-21.742746,58.805301,2.410684,C,200,20,-19.742814,58.788783,-19.775516,60.189756,1.375406,0.035070
93.000000,9.500000,9.300000,-20.745855,59.489142,21.949582,1.399734,-0.752142,59.990570,3.166667,10.000000,0.333333,-22.659730,58.040970,2.400026,C,200,20,-20.660359,58.091112,-20.741381,59.488209,1.400642,0.004571
94.000000,9.600000,9.400000,-21.717120,58.781360,21.963601,1.416522,-1.751224,59.948843,3.200000,10.000000,0.333333,-23.594684,57.252630,2.421211,C,200,20,-21.598094,57.369379,-21.726774,58.763905,1.416990,0.019947
95.000000,9.700000,9.500000,-22.664257,58.041602,21.947202,1.398071,-2.748361,59.873843,3.233333,10.000000,0.333333,-24.475190,56.471023,2.397123,C,200,20,-22.483601,56.654247,-22.657393,58.042691,1.399068,0.006949
96.000000,9.800000,9.600000,-23.586214,57.270690,21.975403,1.386876,-3.742445,59.765653,3.266667,10.000000,0.333333,-25.373175,55.648220,2.413636,C,200,20,-23.388799,55.897716,-23.608196,57.281537,1.387094,0.024513
97.000000,9.900000,9.700000,-24.481966,56.469479,21.954280,1.410274,-4.732371,59.624393,3.300000,10.000000,0.333333,-26.189313,54.768583,2.409996,C,200,20,-24.214354,55.084074,-24.481120,56.458223,1.411015,0.011288
98.000000,10.000000,9.800000,-25.350519,55.638861,21.974982,1.395492,-5.717039,59.450220,3.333333,10.000000,0.333333,-27.023371,53.892574,2.418254,C,200,20,-25.060023,54.273710,-25.371683,55.639723,1.395716,0.021181
99.000000,10.100000,9.900000,-26.190907,54.779758,21.950261,1.421589,-6.695355,59.243328,3.366667,10.000000,0.333333,-27.774709,52.958769,2.413386,C,200,20,-25.825154,53.405126,-26.183560,54.758044,1.422459,0.022923
0.000000,0.200000,0.000000,41.909663,2.731334,41.937579,2.730084,1.998519,0.066642,0.066667,10.000000,0.333333,43.661067,5.584429,3.347771,C,200,40,41.665510,5.451195,41.937579,2.730084,2.730797,0.027944
1.000000,0.300000,0.100000,42.795169,4.143212,41.916676,2.712733,2.995002,0.149875,0.100000,10.000000,0.333333,44.431448,7.033740,3.321530,C,200,40,42.441440,6.834073,42.802798,4.124855,2.714012,0.019879
2.000000,0.400000,0.200000,43.633130,5.583817,41.913601,2.713823,3.988159,0.266272,0.133333,10.000000,0.333333,45.168974,8.527944,3.320648,C,200,40,43.186726,8.262067,43.638226,5.566607,2.715198,0.017948
3.000000,0.500000,0.300000,44.422613,7.051548,41.902968,2.720189,4.976884,0.415703,0.166667,10.000000,0.333333,45.847943,10.049739,3.319746,C,200,40,43.875657,9.717947,44.417064,7.039791,2.721919,0.013001
4.000000,0.600000,0.400000,45.162743,8.544776,41.940207,2.772998,5.960080,0.598003,0.200000,10.000000,0.333333,46.513365,11.647958,3.384364,C,200,40,44.553232,11.250619,45.187477,8.590130,2.773642,0.051660
5.000000,0.700000,0.500000,45.852697,10.061840,41.929325,2.747920,6.936654,0.812968,0.233333,10.000000,0.333333,47.094360,13.181396,3.357582,C,200,40,45.148558,12.718953,45.869335,10.081458,2.748828,0.025723
6.000000,0.800000,0.600000,46.491708,11.601056,41.928092,2.751781,7.905522,1.060361,0.266667,10.000000,0.333333,47.626508,14.763660,3.360035,C,200,40,45.697199,14.236625,46.505707,11.624757,2.752720,0.027526
7.000000,0.900000,0.700000,47.079066,13.160714,41.918689,2.752515,8.865606,1.339905,0.300000,10.000000,0.333333,48.098635,16.357303,3.355250,C,200,40,46.187962,15.766262,47.082950,13.183408,2.753716,0.023024
8.000000,1.000000,0.800000,47.614119,14.739079,41.917834,2.740719,9.815841,1.651292,0.333333,10.000000,0.333333,48.529641,17.956446,3.345090,C,200,40,46.639727,17.302056,47.619528,14.750286,2.741950,0.012444
9.000000,1.100000,0.900000,48.096272,16.334400,41.904270,2.764133,10.755170,1.994174,0.366667,10.000000,0.333333,48.883003,19.597486,3.356587,C,200,40,47.015948,18.880475,48.081427,16.364141,2.765791,0.033240
10.000000,1.200000,1.000000,48.524990,17.944904,41.866080,2.726194,11.682550,2.368170,0.400000,10.000000,0.333333,49.182133,21.182581,3.303693,C,200,40,47.340011,20.403744,48.485488,17.925787,2.729482,0.043885
11.000000,1.300000,1.100000,48.899796,19.568801,41.894923,2.719114,12.596951,2.772866,0.433333,10.000000,0.333333,49.477823,22.832265,3.314259,C,200,40,47.662680,21.992468,48.890418,19.552109,2.721143,0.019146
12.000000,1.400000,1.200000,49.220275,21.204287,41.870657,2.747953,13.497356,3.207811,0.466667,10.000000,0.333333,49.654571,24.500040,3.324245,C,200,40,47.868425,23.600216,49.177876,21.204404,2.750996,0.042399
13.000000,1.500000,1.300000,49.486069,22.849545,41.885430,2.720843,14.382766,3.672523,0.500000,10.000000,0.333333,49.836248,26.141233,3.310262,C,200,40,48.081083,25.182382,49.468481,22.829848,2.723254,0.026406
14.000000,1.600000,1.400000,49.696883,24.502747,41.892682,2.734897,15.252197,4.166485,0.533333,10.000000,0.333333,49.936265,27.820066,3.325945,C,200,40,48.214030,26.803253,49.680115,24.498289,2.737002,0.017351
15.000000,1.700000,1.500000,49.852484,26.162057,41.914638,2.739776,16.104682,4.689148,0.566667,10.000000,0.333333,49.997081,29.501413,3.342486,C,200,40,48.309690,28.427768,49.852803,26.171851,2.741106,0.009799
16.000000,1.800000,1.600000,49.952699,27.825630,41.890885,2.713295,16.939274,5.239932,0.600000,10.000000,0.333333,49.981272,31.132684,3.307177,C,200,40,48.330601,30.003399,49.945700,27.800550,2.715488,0.026038
17.000000,1.900000,1.700000,49.997415,29.491620,41.912332,2.731564,17.755047,5.818224,0.633333,10.000000,0.333333,49.922233,32.825207,3.334435,C,200,40,48.310115,31.641537,49.999544,29.493247,2.732970,0.002679
18.000000,2.000000,1.800000,49.986585,31.158174,41.912858,2.730570,18.551094,6.423382,0.666667,10.000000,0.333333,49.801373,34.486949,3.333923,C,200,40,48.229598,33.250209,49.989653,31.159348,2.731961,0.003285
19.000000,2.100000,1.900000,49.920218,32.823442,41.914054,2.761482,19.326531,7.054734,0.700000,10.000000,0.333333,49.605172,36.168607,3.359968,C,200,40,48.075488,34.880172,49.905915,32.850342,2.762819,0.030466
20.000000,2.200000,2.000000,49.798390,34.485573,41.941938,2.753960,20.080495,7.711579,0.733333,10.000000,0.333333,49.397785,37.831456,3.369780,C,200,40,47.911891,36.492756,49.809764,34.523312,2.754572,0.039416
21.000000,2.300000,2.100000,49.621235,36.142720,41.912747,2.736844,20.812150,8.393186,0.766667,10.000000,0.333333,49.100194,39.440815,3.338999,C,200,40,47.659740,38.053338,49.620045,36.148921,2.738234,0.006315
22.000000,2.400000,2.200000,49.388951,37.793042,41.903855,2.733726,21.520683,9.098799,0.800000,10.000000,0.333333,48.754325,41.063390,3.331355,C,200,40,47.360912,39.628678,49.383035,37.790932,2.735416,0.006281
23.000000,2.500000,2.300000,49.101795,39.434707,41.906529,2.762213,22.205306,9.827633,0.833333,10.000000,0.333333,48.339243,42.703221,3.356289,C,200,40,46.994418,41.222867,49.078116,39.454773,2.763794,0.031038
24.000000,2.600000,2.400000,48.760087,41.065889,41.899514,2.700947,22.865258,10.578878,0.866667,10.000000,0.333333,47.931182,44.262166,3.302010,C,200,40,46.636440,42.737816,48.774815,41.037438,2.702816,0.032037
25.000000,2.700000,2.500000,48.364206,42.684777,41.883164,2.756724,23.499807,11.351701,0.900000,10.000000,0.333333,47.375384,45.873518,3.338538,C,200,40,46.132164,44.306864,48.327595,42.682236,2.759199,0.036699
26.000000,2.800000,2.600000,47.914592,44.289573,41.911576,2.738692,24.108248,12.145242,0.933333,10.000000,0.333333,46.851447,47.455687,3.339844,C,200,40,45.661130,45.848471,47.910222,44.295795,2.740119,0.007603
27.000000,2.900000,2.700000,47.411744,45.878492,41.896129,2.746687,24.689904,12.958620,0.966667,10.000000,0.333333,46.228318,48.999245,3.337603,C,200,40,45.092226,47.353251,47.391305,45.877435,2.748650,0.020466
28.000000,3.000000,2.800000,46.856222,47.449770,41.919793,2.723656,25.244130,13.790931,1.000000,10.000000,0.333333,45.601613,50.536818,3.332252,C,200,40,44.521009,48.853876,46.868421,47.453341,2.724836,0.012711
29.000000,3.100000,2.900000,46.248642,49.001662,41.934537,2.695904,25.770309,14.641250,1.033333,10.000000,0.333333,44.923235,52.043640,3.318182,C,200,40,43.899318,50.325619,46.291930,49.002008,2.696699,0.043290
30.000000,3.200000,3.000000,45.589679,50.532442,41.902687,2.733598,26.267857,15.508633,1.066667,10.000000,0.333333,44.115238,53.518878,3.330582,C,200,40,43.149147,51.767687,45.584004,50.527795,2.735330,0.007335
31.000000,3.300000,3.100000,44.880066,52.040411,41.931547,2.751704,26.736221,16.392116,1.100000,10.000000,0.333333,43.303869,55.009982,3.361956,C,200,40,42.396677,53.227568,44.873771,52.069638,2.752555,0.029898
32.000000,3.400000,3.200000,44.120590,53.523892,41.921863,2.718382,27.174881,17.290718,1.133333,10.000000,0.333333,42.472384,56.416395,3.329137,C,200,40,41.625098,54.604736,44.137824,53.528318,2.719504,0.017793
33.000000,3.500000,3.300000,43.312097,54.981239,41.856986,2.697878,27.583349,18.203440,1.166667,10.000000,0.333333,41.561748,57.749491,3.275201,C,200,40,40.775310,55.910601,43.318019,54.919117,2.701666,0.062403
34.000000,3.600000,3.400000,42.455483,56.410831,41.902704,2.707370,27.961173,19.129267,1.200000,10.000000,0.333333,40.621567,59.165262,3.309099,C,200,40,39.896852,57.301183,42.474241,56.394375,2.709118,0.024954
35.000000,3.700000,3.500000,41.551701,57.811080,41.923704,2.747498,28.307931,20.067173,1.233333,10.000000,0.333333,39.596095,60.535963,3.354010,C,200,40,38.933907,58.648768,41.542360,57.830346,2.748557,0.021411
36.000000,3.800000,3.600000,40.601754,59.180431,41.915911,2.740380,28.623238,21.016113,1.266667,10.000000,0.333333,38.560880,61.829059,3.343710,C,200,40,37.961954,59.920843,40.595586,59.189532,2.741670,0.010994
37.000000,3.900000,3.700000,39.606699,60.517363,41.935366,2.728870,28.906746,21.975035,1.300000,10.000000,0.333333,37.494982,63.112170,3.345501,C,200,40,36.959984,61.185054,39.617534,60.540801,2.729635,0.025821
38.000000,4.000000,3.800000,38.567640,61.820389,41.929421,2.708401,29.158137,22.942873,1.333333,10.000000,0.333333,36.389114,64.332784,3.325373,C,200,40,35.918639,62.388908,38.595437,61.832373,2.709321,0.030270
39.000000,4.100000,3.900000,37.485732,63.088062,41.939200,2.769144,29.377134,23.918551,1.366667,10.000000,0.333333,35.167187,65.548347,3.380629,C,200,40,34.761757,63.589872,37.457201,63.126637,2.769812,0.047980
40.000000,4.200000,4.000000,36.362178,64.318975,41.917035,2.751738,29.563492,24.900986,1.400000,10.000000,0.333333,33.976311,66.675822,3.353668,C,200,40,33.636377,64.704922,36.344080,64.330940,2.752989,0.021695
41.000000,4.300000,4.100000,35.198224,65.511759,41.945719,2.720920,29.717005,25.889085,1.433333,10.000000,0.333333,32.769594,67.811973,3.345031,C,200,40,32.495533,65.830839,35.215731,65.544956,2.721462,0.037530
42.000000,4.400000,4.200000,33.995165,66.665089,41.871404,2.749283,29.837502,26.881753,1.466667,10.000000,0.333333,31.455291,68.812121,3.325765,C,200,40,31.247408,66.822954,33.970975,66.630437,2.752289,0.042260
43.000000,4.500000,4.300000,32.754338,67.777683,41.877703,2.714016,29.924850,27.877884,1.500000,10.000000,0.333333,30.179943,69.842665,3.300251,C,200,40,30.038469,67.847675,32.767112,67.743652,2.716770,0.036350
44.000000,4.600000,4.400000,31.477120,68.848307,41.888590,2.753020,29.978950,28.876373,1.533333,10.000000,0.333333,28.796767,70.838684,3.338546,C,200,40,28.721858,68.840087,31.453360,68.829602,2.755273,0.030238
45.000000,4.700000,4.500000,30.164930,69.875769,41.884723,2.719345,29.999744,29.876111,1.566667,10.000000,0.333333,27.453391,71.771707,3.308628,C,200,40,27.445132,69.771724,30.175124,69.850044,2.721788,0.027671
46.000000,4.800000,4.600000,28.819227,70.858930,41.922758,2.715394,29.987208,30.875986,1.600000,10.000000,0.333333,26.048847,72.701580,3.327216,C,200,40,26.107246,70.702432,28.835646,70.871419,2.716493,0.020629
47.000000,4.900000,4.700000,27.441506,71.796696,41.932859,2.720964,29.941356,31.874888,1.633333,10.000000,0.333333,24.605064,73.555726,3.337603,C,200,40,24.730056,71.559636,27.451971,71.819849,2.721793,0.025409
48.000000,5.000000,4.800000,26.033297,72.688025,41.934418,2.746439,29.862239,32.871706,1.666667,10.000000,0.333333,23.114300,74.350661,3.359301,C,200,40,23.305747,72.359845,26.017475,72.712328,2.747222,0.029000
49.000000,5.100000,4.900000,24.596165,73.531927,41.910373,2.732815,29.749944,33.865335,1.700000,10.000000,0.333333,21.639987,75.074269,3.334337,C,200,40,21.897676,73.090939,24.594642,73.532543,2.734284,0.001643
50.000000,5.200000,5.000000,23.131706,74.327465,41.898828,2.701036,29.604597,34.854669,1.733333,10.000000,0.333333,20.158997,75.764179,3.301688,C,200,40,20.482642,73.790539,23.162902,74.319581,2.702930,0.032177
51.000000,5.300000,5.100000,21.641547,75.073755,41.929924,2.702576,29.426360,35.838609,1.766667,10.000000,0.333333,18.615046,76.440800,3.320922,C,200,40,19.004287,74.479043,21.667455,75.097553,2.703484,0.035179
52.000000,5.400000,5.200000,20.127345,75.769968,41.884726,2.741580,29.215429,36.816063,1.800000,10.000000,0.333333,17.029250,76.982511,3.326929,C,200,40,17.483654,75.034816,20.121269,75.743702,2.744003,0.026960
53.000000,5.500000,5.300000,18.590781,76.415330,41.902314,2.720503,28.972040,37.785944,1.833333,10.000000,0.333333,15.469787,77.546405,3.319629,C,200,40,15.988850,75.614935,18.602835,76.410230,2.722256,0.013089
54.000000,5.600000,5.400000,17.033563,77.009124,41.922036,2.750052,28.696462,38.747174,1.866667,10.000000,0.333333,13.842591,78.045806,3.355146,C,200,40,14.425736,76.132708,17.012523,77.016921,2.751157,0.022438
55.000000,5.700000,5.500000,15.457420,77.550691,41.928551,2.748984,28.389003,39.698687,1.900000,10.000000,0.333333,12.232575,78.486961,3.358009,C,200,40,12.879154,76.594361,15.435472,77.564351,2.749913,0.025852
56.000000,5.800000,5.600000,13.864104,78.039428,41.913969,2.757685,28.050003,40.639424,1.933333,10.000000,0.333333,10.606884,78.850983,3.356799,C,200,40,11.316179,76.980983,13.837642,78.035864,2.759026,0.026700
57.000000,5.900000,5.700000,12.255384,78.474793,41.906239,2.752022,27.679839,41.568341,1.966667,10.000000,0.333333,8.981133,79.172395,3.347742,C,200,40,9.752355,77.327073,12.236914,78.464865,2.753619,0.020970
58.000000,6.000000,5.800000,10.633049,78.856302,41.927754,2.691679,27.278923,42.484405,2.000000,10.000000,0.333333,7.383284,79.489070,3.310796,C,200,40,8.215578,77.670475,10.663711,78.887281,2.692648,0.043587
59.000000,6.100000,5.900000,8.998901,79.183532,41.876488,2.755510,26.847699,43.386599,2.033333,10.000000,0.333333,5.695605,79.633281,3.333773,C,200,40,6.588045,77.843434,8.989387,79.143600,2.758276,0.041050
60.000000,6.200000,6.000000,7.354754,79.456118,41.924349,2.747477,26.386648,44.273920,2.066667,10.000000,0.333333,4.022597,79.841446,3.354363,C,200,40,4.974191,78.082337,7.333963,79.462754,2.748519,0.021825
61.000000,6.300000,6.100000,5.702437,79.673758,41.969104,2.753216,25.896281,45.145383,2.100000,10.000000,0.333333,2.331741,79.983557,3.384903,C,200,40,3.341433,78.257138,5.656330,79.717189,2.753389,0.063341
62.000000,6.400000,6.200000,4.043784,79.836210,41.908559,2.734953,25.377143,46.000019,2.133333,10.000000,0.333333,0.712374,79.992026,3.335051,C,200,40,1.779042,78.300216,4.041126,79.833517,2.736481,0.003784
63.000000,6.500000,6.300000,2.380638,79.943293,41.914056,2.703163,24.829811,46.836879,2.166667,10.000000,0.333333,-0.930887,80.010387,3.312205,C,200,40,0.191571,78.355066,2.402737,79.961307,2.704529,0.028511
64.000000,6.600000,6.400000,0.714847,79.994890,41.867789,2.739855,24.254892,47.655034,2.200000,10.000000,0.333333,-2.599512,79.892583,3.315938,C,200,40,-1.422509,78.275590,0.729972,79.954924,2.743043,0.042732
65.000000,6.700000,6.500000,-0.951737,79.990941,41.921211,2.734023,23.653026,48.453573,2.233333,10.000000,0.333333,-4.289108,79.823940,3.341547,C,200,40,-3.058870,78.247072,-0.960444,79.998990,2.735158,0.011858
66.000000,6.800000,6.600000,-2.617265,79.931452,41.906544,2.741135,23.024882,49.231610,2.266667,10.000000,0.333333,-5.943272,79.637502,3.338971,C,200,40,-4.661165,78.102510,-2.623353,79.923162,2.742728,0.010285
67.000000,6.900000,6.700000,-4.279884,79.816489,41.893738,2.738549,22.371156,49.988281,2.300000,10.000000,0.333333,-7.583787,79.404030,3.329548,C,200,40,-6.251235,77.912619,-4.275777,79.799495,2.740610,0.017483
68.000000,7.000000,6.800000,-5.937749,79.646179,41.923728,2.750422,21.692576,50.722744,2.333333,10.000000,0.333333,-9.255371,79.137324,3.356419,C,200,40,-7.873855,77.691152,-5.961415,79.644738,2.751479,0.023710
69.000000,7.100000,6.900000,-7.589017,79.420712,41.903167,2.714319,20.989896,51.434185,2.366667,10.000000,0.333333,-10.847887,78.812981,3.315052,C,200,40,-9.418942,77.413655,-7.572001,79.427205,2.716046,0.018213
70.000000,7.200000,7.000000,-9.231853,79.140339,41.898211,2.725936,20.263895,52.121811,2.400000,10.000000,0.333333,-12.472851,78.412422,3.321736,C,200,40,-10.998064,77.061496,-9.220039,79.135787,2.727835,0.012661
71.000000,7.300000,7.100000,-10.864433,78.805370,41.901988,2.739319,19.515382,52.784861,2.433333,10.000000,0.333333,-14.090946,77.962137,3.334880,C,200,40,-12.571955,76.661111,-10.864536,78.794295,2.741072,0.011075
72.000000,7.400000,7.200000,-12.484942,78.416177,41.942136,2.744906,18.745186,53.422596,2.466667,10.000000,0.333333,-15.716396,77.486607,3.362499,C,200,40,-14.154890,76.236927,-12.518055,78.428104,2.745516,0.035195
73.000000,7.500000,7.300000,-14.091580,77.973194,41.922952,2.725292,17.954164,54.034308,2.500000,10.000000,0.333333,-17.263152,76.940677,3.335410,C,200,40,-15.660865,75.743733,-14.097743,77.986428,2.726381,0.014598
74.000000,7.600000,7.400000,-15.682563,77.476913,41.922530,2.700991,17.143195,54.619319,2.533333,10.000000,0.333333,-18.803729,76.358971,3.315339,C,200,40,-17.162441,75.216091,-15.673649,77.508642,2.702102,0.032958
75.000000,7.700000,7.500000,-17.256122,76.927884,41.885059,2.730930,16.313180,55.176977,2.566667,10.000000,0.333333,-20.323129,75.661042,3.318346,C,200,40,-18.644664,74.573496,-17.236168,76.913482,2.733348,0.024608
76.000000,7.800000,7.600000,-18.810509,76.326717,41.865504,2.738780,15.465041,55.706663,2.600000,10.000000,0.333333,-21.820883,74.941557,3.313762,C,200,40,-20.107105,73.910555,-18.778525,76.295372,2.742081,0.044783
77.000000,7.900000,7.700000,-20.343998,75.674082,41.921147,2.752281,14.599720,56.207788,2.633333,10.000000,0.333333,-23.361716,74.204649,3.356465,C,200,40,-21.614530,73.231335,-20.365026,75.662747,2.753410,0.023889
78.000000,8.000000,7.800000,-21.854884,74.970702,41.910097,2.722165,13.718179,56.679797,2.666667,10.000000,0.333333,-24.798356,73.423244,3.325455,C,200,40,-23.019702,72.508699,-21.850530,74.978783,2.723649,0.009179
79.000000,8.100000,7.900000,-23.341489,74.217359,41.920986,2.714472,12.821396,57.122164,2.700000,10.000000,0.333333,-26.238310,72.584272,3.325439,C,200,40,-24.430166,71.729512,-23.343175,74.237600,2.715622,0.020311
80.000000,8.200000,8.000000,-24.802162,73.414891,41.892616,2.719283,11.910369,57.534399,2.733333,10.000000,0.333333,-27.618819,71.670489,3.313079,C,200,40,-25.783192,70.876464,-24.781491,73.417813,2.721402,0.020877
81.000000,8.300000,8.100000,-26.235279,72.564188,41.927021,2.745093,10.986110,57.916042,2.766667,10.000000,0.333333,-29.033703,70.715466,3.353945,C,200,40,-27.172633,69.983058,-26.256853,72.559167,2.746063,0.022150
82.000000,8.400000,8.200000,-27.639249,71.666196,41.922796,2.739203,10.049645,58.266670,2.800000,10.000000,0.333333,-30.368551,69.729372,3.346696,C,200,40,-28.484106,69.059395,-27.654427,71.664187,2.740291,0.015310
83.000000,8.500000,8.300000,-29.012511,70.721913,41.931027,2.720235,9.102014,58.585894,2.833333,10.000000,0.333333,-31.677837,68.715775,3.335948,C,200,40,-29.772110,68.108974,-29.028327,70.740064,2.721110,0.024075
84.000000,8.600000,8.400000,-30.353541,69.732387,41.927430,2.753702,8.144271,58.873359,2.866667,10.000000,0.333333,-32.956150,67.605350,3.361229,C,200,40,-31.031259,67.062398,-30.377774,69.717263,2.754658,0.028566
85.000000,8.700000,8.500000,-31.660847,68.698718,41.887857,2.741756,7.177480,59.128745,2.900000,10.000000,0.333333,-34.149840,66.488257,3.328848,C,200,40,-32.207924,66.009758,-31.643231,68.682172,2.744048,0.024168
86.000000,8.800000,8.600000,-32.932977,67.622055,41.894894,2.730485,6.202714,59.351769,2.933333,10.000000,0.333333,-35.351475,65.342353,3.323578,C,200,40,-33.394690,64.928838,-32.918533,67.618863,2.732507,0.014793
87.000000,8.900000,8.700000,-34.168519,66.503593,41.936760,2.695281,5.221058,59.542183,2.966667,10.000000,0.333333,-36.544797,64.186507,3.318973,C,200,40,-34.575318,63.838437,-34.186204,66.545081,2.696023,0.045100
88.000000,9.000000,8.800000,-35.366100,65.344575,41.874784,2.717655,4.233600,59.699775,3.000000,10.000000,0.333333,-37.605637,62.918687,3.301585,C,200,40,-35.625652,62.636447,-35.329146,65.350747,2.720538,0.037465
89.000000,9.100000,8.900000,-36.524388,64.146289,41.940987,2.738355,3.241439,59.824370,3.033333,10.000000,0.333333,-38.749885,61.633685,3.356489,C,200,40,-36.761594,61.417589,-36.556456,64.144826,2.738991,0.032101
90.000000,9.200000,9.000000,-37.642097,62.910067,41.922016,2.743755,2.245677,59.915831,3.066667,10.000000,0.333333,-39.764107,60.317884,3.349976,C,200,40,-37.769719,60.168173,-37.656080,62.899514,2.744863,0.017518
91.000000,9.300000,9.100000,-38.717986,61.637281,41.898943,2.737406,1.247420,59.974055,3.100000,10.000000,0.333333,-40.729110,58.981202,3.331572,C,200,40,-38.730840,58.898041,-38.707985,61.630086,2.739271,0.012320
92.000000,9.400000,9.200000,-39.750859,60.329346,41.922480,2.768919,0.247777,59.998977,3.133333,10.000000,0.333333,-41.696143,57.576399,3.370882,C,200,40,-39.696211,57.559881,-39.766454,60.292826,2.770004,0.039711
93.000000,9.500000,9.300000,-40.739568,58.987714,41.899121,2.735922,-0.752142,59.990570,3.166667,10.000000,0.333333,-42.569499,56.205039,3.330455,C,200,40,-40.570128,56.255181,-40.729226,58.982692,2.737781,0.011497
94.000000,9.600000,9.400000,-41.683015,57.613878,41.946070,2.714595,-1.751224,59.948843,3.200000,10.000000,0.333333,-43.467305,54.790312,3.340092,C,200,40,-41.470716,54.907060,-41.719283,57.630917,2.715130,0.040071
95.000000,9.700000,9.500000,-42.580152,56.209361,41.904796,2.724835,-2.748361,59.873843,3.233333,10.000000,0.333333,-44.227310,53.321482,3.324601,C,200,40,-42.235721,53.504706,-42.575449,56.215980,2.726498,0.008119
96.000000,9.800000,9.600000,-43.429983,54.775726,41.942180,2.775376,-3.742445,59.765653,3.266667,10.000000,0.333333,-45.010768,51.779747,3.387444,C,200,40,-43.026391,52.029243,-43.459873,54.729861,2.775979,0.054746
97.000000,9.900000,9.700000,-44.231562,53.314565,41.922380,2.753731,-4.732371,59.624393,3.300000,10.000000,0.333333,-45.695483,50.292064,3.358360,C,200,40,-43.720524,50.607555,-44.242173,53.291097,2.754825,0.025756
98.000000,10.000000,9.800000,-44.983999,51.827502,41.925216,2.728734,-5.717039,59.450220,3.333333,10.000000,0.333333,-46.353924,48.781890,3.339528,C,200,40,-44.390576,49.163026,-44.999755,51.828141,2.729759,0.015769
99.000000,10.100000,9.900000,-45.686459,50.316187,41.902578,2.695665,-6.695355,59.243328,3.366667,10.000000,0.333333,-46.939435,47.263899,3.299456,C,200,40,-44.989879,47.710256,-45.685089,50.352528,2.697424,0.036366
